1,1960-09-04,15:00,90,1,Regulier,3,2
2,1960-09-04,15:00,553,30,Regulier,5,0
3,1960-09-04,15:00,246,35,Regulier,0,7
4,1960-09-04,15:00,373,16,Regulier,0,2
5,1960-09-04,15:00,13,33,Regulier,1,0
6,1960-09-04,15:00,2,3434,Regulier,2,1
7,1960-09-04,15:00,3,10,Regulier,1,2
8,1960-09-04,15:00,4,7,Regulier,2,1
9,1960-09-11,15:00,35,4,Regulier,2,3
10,1960-09-11,15:00,33,553,Regulier,1,3
11,1960-09-11,15:00,16,90,Regulier,3,0
12,1960-09-11,15:00,7,13,Regulier,3,0
13,1960-09-11,15:00,1,2,Regulier,2,3
14,1960-09-11,15:00,3434,3,Regulier,1,1
15,1960-09-11,15:00,30,246,Regulier,1,0
16,1960-09-11,15:00,10,373,Regulier,3,0
17,1960-09-18,15:00,13,30,Regulier,3,0
18,1960-09-18,15:00,16,246,Regulier,0,0
19,1960-09-18,15:00,3,33,Regulier,1,1
20,1960-09-18,15:00,90,35,Regulier,0,0
21,1960-09-18,15:00,2,7,Regulier,3,1
22,1960-09-18,15:00,373,3434,Regulier,2,0
23,1960-09-18,15:00,10,1,Regulier,0,1
24,1960-09-18,15:00,553,4,Regulier,0,1
25,1960-09-25,15:00,33,90,Regulier,0,4
26,1960-09-25,15:00,1,3,Regulier,0,0
27,1960-09-25,15:00,7,373,Regulier,3,0
28,1960-09-25,15:00,4,10,Regulier,2,1
29,1960-09-25,15:00,246,13,Regulier,4,1
30,1960-09-25,15:00,3434,16,Regulier,0,3
31,1960-09-25,15:00,30,2,Regulier,3,4
32,1960-09-25,15:00,35,553,Regulier,3,1
33,1960-10-09,15:00,373,35,Regulier,2,2
34,1960-10-09,15:00,7,246,Regulier,1,1
35,1960-10-09,15:00,3434,30,Regulier,0,2
36,1960-10-09,15:00,16,33,Regulier,5,2
37,1960-10-09,15:00,10,90,Regulier,5,2
38,1960-10-09,15:00,13,1,Regulier,2,1
39,1960-10-09,15:00,3,553,Regulier,0,0
40,1960-10-09,15:00,2,4,Regulier,1,1
41,1960-10-16,15:00,33,10,Regulier,1,0
42,1960-10-16,15:00,4,16,Regulier,0,0
43,1960-10-16,15:00,35,30,Regulier,4,0
44,1960-10-16,15:00,90,373,Regulier,3,0
45,1960-10-16,15:00,246,2,Regulier,2,1
46,1960-10-16,15:00,1,3434,Regulier,2,2
47,1960-10-16,15:00,3,13,Regulier,3,2
48,1960-10-16,15:00,553,7,Regulier,2,2
49,1960-10-23,15:00,16,35,Regulier,2,1
50,1960-10-23,15:00,373,4,Regulier,1,0
51,1960-10-23,15:00,2,13,Regulier,0,0
52,1960-10-23,15:00,1,33,Regulier,4,1
53,1960-10-23,15:00,90,3,Regulier,3,1
54,1960-10-23,15:00,10,246,Regulier,1,0
55,1960-10-23,15:00,3434,553,Regulier,2,1
56,1960-10-23,15:00,30,7,Regulier,1,0
57,1960-11-06,15:00,246,3434,Regulier,1,0
58,1960-11-06,15:00,553,1,Regulier,3,1
59,1960-11-06,15:00,30,373,Regulier,2,0
60,1960-11-06,15:00,7,90,Regulier,1,2
61,1960-11-06,15:00,35,33,Regulier,2,2
62,1960-11-06,15:00,13,16,Regulier,1,2
63,1960-11-06,15:00,4,3,Regulier,1,1
64,1960-11-06,15:00,2,10,Regulier,1,3
65,1960-11-13,15:00,10,35,Regulier,0,2
66,1960-11-13,15:00,16,30,Regulier,2,1
67,1960-11-13,15:00,3434,13,Regulier,0,1
68,1960-11-13,15:00,90,553,Regulier,3,1
69,1960-11-13,15:00,373,246,Regulier,1,1
70,1960-11-13,15:00,1,7,Regulier,1,3
71,1960-11-13,15:00,3,2,Regulier,4,2
72,1960-11-13,15:00,33,4,Regulier,0,1
73,1960-11-27,15:00,7,16,Regulier,2,1
74,1960-11-27,15:00,35,1,Regulier,3,2
75,1960-11-27,15:00,246,3,Regulier,3,0
76,1960-11-27,15:00,553,373,Regulier,2,1
77,1960-11-27,15:00,13,90,Regulier,9,2
78,1960-11-27,15:00,2,33,Regulier,2,0
79,1960-11-27,15:00,4,3434,Regulier,3,1
80,1960-11-27,15:00,30,10,Regulier,3,2
81,1960-12-04,14:45,90,3434,Regulier,2,0
82,1960-12-04,14:45,4,13,Regulier,3,2
83,1960-12-04,15:00,3,373,Regulier,2,0
84,1960-12-04,15:00,1,30,Regulier,2,1
85,1960-12-04,15:00,553,246,Regulier,5,0
86,1960-12-04,15:00,33,7,Regulier,2,2
87,1960-12-04,16:00,10,16,Regulier,0,0
88,1960-12-04,19:30,35,2,Regulier,1,0
89,1960-12-11,14:45,90,4,Regulier,2,2
90,1960-12-11,14:45,3,7,Regulier,0,1
91,1960-12-11,14:45,3434,35,Regulier,0,1
92,1960-12-11,14:45,16,553,Regulier,1,2
93,1960-12-11,14:45,10,13,Regulier,1,3
94,1960-12-11,14:45,1,246,Regulier,1,0
95,1960-12-11,14:45,373,2,Regulier,1,0
96,1960-12-11,14:45,33,30,Regulier,2,0
97,1960-12-18,14:45,30,90,Regulier,3,1
98,1960-12-18,14:45,13,373,Regulier,1,1
99,1960-12-18,14:45,35,3,Regulier,0,0
100,1960-12-18,14:45,2,16,Regulier,3,1
101,1960-12-18,14:45,4,1,Regulier,1,1
102,1960-12-18,14:45,553,10,Regulier,4,0
103,1960-12-18,14:45,7,3434,Regulier,1,1
104,1960-12-18,14:45,246,33,Regulier,0,0
105,1960-12-24,17:00,7,10,Regulier,1,3
106,1960-12-24,17:00,13,35,Regulier,1,0
107,1960-12-25,14:45,2,553,Regulier,3,0
108,1960-12-25,14:45,373,1,Regulier,1,0
109,1960-12-25,15:00,3434,33,Regulier,3,2
110,1960-12-25,15:00,30,4,Regulier,1,1
111,1960-12-25,17:00,246,90,Regulier,1,1
112,1960-12-25,19:00,16,3,Regulier,2,2
113,1961-01-01,15:00,1,16,Regulier,1,4
114,1961-01-01,15:00,33,373,Regulier,1,3
115,1961-01-01,15:00,3,30,Regulier,4,1
116,1961-01-01,15:00,90,2,Regulier,1,2
117,1961-01-01,15:00,10,3434,Regulier,4,0
118,1961-01-01,15:00,35,7,Regulier,0,5
119,1961-01-01,15:00,553,13,Regulier,2,3
120,1961-01-01,15:00,4,246,Regulier,1,1
121,1961-01-08,14:45,30,553,Regulier,3,1
122,1961-01-08,14:45,3434,2,Regulier,0,1
123,1961-01-08,14:45,1,90,Regulier,5,1
124,1961-01-08,14:45,35,246,Regulier,1,1
125,1961-01-08,14:45,10,3,Regulier,4,1
126,1961-01-08,14:45,7,4,Regulier,1,1
127,1961-01-08,15:00,33,13,Regulier,0,0
128,1961-01-08,18:00,16,373,Regulier,1,0
129,1961-01-15,15:00,90,16,Regulier,3,3
130,1961-01-15,15:00,3,3434,Regulier,3,1
131,1961-01-15,15:00,2,1,Regulier,1,1
132,1961-01-15,15:00,13,7,Regulier,2,0
133,1961-01-15,15:00,4,35,Regulier,0,0
134,1961-01-15,15:00,553,33,Regulier,4,0
135,1961-01-15,15:00,373,10,Regulier,1,0
136,1961-01-15,17:00,246,30,Regulier,0,0
137,1961-01-22,15:00,3434,373,Regulier,0,0
138,1961-01-22,15:00,246,16,Regulier,0,2
139,1961-01-22,15:00,30,13,Regulier,1,1
140,1961-01-22,15:00,1,10,Regulier,3,1
141,1961-01-22,15:00,33,3,Regulier,0,3
142,1961-01-22,15:00,35,90,Regulier,7,0
143,1961-01-22,15:00,7,2,Regulier,0,1
144,1961-01-22,15:00,4,553,Regulier,0,1
145,1961-01-29,15:00,16,3434,Regulier,4,0
146,1961-01-29,15:00,13,246,Regulier,3,1
147,1961-01-29,15:00,373,7,Regulier,3,2
148,1961-01-29,15:00,3,1,Regulier,1,1
149,1961-01-29,15:00,553,35,Regulier,2,4
150,1961-01-29,15:00,90,33,Regulier,1,0
151,1961-01-29,15:00,10,4,Regulier,0,9
152,1961-01-29,15:00,2,30,Regulier,2,2
153,1961-02-05,15:00,35,373,Regulier,1,0
154,1961-02-05,15:00,90,10,Regulier,2,0
155,1961-02-05,15:00,30,3434,Regulier,1,0
156,1961-02-05,15:00,246,7,Regulier,1,1
157,1961-02-05,15:00,33,16,Regulier,3,3
158,1961-02-05,15:00,4,2,Regulier,0,0
159,1961-02-05,15:00,1,13,Regulier,3,0
160,1961-02-05,15:00,553,3,Regulier,2,1
161,1961-02-12,15:00,16,4,Regulier,2,0
162,1961-02-12,15:00,10,33,Regulier,1,0
163,1961-02-12,15:00,373,90,Regulier,2,2
164,1961-02-12,15:00,3434,1,Regulier,2,0
165,1961-02-12,15:00,13,3,Regulier,2,3
166,1961-02-12,15:00,30,35,Regulier,1,2
167,1961-02-12,15:00,7,553,Regulier,4,2
168,1961-02-12,15:00,2,246,Regulier,1,1
169,1961-02-19,15:00,3,90,Regulier,2,2
170,1961-02-19,15:00,35,16,Regulier,1,1
171,1961-02-19,15:00,13,2,Regulier,2,1
172,1961-02-19,15:00,4,373,Regulier,1,0
173,1961-02-19,15:00,33,1,Regulier,2,2
174,1961-02-19,15:00,246,10,Regulier,1,0
175,1961-02-19,15:00,553,3434,Regulier,0,2
176,1961-02-19,15:00,7,30,Regulier,1,1
177,1961-02-26,15:00,16,13,Regulier,1,0
178,1961-02-26,15:00,33,35,Regulier,0,2
179,1961-02-26,15:00,90,7,Regulier,1,1
180,1961-02-26,15:00,3,246,Regulier,3,0
181,1961-02-26,15:00,10,2,Regulier,3,4
182,1961-02-26,15:00,3434,4,Regulier,1,3
183,1961-02-26,15:00,1,553,Regulier,1,0
184,1961-02-26,15:00,373,30,Regulier,3,1
185,1961-03-05,15:00,30,1,Regulier,2,2
186,1961-03-05,15:00,13,4,Regulier,0,2
187,1961-03-05,15:00,16,10,Regulier,2,0
188,1961-03-05,15:00,2,35,Regulier,1,0
189,1961-03-05,15:00,7,33,Regulier,0,2
190,1961-03-05,15:00,373,3,Regulier,4,0
191,1961-03-05,15:00,3434,90,Regulier,3,1
192,1961-03-05,15:00,246,553,Regulier,1,1
193,1961-03-26,15:00,33,3434,Regulier,2,0
194,1961-03-26,15:00,90,246,Regulier,2,2
195,1961-03-26,15:00,553,2,Regulier,2,1
196,1961-03-26,15:00,10,7,Regulier,2,1
197,1961-03-26,15:00,35,13,Regulier,1,0
198,1961-03-26,15:00,1,373,Regulier,2,0
199,1961-03-26,15:00,4,30,Regulier,2,0
200,1961-03-26,18:00,3,16,Regulier,1,1
201,1961-04-09,15:00,7,35,Regulier,3,1
202,1961-04-09,15:00,30,3,Regulier,6,2
203,1961-04-09,15:00,2,90,Regulier,0,0
204,1961-04-09,15:00,3434,10,Regulier,1,1
205,1961-04-09,15:00,373,33,Regulier,1,0
206,1961-04-09,15:00,16,1,Regulier,2,0
207,1961-04-09,15:00,246,4,Regulier,0,3
208,1961-04-09,15:00,13,553,Regulier,0,0
209,1961-04-16,15:00,35,10,Regulier,3,0
210,1961-04-16,15:00,13,3434,Regulier,3,2
211,1961-04-16,15:00,246,1,Regulier,2,0
212,1961-04-16,15:00,30,16,Regulier,0,6
213,1961-04-16,15:00,7,3,Regulier,4,1
214,1961-04-16,15:00,553,90,Regulier,1,0
215,1961-04-16,15:00,2,373,Regulier,0,3
216,1961-04-16,15:00,4,33,Regulier,1,0
217,1961-04-23,15:00,16,7,Regulier,3,1
218,1961-04-23,15:00,1,35,Regulier,0,2
219,1961-04-23,15:00,90,13,Regulier,1,1
220,1961-04-23,15:00,373,553,Regulier,0,0
221,1961-04-23,15:00,10,30,Regulier,4,4
222,1961-04-23,15:00,3434,246,Regulier,2,2
223,1961-04-23,15:00,3,4,Regulier,1,1
224,1961-04-23,15:00,33,2,Regulier,2,1
225,1961-04-30,15:00,553,16,Regulier,1,1
226,1961-04-30,15:00,35,3434,Regulier,0,1
227,1961-04-30,15:00,246,373,Regulier,1,2
228,1961-04-30,15:00,13,10,Regulier,3,0
229,1961-04-30,15:00,4,90,Regulier,3,1
230,1961-04-30,15:00,2,3,Regulier,1,0
231,1961-04-30,15:00,7,1,Regulier,1,2
232,1961-04-30,15:00,30,33,Regulier,1,1
233,1961-05-07,15:00,373,13,Regulier,0,0
234,1961-05-07,15:00,3,35,Regulier,3,2
235,1961-05-07,15:00,16,2,Regulier,7,0
236,1961-05-07,15:00,90,30,Regulier,1,3
237,1961-05-07,15:00,10,553,Regulier,0,1
238,1961-05-07,15:00,3434,7,Regulier,0,5
239,1961-05-07,15:00,33,246,Regulier,0,0
240,1961-05-07,15:00,1,4,Regulier,3,2
241,1961-09-03,15:00,1,4,Regulier,3,1
242,1961-09-03,15:00,373,246,Regulier,3,0
243,1961-09-03,15:00,16,13,Regulier,1,1
244,1961-09-03,15:00,30,90,Regulier,2,3
245,1961-09-03,15:00,35,553,Regulier,6,1
246,1961-09-03,15:00,12,41,Regulier,3,1
247,1961-09-03,15:00,10,3,Regulier,1,2
248,1961-09-03,19:30,7,2,Regulier,2,2
249,1961-09-10,15:00,90,373,Regulier,3,2
250,1961-09-10,15:00,3,16,Regulier,3,2
251,1961-09-10,15:00,2,1,Regulier,1,4
252,1961-09-10,15:00,13,30,Regulier,2,2
253,1961-09-10,15:00,41,35,Regulier,0,3
254,1961-09-10,15:00,246,10,Regulier,1,0
255,1961-09-10,15:00,553,7,Regulier,1,3
256,1961-09-10,15:00,4,12,Regulier,3,0
257,1961-09-17,15:00,16,2,Regulier,1,1
258,1961-09-17,15:00,3,90,Regulier,1,0
259,1961-09-17,15:00,373,13,Regulier,1,2
260,1961-09-17,15:00,246,12,Regulier,7,2
261,1961-09-17,15:00,1,35,Regulier,1,4
262,1961-09-17,15:00,7,41,Regulier,1,0
263,1961-09-17,15:00,10,4,Regulier,0,0
264,1961-09-17,15:00,30,553,Regulier,2,4
265,1961-09-24,15:00,90,10,Regulier,2,0
266,1961-09-24,15:00,553,1,Regulier,1,1
267,1961-09-24,15:00,41,16,Regulier,0,1
268,1961-09-24,15:00,12,7,Regulier,1,3
269,1961-09-24,15:00,35,3,Regulier,2,0
270,1961-09-24,15:00,4,30,Regulier,1,0
271,1961-09-24,15:00,13,246,Regulier,2,0
272,1961-09-24,15:00,2,373,Regulier,1,1
273,1961-10-01,15:00,373,7,Regulier,1,2
274,1961-10-01,15:00,90,553,Regulier,2,0
275,1961-10-01,15:00,4,35,Regulier,1,2
276,1961-10-01,15:00,10,41,Regulier,1,0
277,1961-10-01,15:00,246,16,Regulier,1,2
278,1961-10-01,15:00,1,13,Regulier,0,1
279,1961-10-01,15:00,3,2,Regulier,1,1
280,1961-10-01,15:00,30,12,Regulier,3,5
281,1961-10-08,15:00,2,246,Regulier,1,3
282,1961-10-08,15:00,12,3,Regulier,0,2
283,1961-10-08,15:00,553,10,Regulier,1,1
284,1961-10-08,15:00,16,4,Regulier,2,1
285,1961-10-08,15:00,35,30,Regulier,1,1
286,1961-10-08,15:00,41,373,Regulier,2,2
287,1961-10-08,15:00,13,90,Regulier,1,1
288,1961-10-08,15:00,7,1,Regulier,2,6
289,1961-10-15,15:00,3,30,Regulier,1,4
290,1961-10-15,15:00,10,1,Regulier,1,3
291,1961-10-15,15:00,373,553,Regulier,4,1
292,1961-10-15,15:00,16,12,Regulier,7,1
293,1961-10-15,15:00,13,4,Regulier,1,2
294,1961-10-15,15:00,90,41,Regulier,1,2
295,1961-10-15,15:00,246,7,Regulier,0,0
296,1961-10-15,15:00,2,35,Regulier,0,2
297,1961-10-22,15:00,553,16,Regulier,2,0
298,1961-10-22,15:00,35,10,Regulier,1,1
299,1961-10-22,15:00,4,90,Regulier,2,1
300,1961-10-22,15:00,7,3,Regulier,0,0
301,1961-10-22,15:00,1,246,Regulier,0,3
302,1961-10-22,15:00,30,373,Regulier,1,3
303,1961-10-22,15:00,12,13,Regulier,0,0
304,1961-10-22,15:00,41,2,Regulier,3,1
305,1961-10-29,15:00,16,30,Regulier,4,1
306,1961-10-29,15:00,12,1,Regulier,3,1
307,1961-10-29,15:00,2,90,Regulier,3,0
308,1961-10-29,15:00,13,10,Regulier,2,1
309,1961-10-29,15:00,7,35,Regulier,1,5
310,1961-10-29,15:00,41,553,Regulier,5,3
311,1961-10-29,15:00,373,3,Regulier,1,2
312,1961-10-29,15:00,246,4,Regulier,0,0
313,1961-11-04,19:30,35,12,Regulier,2,1
314,1961-11-05,15:00,553,13,Regulier,1,1
315,1961-11-05,15:00,1,373,Regulier,1,1
316,1961-11-05,15:00,4,7,Regulier,4,0
317,1961-11-05,15:00,30,41,Regulier,1,2
318,1961-11-05,15:00,90,16,Regulier,0,5
319,1961-11-05,15:00,3,246,Regulier,3,0
320,1961-11-05,15:00,10,2,Regulier,2,3
321,1961-11-19,15:00,373,10,Regulier,1,3
322,1961-11-19,15:00,2,4,Regulier,1,2
323,1961-11-19,15:00,16,35,Regulier,2,1
324,1961-11-19,15:00,41,1,Regulier,1,1
325,1961-11-19,15:00,13,3,Regulier,1,0
326,1961-11-19,15:00,7,30,Regulier,3,1
327,1961-11-19,15:00,246,90,Regulier,0,0
328,1961-11-19,15:00,12,553,Regulier,5,1
329,1961-11-26,15:00,3,41,Regulier,3,0
330,1961-11-26,15:00,13,2,Regulier,2,2
331,1961-11-26,15:00,10,16,Regulier,0,2
332,1961-11-26,15:00,373,12,Regulier,0,0
333,1961-11-26,15:00,4,553,Regulier,0,2
334,1961-11-26,15:00,90,7,Regulier,0,1
335,1961-11-26,15:00,246,35,Regulier,1,3
336,1961-11-26,15:00,30,1,Regulier,5,1
337,1961-12-03,14:45,30,2,Regulier,1,2
338,1961-12-03,14:45,1,3,Regulier,1,1
339,1961-12-03,14:45,16,373,Regulier,2,0
340,1961-12-03,14:45,35,90,Regulier,2,0
341,1961-12-03,14:45,41,4,Regulier,1,0
342,1961-12-03,14:45,7,13,Regulier,3,0
343,1961-12-03,14:45,553,246,Regulier,1,1
344,1961-12-03,14:45,12,10,Regulier,1,4
345,1961-12-10,14:45,246,41,Regulier,1,2
346,1961-12-10,14:45,16,7,Regulier,0,0
347,1961-12-10,14:45,13,35,Regulier,1,5
348,1961-12-10,14:45,2,12,Regulier,5,0
349,1961-12-10,14:45,10,30,Regulier,3,1
350,1961-12-10,14:45,373,4,Regulier,0,1
351,1961-12-10,14:45,90,1,Regulier,1,2
352,1961-12-10,14:45,3,553,Regulier,1,0
353,1961-12-17,14:45,41,13,Regulier,0,0
354,1961-12-17,14:45,35,373,Regulier,3,2
355,1961-12-17,14:45,30,246,Regulier,1,0
356,1961-12-17,14:45,1,16,Regulier,2,0
357,1961-12-17,14:45,12,90,Regulier,5,0
358,1961-12-17,14:45,4,3,Regulier,1,0
359,1961-12-17,14:45,553,2,Regulier,1,2
360,1961-12-17,14:45,7,10,Regulier,0,1
361,1961-12-31,14:45,13,16,Regulier,0,1
362,1961-12-31,14:45,553,35,Regulier,0,4
363,1961-12-31,14:45,4,1,Regulier,0,0
364,1961-12-31,14:45,90,30,Regulier,1,0
365,1961-12-31,14:45,3,10,Regulier,3,1
366,1961-12-31,14:45,2,7,Regulier,0,0
367,1961-12-31,15:00,41,12,Regulier,2,0
368,1961-12-31,15:00,246,373,Regulier,0,2
369,1962-01-07,14:45,16,3,Regulier,3,0
370,1962-01-07,14:45,1,2,Regulier,3,1
371,1962-01-07,14:45,35,41,Regulier,3,2
372,1962-01-07,14:45,30,13,Regulier,2,1
373,1962-01-07,15:00,10,246,Regulier,1,0
374,1962-01-07,15:00,373,90,Regulier,5,1
375,1962-01-07,15:00,12,4,Regulier,3,0
376,1962-01-07,15:00,7,553,Regulier,2,2
377,1962-01-14,14:45,35,4,Regulier,1,0
378,1962-01-14,14:45,2,3,Regulier,1,1
379,1962-01-14,14:45,13,1,Regulier,1,1
380,1962-01-14,14:45,553,90,Regulier,2,2
381,1962-01-14,14:45,16,246,Regulier,1,0
382,1962-01-14,14:45,41,10,Regulier,3,1
383,1962-01-14,14:45,12,30,Regulier,1,2
384,1962-01-14,14:45,7,373,Regulier,3,0
385,1962-01-21,15:00,3,12,Regulier,1,1
386,1962-01-21,15:00,30,35,Regulier,2,3
387,1962-01-21,15:00,10,553,Regulier,2,1
388,1962-01-21,15:00,4,16,Regulier,1,0
389,1962-01-21,15:00,373,41,Regulier,2,0
390,1962-01-21,15:00,246,2,Regulier,3,0
391,1962-01-21,15:00,1,7,Regulier,2,1
392,1962-01-21,15:00,90,13,Regulier,0,0
393,1962-01-28,15:00,35,246,Regulier,3,0
394,1962-01-28,15:00,41,3,Regulier,0,4
395,1962-01-28,15:00,1,30,Regulier,1,1
396,1962-01-28,15:00,16,10,Regulier,2,0
397,1962-01-28,15:00,12,373,Regulier,0,0
398,1962-01-28,15:00,553,4,Regulier,2,2
399,1962-01-28,15:00,2,13,Regulier,3,1
400,1962-01-28,15:00,7,90,Regulier,2,1
401,1962-02-04,15:00,90,35,Regulier,0,0
402,1962-02-04,15:00,373,16,Regulier,3,1
403,1962-02-04,15:00,2,30,Regulier,1,2
404,1962-02-04,15:00,4,41,Regulier,1,1
405,1962-02-04,15:00,13,7,Regulier,5,0
406,1962-02-04,15:00,246,553,Regulier,3,0
407,1962-02-04,15:00,3,1,Regulier,0,2
408,1962-02-04,15:00,10,12,Regulier,1,1
409,1962-02-11,15:00,35,7,Regulier,4,2
410,1962-02-11,15:00,553,41,Regulier,2,0
411,1962-02-11,15:00,90,2,Regulier,1,3
412,1962-02-11,15:00,10,13,Regulier,3,0
413,1962-02-11,15:00,3,373,Regulier,2,2
414,1962-02-11,15:00,1,12,Regulier,5,1
415,1962-02-11,15:00,4,246,Regulier,2,0
416,1962-02-11,15:00,30,16,Regulier,2,1
417,1962-02-18,15:00,246,3,Regulier,2,2
418,1962-02-18,15:00,2,10,Regulier,1,0
419,1962-02-18,15:00,7,4,Regulier,0,0
420,1962-02-18,15:00,16,90,Regulier,3,1
421,1962-02-18,15:00,13,553,Regulier,0,2
422,1962-02-18,15:00,12,35,Regulier,0,3
423,1962-02-18,15:00,373,1,Regulier,2,3
424,1962-02-18,15:00,41,30,Regulier,0,0
425,1962-02-24,18:00,10,373,Regulier,2,0
426,1962-02-25,15:00,90,246,Regulier,0,2
427,1962-02-25,15:00,35,16,Regulier,2,0
428,1962-02-25,15:00,553,12,Regulier,2,0
429,1962-02-25,15:00,3,13,Regulier,1,0
430,1962-02-25,15:00,1,41,Regulier,2,2
431,1962-02-25,15:00,4,2,Regulier,0,0
432,1962-02-25,15:00,30,7,Regulier,2,1
433,1962-03-18,15:00,1,10,Regulier,2,1
434,1962-03-18,15:00,12,16,Regulier,2,1
435,1962-03-18,15:00,30,3,Regulier,2,1
436,1962-03-18,15:00,35,2,Regulier,2,0
437,1962-03-18,15:00,4,13,Regulier,2,0
438,1962-03-18,15:00,41,90,Regulier,2,3
439,1962-03-18,15:00,7,246,Regulier,2,0
440,1962-03-18,15:00,553,373,Regulier,1,1
441,1962-03-25,15:00,16,553,Regulier,2,0
442,1962-03-25,15:00,90,4,Regulier,0,2
443,1962-03-25,15:00,10,35,Regulier,0,0
444,1962-03-25,15:00,2,41,Regulier,1,0
445,1962-03-25,15:00,246,1,Regulier,2,2
446,1962-03-25,15:00,3,7,Regulier,2,1
447,1962-03-25,15:00,13,12,Regulier,3,0
448,1962-03-25,15:00,373,30,Regulier,3,3
449,1962-04-08,15:00,90,3,Regulier,0,1
450,1962-04-08,15:00,2,16,Regulier,3,5
451,1962-04-08,15:00,13,373,Regulier,0,1
452,1962-04-08,15:00,35,1,Regulier,3,5
453,1962-04-08,15:00,4,10,Regulier,0,0
454,1962-04-08,15:00,12,246,Regulier,1,1
455,1962-04-08,15:00,41,7,Regulier,4,2
456,1962-04-08,15:00,553,30,Regulier,3,1
457,1962-04-15,15:00,30,4,Regulier,2,2
458,1962-04-15,15:00,10,90,Regulier,4,1
459,1962-04-15,15:00,373,2,Regulier,3,0
460,1962-04-15,15:00,16,41,Regulier,4,3
461,1962-04-15,15:00,7,12,Regulier,0,1
462,1962-04-15,15:00,3,35,Regulier,1,1
463,1962-04-15,15:00,246,13,Regulier,0,0
464,1962-04-15,15:00,1,553,Regulier,5,2
465,1962-04-29,15:00,35,13,Regulier,1,1
466,1962-04-29,15:00,41,246,Regulier,2,2
467,1962-04-29,15:00,7,16,Regulier,0,2
468,1962-04-29,15:00,1,90,Regulier,7,0
469,1962-04-29,15:00,30,10,Regulier,1,0
470,1962-04-29,15:00,12,2,Regulier,0,4
471,1962-04-29,15:00,553,3,Regulier,3,1
472,1962-04-29,15:00,4,373,Regulier,2,1
473,1962-05-06,15:00,90,12,Regulier,0,1
474,1962-05-06,15:00,373,35,Regulier,3,3
475,1962-05-06,15:00,16,1,Regulier,0,0
476,1962-05-06,15:00,10,7,Regulier,1,4
477,1962-05-06,15:00,246,30,Regulier,4,1
478,1962-05-06,15:00,13,41,Regulier,3,0
479,1962-05-06,15:00,3,4,Regulier,1,1
480,1962-05-06,15:00,2,553,Regulier,2,1
481,1962-09-02,15:00,4,30,Regulier,5,0
482,1962-09-02,15:00,373,16,Regulier,1,2
483,1962-09-02,15:00,10,12,Regulier,1,3
484,1962-09-02,15:00,3,13,Regulier,2,0
485,1962-09-02,15:00,522,28,Regulier,5,2
486,1962-09-02,15:00,246,2,Regulier,0,2
487,1962-09-02,19:30,1,7,Regulier,5,3
488,1962-09-02,19:30,35,41,Regulier,2,0
489,1962-09-09,15:00,30,3,Regulier,2,0
490,1962-09-09,15:00,16,1,Regulier,1,2
491,1962-09-09,15:00,12,373,Regulier,3,1
492,1962-09-09,15:00,13,35,Regulier,1,1
493,1962-09-09,15:00,2,4,Regulier,3,1
494,1962-09-09,15:00,7,522,Regulier,4,2
495,1962-09-09,15:00,41,246,Regulier,3,0
496,1962-09-09,16:00,28,10,Regulier,1,0
497,1962-09-16,15:00,1,30,Regulier,0,2
498,1962-09-16,15:00,12,35,Regulier,1,1
499,1962-09-16,15:00,373,13,Regulier,4,2
500,1962-09-16,15:00,522,2,Regulier,7,1
501,1962-09-16,15:00,10,7,Regulier,0,1
502,1962-09-16,15:00,246,3,Regulier,1,0
503,1962-09-16,15:00,28,16,Regulier,1,0
504,1962-09-16,15:00,4,41,Regulier,2,1
505,1962-09-23,15:00,13,246,Regulier,1,1
506,1962-09-23,15:00,16,522,Regulier,0,0
507,1962-09-23,15:00,41,1,Regulier,1,1
508,1962-09-23,15:00,7,12,Regulier,3,0
509,1962-09-23,15:00,3,28,Regulier,1,0
510,1962-09-23,15:00,2,373,Regulier,1,2
511,1962-09-23,15:00,30,10,Regulier,1,1
512,1962-09-23,19:30,35,4,Regulier,3,1
513,1962-09-30,15:00,522,373,Regulier,0,0
514,1962-09-30,15:00,4,16,Regulier,0,1
515,1962-09-30,15:00,12,2,Regulier,2,1
516,1962-09-30,15:00,28,35,Regulier,1,0
517,1962-09-30,15:00,30,41,Regulier,3,1
518,1962-09-30,15:00,10,13,Regulier,1,0
519,1962-09-30,15:00,7,246,Regulier,2,2
520,1962-09-30,15:00,1,3,Regulier,1,3
521,1962-10-07,15:00,41,522,Regulier,2,0
522,1962-10-07,15:00,35,1,Regulier,3,1
523,1962-10-07,15:00,13,30,Regulier,0,0
524,1962-10-07,15:00,246,4,Regulier,1,2
525,1962-10-07,15:00,2,28,Regulier,0,0
526,1962-10-07,15:00,16,7,Regulier,4,0
527,1962-10-07,15:00,373,10,Regulier,1,2
528,1962-10-07,15:00,3,12,Regulier,1,3
529,1962-10-21,15:00,28,13,Regulier,0,1
530,1962-10-21,15:00,373,41,Regulier,5,1
531,1962-10-21,15:00,16,246,Regulier,2,0
532,1962-10-21,15:00,522,1,Regulier,3,0
533,1962-10-21,15:00,7,4,Regulier,1,0
534,1962-10-21,15:00,12,30,Regulier,0,1
535,1962-10-21,15:00,2,3,Regulier,1,1
536,1962-10-21,19:30,10,35,Regulier,1,1
537,1962-10-28,15:00,1,28,Regulier,1,0
538,1962-10-28,15:00,13,2,Regulier,3,0
539,1962-10-28,15:00,41,10,Regulier,3,2
540,1962-10-28,15:00,30,522,Regulier,2,1
541,1962-10-28,15:00,35,16,Regulier,4,2
542,1962-10-28,15:00,4,12,Regulier,3,2
543,1962-10-28,15:00,246,373,Regulier,0,0
544,1962-10-28,15:00,3,7,Regulier,5,3
545,1962-11-11,15:00,3,35,Regulier,0,0
546,1962-11-11,15:00,373,7,Regulier,3,1
547,1962-11-11,15:00,13,1,Regulier,1,2
548,1962-11-11,15:00,16,41,Regulier,0,0
549,1962-11-11,15:00,246,30,Regulier,1,1
550,1962-11-11,15:00,28,12,Regulier,0,2
551,1962-11-11,15:00,522,4,Regulier,0,1
552,1962-11-11,15:00,2,10,Regulier,2,0
553,1962-11-18,15:00,30,28,Regulier,1,3
554,1962-11-18,15:00,35,246,Regulier,3,1
555,1962-11-18,15:00,12,16,Regulier,1,1
556,1962-11-18,15:00,10,522,Regulier,3,4
557,1962-11-18,15:00,1,373,Regulier,2,1
558,1962-11-18,15:00,41,13,Regulier,1,0
559,1962-11-18,15:00,4,3,Regulier,2,0
560,1962-11-18,15:00,7,2,Regulier,1,2
561,1962-11-25,15:00,28,7,Regulier,1,1
562,1962-11-25,15:00,3,41,Regulier,1,0
563,1962-11-25,15:00,246,1,Regulier,4,1
564,1962-11-25,15:00,373,35,Regulier,3,1
565,1962-11-25,15:00,2,30,Regulier,3,1
566,1962-11-25,15:00,16,10,Regulier,5,0
567,1962-11-25,15:00,522,12,Regulier,3,1
568,1962-11-25,15:00,13,4,Regulier,1,0
569,1962-12-09,14:30,30,35,Regulier,2,1
570,1962-12-09,14:30,7,41,Regulier,4,2
571,1962-12-09,14:30,1,4,Regulier,5,1
572,1962-12-09,14:30,16,2,Regulier,1,0
573,1962-12-09,14:30,12,13,Regulier,1,0
574,1962-12-09,14:30,522,246,Regulier,1,0
575,1962-12-09,14:30,28,373,Regulier,0,1
576,1962-12-09,14:30,10,3,Regulier,1,2
577,1962-12-16,14:30,41,28,Regulier,1,2
578,1962-12-16,14:30,13,16,Regulier,0,0
579,1962-12-16,14:30,246,12,Regulier,1,0
580,1962-12-16,14:30,3,522,Regulier,3,1
581,1962-12-16,14:30,30,7,Regulier,2,1
582,1962-12-16,14:30,35,2,Regulier,2,1
583,1962-12-16,14:30,1,10,Regulier,4,1
584,1962-12-16,14:30,4,373,Regulier,1,0
585,1962-12-23,14:30,16,30,Regulier,1,0
586,1962-12-23,14:30,522,35,Regulier,0,2
587,1962-12-23,14:30,10,246,Regulier,0,0
588,1962-12-23,14:30,373,3,Regulier,1,1
589,1962-12-23,14:30,7,13,Regulier,3,1
590,1962-12-23,14:30,12,1,Regulier,0,1
591,1962-12-23,14:30,2,41,Regulier,1,2
592,1962-12-23,14:30,28,4,Regulier,0,1
593,1963-03-10,15:00,30,373,Regulier,1,0
594,1963-03-10,15:00,3,16,Regulier,0,1
595,1963-03-10,15:00,35,7,Regulier,4,2
596,1963-03-10,15:00,13,522,Regulier,1,1
597,1963-03-10,15:00,41,12,Regulier,1,1
598,1963-03-10,15:00,1,2,Regulier,2,1
599,1963-03-10,15:00,4,10,Regulier,3,0
600,1963-03-10,15:00,246,28,Regulier,2,0
601,1963-03-17,15:00,41,35,Regulier,1,3
602,1963-03-17,15:00,30,4,Regulier,2,0
603,1963-03-17,15:00,28,522,Regulier,3,1
604,1963-03-17,15:00,16,373,Regulier,1,2
605,1963-03-17,15:00,7,1,Regulier,1,0
606,1963-03-17,15:00,12,10,Regulier,1,0
607,1963-03-17,15:00,13,3,Regulier,0,0
608,1963-03-17,15:00,2,246,Regulier,3,1
609,1963-03-24,15:00,3,30,Regulier,2,1
610,1963-03-24,15:00,1,16,Regulier,0,1
611,1963-03-24,15:00,522,7,Regulier,0,1
612,1963-03-24,15:00,10,28,Regulier,3,0
613,1963-03-24,15:00,373,12,Regulier,1,1
614,1963-03-24,15:00,35,13,Regulier,1,1
615,1963-03-24,15:00,246,41,Regulier,0,1
616,1963-03-24,15:00,4,2,Regulier,4,1
617,1963-03-31,15:00,16,4,Regulier,3,1
618,1963-03-31,15:00,35,28,Regulier,0,0
619,1963-03-31,15:00,373,522,Regulier,0,1
620,1963-03-31,15:00,3,1,Regulier,4,1
621,1963-03-31,15:00,13,10,Regulier,0,1
622,1963-03-31,15:00,2,12,Regulier,2,1
623,1963-03-31,15:00,41,30,Regulier,4,1
624,1963-03-31,15:00,246,7,Regulier,1,2
625,1963-04-07,15:00,1,35,Regulier,3,1
626,1963-04-07,15:00,522,41,Regulier,1,2
627,1963-04-07,15:00,30,13,Regulier,0,3
628,1963-04-07,15:00,4,246,Regulier,3,0
629,1963-04-07,15:00,12,3,Regulier,0,2
630,1963-04-07,18:00,28,2,Regulier,0,2
631,1963-04-07,19:30,10,373,Regulier,2,2
632,1963-04-07,20:00,7,16,Regulier,1,2
633,1963-04-14,15:00,41,7,Regulier,1,0
634,1963-04-14,15:00,3,10,Regulier,1,1
635,1963-04-14,15:00,373,28,Regulier,2,0
636,1963-04-14,16:00,4,1,Regulier,0,1
637,1963-04-14,17:00,246,522,Regulier,2,0
638,1963-04-14,17:30,35,30,Regulier,0,1
639,1963-04-14,19:00,13,12,Regulier,0,0
640,1963-04-14,20:00,2,16,Regulier,3,1
641,1963-04-21,15:00,12,246,Regulier,1,0
642,1963-04-21,15:00,28,41,Regulier,2,1
643,1963-04-21,15:00,522,3,Regulier,1,0
644,1963-04-21,15:00,7,30,Regulier,3,2
645,1963-04-21,15:00,373,4,Regulier,0,0
646,1963-04-21,19:30,16,13,Regulier,2,0
647,1963-04-21,19:30,10,1,Regulier,1,3
648,1963-04-21,20:00,2,35,Regulier,2,0
649,1963-04-28,15:00,246,16,Regulier,1,2
650,1963-04-28,15:00,41,373,Regulier,0,0
651,1963-04-28,15:00,4,7,Regulier,3,5
652,1963-04-28,15:00,3,2,Regulier,0,3
653,1963-04-28,15:00,30,12,Regulier,6,0
654,1963-04-28,15:00,13,28,Regulier,3,0
655,1963-04-28,19:30,35,10,Regulier,1,2
656,1963-04-28,19:30,1,522,Regulier,4,1
657,1963-05-05,15:00,28,1,Regulier,1,2
658,1963-05-05,15:00,522,30,Regulier,1,0
659,1963-05-05,15:00,16,35,Regulier,0,1
660,1963-05-05,15:00,12,4,Regulier,3,0
661,1963-05-05,15:00,373,246,Regulier,1,1
662,1963-05-05,19:30,10,41,Regulier,1,0
663,1963-05-05,19:30,2,13,Regulier,0,1
664,1963-05-05,20:00,7,3,Regulier,1,0
665,1963-05-08,15:00,35,3,Regulier,3,1
666,1963-05-08,15:00,30,246,Regulier,1,0
667,1963-05-08,15:00,41,16,Regulier,0,1
668,1963-05-08,15:00,12,28,Regulier,0,0
669,1963-05-08,15:00,1,13,Regulier,1,1
670,1963-05-08,15:00,4,522,Regulier,0,0
671,1963-05-08,19:30,10,2,Regulier,1,3
672,1963-05-08,19:30,7,373,Regulier,5,1
673,1963-05-12,15:00,28,30,Regulier,2,0
674,1963-05-12,15:00,373,1,Regulier,4,3
675,1963-05-12,16:00,3,4,Regulier,0,1
676,1963-05-12,17:00,522,10,Regulier,0,0
677,1963-05-12,17:00,246,35,Regulier,1,2
678,1963-05-12,19:30,16,12,Regulier,3,0
679,1963-05-12,20:00,2,7,Regulier,1,0
680,1963-05-12,20:00,13,41,Regulier,0,0
681,1963-05-15,15:00,30,2,Regulier,2,1
682,1963-05-15,15:00,41,3,Regulier,0,1
683,1963-05-15,15:00,12,522,Regulier,2,1
684,1963-05-15,16:00,7,28,Regulier,0,0
685,1963-05-15,19:00,1,246,Regulier,4,2
686,1963-05-15,19:30,10,16,Regulier,0,1
687,1963-05-15,19:30,4,13,Regulier,2,1
688,1963-05-15,19:30,35,373,Regulier,1,2
689,1963-05-19,15:00,13,373,Regulier,0,0
690,1963-05-19,15:00,30,1,Regulier,0,1
691,1963-05-19,15:00,41,4,Regulier,0,3
692,1963-05-19,15:00,16,28,Regulier,3,0
693,1963-05-19,15:00,3,246,Regulier,2,1
694,1963-05-19,17:00,2,522,Regulier,2,0
695,1963-05-19,19:30,35,12,Regulier,3,1
696,1963-05-19,20:00,7,10,Regulier,2,1
697,1963-05-26,15:00,4,35,Regulier,1,2
698,1963-05-26,15:00,522,16,Regulier,1,2
699,1963-05-26,15:00,28,3,Regulier,4,1
700,1963-05-26,15:00,1,41,Regulier,2,0
701,1963-05-26,15:00,12,7,Regulier,1,2
702,1963-05-26,15:00,246,13,Regulier,1,1
703,1963-05-26,15:00,373,2,Regulier,1,1
704,1963-05-26,19:00,10,30,Regulier,2,0
705,1963-06-02,15:00,30,16,Regulier,2,4
706,1963-06-02,15:00,246,10,Regulier,0,2
707,1963-06-02,15:00,35,522,Regulier,7,0
708,1963-06-02,15:00,3,373,Regulier,1,1
709,1963-06-02,15:00,13,7,Regulier,5,1
710,1963-06-02,15:00,4,28,Regulier,0,1
711,1963-06-02,15:00,1,12,Regulier,2,1
712,1963-06-02,15:00,41,2,Regulier,2,2
713,1963-06-08,19:15,16,3,Regulier,4,0
714,1963-06-08,20:00,7,35,Regulier,1,1
715,1963-06-09,15:00,373,30,Regulier,1,0
716,1963-06-09,15:00,28,246,Regulier,2,3
717,1963-06-09,15:00,522,13,Regulier,4,2
718,1963-06-09,15:00,12,41,Regulier,1,3
719,1963-06-09,15:00,10,4,Regulier,4,1
720,1963-06-09,19:30,2,1,Regulier,1,2
721,1963-09-08,15:00,373,3,Regulier,1,1
722,1963-09-08,15:00,35,28,Regulier,2,0
723,1963-09-08,15:00,13,30,Regulier,1,0
724,1963-09-08,15:00,522,4,Regulier,2,2
725,1963-09-08,15:00,16,41,Regulier,2,1
726,1963-09-08,15:00,12,148,Regulier,1,1
727,1963-09-08,20:00,1,25,Regulier,2,1
728,1963-09-08,20:00,7,2,Regulier,2,0
729,1963-09-15,15:00,41,35,Regulier,0,3
730,1963-09-15,15:00,2,522,Regulier,3,3
731,1963-09-15,15:00,30,16,Regulier,3,2
732,1963-09-15,15:00,4,1,Regulier,1,0
733,1963-09-15,15:00,3,13,Regulier,0,3
734,1963-09-15,15:00,25,12,Regulier,1,1
735,1963-09-15,15:00,28,373,Regulier,1,1
736,1963-09-15,15:00,148,7,Regulier,2,0
737,1963-09-22,15:00,35,13,Regulier,1,1
738,1963-09-22,15:00,12,2,Regulier,0,2
739,1963-09-22,15:00,25,16,Regulier,0,3
740,1963-09-22,15:00,522,28,Regulier,3,0
741,1963-09-22,15:00,373,30,Regulier,3,3
742,1963-09-22,15:00,1,41,Regulier,1,0
743,1963-09-22,15:00,4,148,Regulier,2,0
744,1963-09-22,20:00,7,3,Regulier,2,0
745,1963-09-29,15:00,148,1,Regulier,1,1
746,1963-09-29,15:00,3,35,Regulier,0,5
747,1963-09-29,15:00,30,522,Regulier,1,2
748,1963-09-29,15:00,28,12,Regulier,2,1
749,1963-09-29,15:00,16,373,Regulier,2,1
750,1963-09-29,15:00,2,25,Regulier,2,2
751,1963-09-29,15:00,13,4,Regulier,0,0
752,1963-09-29,15:00,41,7,Regulier,2,1
753,1963-10-06,15:00,12,3,Regulier,2,1
754,1963-10-06,15:00,7,16,Regulier,0,2
755,1963-10-06,15:00,41,13,Regulier,6,5
756,1963-10-06,15:00,25,522,Regulier,0,1
757,1963-10-06,15:00,1,30,Regulier,1,1
758,1963-10-06,15:00,35,373,Regulier,3,0
759,1963-10-06,15:00,4,28,Regulier,2,1
760,1963-10-06,15:00,148,2,Regulier,0,0
761,1963-10-13,15:00,16,148,Regulier,2,0
762,1963-10-13,15:00,2,35,Regulier,0,1
763,1963-10-13,15:00,28,25,Regulier,1,0
764,1963-10-13,15:00,13,7,Regulier,4,1
765,1963-10-13,15:00,373,12,Regulier,1,2
766,1963-10-13,15:00,522,1,Regulier,3,0
767,1963-10-13,15:00,3,4,Regulier,1,0
768,1963-10-13,15:00,30,41,Regulier,0,0
769,1963-10-27,15:00,1,16,Regulier,1,1
770,1963-10-27,15:00,2,28,Regulier,2,1
771,1963-10-27,15:00,7,35,Regulier,0,6
772,1963-10-27,15:00,12,522,Regulier,0,2
773,1963-10-27,15:00,41,3,Regulier,3,1
774,1963-10-27,15:00,25,13,Regulier,1,4
775,1963-10-27,15:00,148,373,Regulier,2,0
776,1963-10-27,15:00,4,30,Regulier,2,1
777,1963-11-03,15:00,373,2,Regulier,1,1
778,1963-11-03,15:00,13,28,Regulier,0,0
779,1963-11-03,15:00,522,41,Regulier,0,0
780,1963-11-03,15:00,16,4,Regulier,0,0
781,1963-11-03,15:00,7,1,Regulier,0,2
782,1963-11-03,15:00,3,148,Regulier,1,1
783,1963-11-03,15:00,35,25,Regulier,3,1
784,1963-11-03,15:00,30,12,Regulier,0,0
785,1963-11-10,15:00,4,35,Regulier,3,1
786,1963-11-10,15:00,522,16,Regulier,2,0
787,1963-11-10,15:00,28,3,Regulier,2,1
788,1963-11-10,15:00,25,30,Regulier,2,0
789,1963-11-10,15:00,148,41,Regulier,1,0
790,1963-11-10,15:00,2,13,Regulier,0,2
791,1963-11-10,15:00,12,7,Regulier,1,2
792,1963-11-10,19:30,1,373,Regulier,1,1
793,1963-11-17,15:00,16,12,Regulier,4,0
794,1963-11-17,15:00,35,522,Regulier,6,0
795,1963-11-17,15:00,30,2,Regulier,3,1
796,1963-11-17,15:00,3,1,Regulier,1,3
797,1963-11-17,15:00,13,148,Regulier,4,0
798,1963-11-17,15:00,41,4,Regulier,3,1
799,1963-11-17,15:00,7,28,Regulier,1,1
800,1963-11-17,15:00,373,25,Regulier,3,1
801,1963-11-24,15:00,1,13,Regulier,1,1
802,1963-11-24,15:00,28,30,Regulier,0,0
803,1963-11-24,15:00,12,41,Regulier,0,3
804,1963-11-24,15:00,148,35,Regulier,1,3
805,1963-11-24,15:00,2,16,Regulier,1,1
806,1963-11-24,15:00,25,7,Regulier,1,3
807,1963-11-24,15:00,522,3,Regulier,1,0
808,1963-11-24,15:00,4,373,Regulier,4,1
809,1963-12-08,14:30,7,4,Regulier,4,1
810,1963-12-08,14:30,16,28,Regulier,2,1
811,1963-12-08,14:30,35,1,Regulier,3,3
812,1963-12-08,14:30,41,2,Regulier,1,1
813,1963-12-08,14:30,3,25,Regulier,2,0
814,1963-12-08,14:30,373,522,Regulier,1,1
815,1963-12-08,14:30,30,148,Regulier,4,0
816,1963-12-08,14:30,13,12,Regulier,2,0
817,1963-12-15,14:30,28,1,Regulier,1,0
818,1963-12-15,14:30,12,4,Regulier,2,0
819,1963-12-15,14:30,16,35,Regulier,2,2
820,1963-12-15,14:30,373,13,Regulier,2,3
821,1963-12-15,14:30,30,7,Regulier,1,1
822,1963-12-15,14:30,522,148,Regulier,0,0
823,1963-12-15,14:30,2,3,Regulier,2,2
824,1963-12-15,14:30,25,41,Regulier,0,2
825,1963-12-21,20:00,1,2,Regulier,4,0
826,1963-12-22,14:30,13,16,Regulier,0,3
827,1963-12-22,14:30,35,12,Regulier,4,1
828,1963-12-22,14:30,7,522,Regulier,2,0
829,1963-12-22,14:30,3,30,Regulier,2,1
830,1963-12-22,14:30,4,25,Regulier,3,0
831,1963-12-22,14:30,148,28,Regulier,4,0
832,1963-12-22,14:30,41,373,Regulier,1,0
833,1963-12-29,14:30,12,1,Regulier,1,0
834,1963-12-29,14:30,30,35,Regulier,0,2
835,1963-12-29,14:30,373,7,Regulier,4,3
836,1963-12-29,14:30,522,13,Regulier,2,0
837,1963-12-29,14:30,28,41,Regulier,1,2
838,1963-12-29,14:30,16,3,Regulier,2,2
839,1963-12-29,14:30,2,4,Regulier,0,3
840,1963-12-29,14:30,25,148,Regulier,0,0
841,1964-01-05,14:30,4,522,Regulier,1,2
842,1964-01-05,14:30,28,35,Regulier,2,3
843,1964-01-05,14:30,41,16,Regulier,4,0
844,1964-01-05,14:30,3,373,Regulier,4,0
845,1964-01-05,14:30,30,13,Regulier,1,4
846,1964-01-05,14:30,2,7,Regulier,3,0
847,1964-01-05,14:30,25,1,Regulier,2,3
848,1964-01-05,14:30,148,12,Regulier,0,1
849,1964-01-12,14:30,35,41,Regulier,3,0
850,1964-01-12,14:30,1,4,Regulier,1,0
851,1964-01-12,14:30,16,30,Regulier,5,1
852,1964-01-12,14:30,522,2,Regulier,1,0
853,1964-01-12,14:30,13,3,Regulier,2,0
854,1964-01-12,14:30,7,148,Regulier,2,1
855,1964-01-12,14:30,373,28,Regulier,3,0
856,1964-01-12,14:30,12,25,Regulier,0,0
857,1964-01-18,15:00,28,522,Regulier,1,3
858,1964-01-19,15:00,13,35,Regulier,1,1
859,1964-01-19,15:00,16,25,Regulier,6,0
860,1964-01-19,15:00,2,12,Regulier,2,0
861,1964-01-19,15:00,41,1,Regulier,0,1
862,1964-01-19,15:00,3,7,Regulier,1,2
863,1964-01-19,15:00,148,4,Regulier,0,0
864,1964-01-19,15:00,30,373,Regulier,5,1
865,1964-01-26,15:00,522,30,Regulier,1,0
866,1964-01-26,15:00,1,148,Regulier,3,1
867,1964-01-26,15:00,373,16,Regulier,2,0
868,1964-01-26,15:00,35,3,Regulier,3,0
869,1964-01-26,15:00,4,13,Regulier,1,0
870,1964-01-26,15:00,12,28,Regulier,2,1
871,1964-01-26,15:00,7,41,Regulier,4,1
872,1964-01-26,15:00,25,2,Regulier,4,0
873,1964-02-02,15:00,16,1,Regulier,6,1
874,1964-02-02,15:00,28,2,Regulier,0,3
875,1964-02-02,15:00,522,25,Regulier,0,0
876,1964-02-02,15:00,13,41,Regulier,0,0
877,1964-02-02,15:00,35,7,Regulier,1,1
878,1964-02-02,15:00,30,4,Regulier,2,0
879,1964-02-02,15:00,3,12,Regulier,1,1
880,1964-02-02,15:00,373,148,Regulier,3,0
881,1964-02-09,15:00,1,7,Regulier,1,1
882,1964-02-09,15:00,4,16,Regulier,1,0
883,1964-02-09,15:00,41,522,Regulier,2,1
884,1964-02-09,15:00,25,35,Regulier,0,2
885,1964-02-09,15:00,2,373,Regulier,1,2
886,1964-02-09,15:00,148,3,Regulier,3,0
887,1964-02-09,15:00,28,13,Regulier,1,4
888,1964-02-09,15:00,12,30,Regulier,0,0
889,1964-02-16,15:00,13,1,Regulier,0,0
890,1964-02-16,15:00,30,28,Regulier,0,2
891,1964-02-16,15:00,35,148,Regulier,8,1
892,1964-02-16,15:00,16,2,Regulier,1,0
893,1964-02-16,15:00,373,4,Regulier,0,0
894,1964-02-16,15:00,41,12,Regulier,4,0
895,1964-02-16,15:00,3,522,Regulier,1,1
896,1964-02-16,15:00,7,25,Regulier,1,0
897,1964-02-23,15:00,12,16,Regulier,0,0
898,1964-02-23,15:00,522,35,Regulier,3,3
899,1964-02-23,15:00,148,13,Regulier,1,1
900,1964-02-23,15:00,1,3,Regulier,0,1
901,1964-02-23,15:00,2,30,Regulier,5,3
902,1964-02-23,15:00,28,7,Regulier,3,2
903,1964-02-23,15:00,4,41,Regulier,1,1
904,1964-02-23,15:00,25,373,Regulier,2,0
905,1964-03-01,15:00,1,28,Regulier,2,1
906,1964-03-01,15:00,3,2,Regulier,4,1
907,1964-03-01,15:00,4,12,Regulier,3,0
908,1964-03-01,15:00,148,522,Regulier,0,5
909,1964-03-01,15:00,7,30,Regulier,0,2
910,1964-03-01,15:00,35,16,Regulier,0,0
911,1964-03-01,15:00,13,373,Regulier,1,1
912,1964-03-01,15:00,41,25,Regulier,2,1
913,1964-03-08,15:00,2,148,Regulier,1,2
914,1964-03-08,15:00,522,12,Regulier,1,1
915,1964-03-08,15:00,3,41,Regulier,1,1
916,1964-03-08,15:00,16,7,Regulier,1,0
917,1964-03-08,15:00,13,25,Regulier,0,0
918,1964-03-08,15:00,373,35,Regulier,0,1
919,1964-03-08,15:00,30,1,Regulier,1,1
920,1964-03-08,15:00,28,4,Regulier,2,0
921,1964-03-15,14:30,12,373,Regulier,2,0
922,1964-03-15,15:00,25,28,Regulier,0,0
923,1964-03-15,15:00,7,13,Regulier,0,0
924,1964-03-15,15:00,148,16,Regulier,2,2
925,1964-03-15,15:00,35,2,Regulier,1,1
926,1964-03-15,15:00,41,30,Regulier,0,3
927,1964-03-15,15:00,1,522,Regulier,0,3
928,1964-03-15,15:00,4,3,Regulier,2,1
929,1964-04-04,19:00,35,4,Regulier,2,0
930,1964-04-04,20:00,7,12,Regulier,1,1
931,1964-04-05,15:00,3,28,Regulier,2,1
932,1964-04-05,15:00,41,148,Regulier,3,0
933,1964-04-05,15:00,13,2,Regulier,1,1
934,1964-04-05,15:00,16,522,Regulier,3,0
935,1964-04-05,15:00,30,25,Regulier,0,0
936,1964-04-05,15:00,373,1,Regulier,1,3
937,1964-04-12,15:00,25,3,Regulier,0,0
938,1964-04-12,15:00,2,41,Regulier,5,0
939,1964-04-12,15:00,28,16,Regulier,2,1
940,1964-04-12,15:00,148,30,Regulier,1,2
941,1964-04-12,15:00,12,13,Regulier,0,0
942,1964-04-12,15:00,1,35,Regulier,2,1
943,1964-04-12,15:00,522,373,Regulier,1,0
944,1964-04-12,15:00,4,7,Regulier,2,0
945,1964-04-19,15:00,1,12,Regulier,3,1
946,1964-04-19,15:00,3,16,Regulier,1,3
947,1964-04-19,15:00,13,522,Regulier,3,0
948,1964-04-19,15:00,35,30,Regulier,1,1
949,1964-04-19,15:00,7,373,Regulier,1,2
950,1964-04-19,15:00,4,2,Regulier,2,0
951,1964-04-19,15:00,41,28,Regulier,1,1
952,1964-04-19,15:00,148,25,Regulier,1,1
953,1964-04-26,15:00,16,13,Regulier,2,0
954,1964-04-26,15:00,30,3,Regulier,0,3
955,1964-04-26,15:00,12,35,Regulier,4,2
956,1964-04-26,15:00,25,4,Regulier,0,2
957,1964-04-26,15:00,2,1,Regulier,3,1
958,1964-04-26,15:00,522,7,Regulier,5,0
959,1964-04-26,15:00,28,148,Regulier,0,2
960,1964-04-26,15:00,373,41,Regulier,1,0
961,1964-09-06,15:00,3,2,Regulier,6,0
962,1964-09-06,15:00,373,13,Regulier,0,1
963,1964-09-06,15:00,16,12,Regulier,5,0
964,1964-09-06,15:00,10,30,Regulier,1,2
965,1964-09-06,15:00,522,21,Regulier,3,1
966,1964-09-06,17:00,28,41,Regulier,1,0
967,1964-09-06,19:30,35,1,Regulier,6,0
968,1964-09-06,20:00,7,4,Regulier,3,3
969,1964-09-13,15:00,12,10,Regulier,1,2
970,1964-09-13,15:00,21,373,Regulier,0,0
971,1964-09-13,15:00,4,522,Regulier,8,3
972,1964-09-13,15:00,13,35,Regulier,0,2
973,1964-09-13,15:00,2,28,Regulier,1,0
974,1964-09-13,15:00,1,3,Regulier,1,1
975,1964-09-13,15:00,41,16,Regulier,2,2
976,1964-09-13,15:00,30,7,Regulier,3,0
977,1964-09-20,15:00,16,21,Regulier,2,2
978,1964-09-20,15:00,3,30,Regulier,1,1
979,1964-09-20,15:00,373,41,Regulier,2,0
980,1964-09-20,15:00,522,2,Regulier,5,3
981,1964-09-20,15:00,28,13,Regulier,0,5
982,1964-09-20,15:00,10,4,Regulier,2,1
983,1964-09-20,19:30,35,12,Regulier,4,1
984,1964-09-20,20:00,7,1,Regulier,4,1
985,1964-09-27,14:30,373,35,Regulier,1,4
986,1964-09-27,15:00,13,16,Regulier,0,0
987,1964-09-27,15:00,12,28,Regulier,2,2
988,1964-09-27,15:00,21,3,Regulier,3,1
989,1964-09-27,15:00,1,10,Regulier,1,1
990,1964-09-27,15:00,2,4,Regulier,0,0
991,1964-09-27,15:00,30,522,Regulier,5,2
992,1964-09-27,15:00,41,7,Regulier,2,2
993,1964-10-11,14:30,35,2,Regulier,4,0
994,1964-10-11,15:00,12,21,Regulier,3,1
995,1964-10-11,15:00,4,1,Regulier,1,0
996,1964-10-11,15:00,41,3,Regulier,0,2
997,1964-10-11,15:00,28,30,Regulier,0,1
998,1964-10-11,18:00,16,373,Regulier,3,0
999,1964-10-11,19:00,10,13,Regulier,1,3
1000,1964-10-11,19:30,7,522,Regulier,2,0
1001,1964-10-18,15:00,13,1,Regulier,1,2
1002,1964-10-18,15:00,30,16,Regulier,2,3
1003,1964-10-18,15:00,522,28,Regulier,4,0
1004,1964-10-18,15:00,373,12,Regulier,8,0
1005,1964-10-18,15:00,3,7,Regulier,1,2
1006,1964-10-18,15:00,21,4,Regulier,0,1
1007,1964-10-18,15:00,2,10,Regulier,2,2
1008,1964-10-18,19:30,35,41,Regulier,3,2
1009,1964-10-25,15:00,12,13,Regulier,1,0
1010,1964-10-25,15:00,28,373,Regulier,0,0
1011,1964-10-25,15:00,7,35,Regulier,2,3
1012,1964-10-25,15:00,16,2,Regulier,3,1
1013,1964-10-25,15:00,1,522,Regulier,1,0
1014,1964-10-25,15:00,41,21,Regulier,1,2
1015,1964-10-25,15:00,10,3,Regulier,2,0
1016,1964-10-25,20:00,4,30,Regulier,4,0
1017,1964-11-08,15:00,21,28,Regulier,6,2
1018,1964-11-08,15:00,35,16,Regulier,2,1
1019,1964-11-08,15:00,13,41,Regulier,3,3
1020,1964-11-08,15:00,522,10,Regulier,0,0
1021,1964-11-08,15:00,30,1,Regulier,5,2
1022,1964-11-08,15:00,2,12,Regulier,1,0
1023,1964-11-08,15:00,373,7,Regulier,1,0
1024,1964-11-08,15:00,3,4,Regulier,0,0
1025,1964-11-15,15:00,28,35,Regulier,1,2
1026,1964-11-15,15:00,4,13,Regulier,0,3
1027,1964-11-15,15:00,41,522,Regulier,1,1
1028,1964-11-15,15:00,1,373,Regulier,1,2
1029,1964-11-15,15:00,10,16,Regulier,0,1
1030,1964-11-15,15:00,3,12,Regulier,1,1
1031,1964-11-15,15:00,30,2,Regulier,3,1
1032,1964-11-15,15:00,7,21,Regulier,1,1
1033,1964-11-22,14:00,21,30,Regulier,4,0
1034,1964-11-22,15:00,522,3,Regulier,1,0
1035,1964-11-22,15:00,2,1,Regulier,0,1
1036,1964-11-22,15:00,35,4,Regulier,3,0
1037,1964-11-22,15:00,13,7,Regulier,0,0
1038,1964-11-22,15:00,12,41,Regulier,1,1
1039,1964-11-22,15:00,373,10,Regulier,3,2
1040,1964-11-22,16:30,16,28,Regulier,3,1
1041,1964-11-29,15:00,1,28,Regulier,1,1
1042,1964-11-29,15:00,522,13,Regulier,4,0
1043,1964-11-29,15:00,2,21,Regulier,0,0
1044,1964-11-29,15:00,3,373,Regulier,3,3
1045,1964-11-29,15:00,4,16,Regulier,0,1
1046,1964-11-29,15:00,10,35,Regulier,1,3
1047,1964-11-29,15:00,7,12,Regulier,1,1
1048,1964-11-29,15:00,30,41,Regulier,0,1
1049,1964-12-06,14:00,21,1,Regulier,10,1
1050,1964-12-06,14:30,35,3,Regulier,3,1
1051,1964-12-06,14:30,12,30,Regulier,4,3
1052,1964-12-06,14:30,373,522,Regulier,2,2
1053,1964-12-06,14:30,13,2,Regulier,4,0
1054,1964-12-06,14:30,41,10,Regulier,4,1
1055,1964-12-06,14:30,28,4,Regulier,0,1
1056,1964-12-06,16:30,16,7,Regulier,0,0
1057,1964-12-13,14:30,522,16,Regulier,0,4
1058,1964-12-13,14:30,7,28,Regulier,0,2
1059,1964-12-13,14:30,2,373,Regulier,2,3
1060,1964-12-13,14:30,30,35,Regulier,0,4
1061,1964-12-13,14:30,1,12,Regulier,0,1
1062,1964-12-13,14:30,3,13,Regulier,0,2
1063,1964-12-13,14:30,4,41,Regulier,3,1
1064,1964-12-13,15:00,21,10,Regulier,3,1
1065,1964-12-20,14:30,35,522,Regulier,7,0
1066,1964-12-20,14:30,13,21,Regulier,2,0
1067,1964-12-20,14:30,12,4,Regulier,1,1
1068,1964-12-20,14:30,16,3,Regulier,2,1
1069,1964-12-20,14:30,41,1,Regulier,0,0
1070,1964-12-20,14:30,28,10,Regulier,1,1
1071,1964-12-20,14:30,373,30,Regulier,1,2
1072,1964-12-20,14:30,7,2,Regulier,0,0
1073,1964-12-27,14:30,21,35,Regulier,1,0
1074,1964-12-27,15:00,3,28,Regulier,4,0
1075,1964-12-27,15:00,522,12,Regulier,2,1
1076,1964-12-27,15:00,1,16,Regulier,3,1
1077,1964-12-27,15:00,30,13,Regulier,1,0
1078,1964-12-27,16:30,2,41,Regulier,1,1
1079,1964-12-27,19:30,10,7,Regulier,0,0
1080,1964-12-27,19:30,4,373,Regulier,0,0
1081,1965-01-10,14:30,30,10,Regulier,5,2
1082,1965-01-10,14:30,12,16,Regulier,2,3
1083,1965-01-10,14:30,21,522,Regulier,0,1
1084,1965-01-10,14:30,1,35,Regulier,0,4
1085,1965-01-10,14:30,2,3,Regulier,0,0
1086,1965-01-10,14:30,4,7,Regulier,1,0
1087,1965-01-10,14:30,13,373,Regulier,5,0
1088,1965-01-10,14:30,41,28,Regulier,2,1
1089,1965-01-17,15:00,3,1,Regulier,0,1
1090,1965-01-17,15:00,7,30,Regulier,2,4
1091,1965-01-17,15:00,28,2,Regulier,2,2
1092,1965-01-17,15:00,35,13,Regulier,1,1
1093,1965-01-17,15:00,16,41,Regulier,2,2
1094,1965-01-17,15:00,373,21,Regulier,2,2
1095,1965-01-17,15:00,522,4,Regulier,2,1
1096,1965-01-17,19:30,10,12,Regulier,1,0
1097,1965-01-23,19:30,4,10,Regulier,6,0
1098,1965-01-24,15:00,13,28,Regulier,1,1
1099,1965-01-24,15:00,30,3,Regulier,1,3
1100,1965-01-24,15:00,1,7,Regulier,1,1
1101,1965-01-24,15:00,2,522,Regulier,1,0
1102,1965-01-24,15:00,12,35,Regulier,1,2
1103,1965-01-24,15:00,21,16,Regulier,0,0
1104,1965-01-24,15:00,41,373,Regulier,1,5
1105,1965-01-30,19:30,16,13,Regulier,1,0
1106,1965-01-30,19:30,35,373,Regulier,2,2
1107,1965-01-31,15:00,28,12,Regulier,2,0
1108,1965-01-31,15:00,4,2,Regulier,0,0
1109,1965-01-31,15:00,3,21,Regulier,1,2
1110,1965-01-31,15:00,10,1,Regulier,2,0
1111,1965-01-31,15:00,7,41,Regulier,3,1
1112,1965-01-31,15:00,522,30,Regulier,0,2
1113,1965-02-07,15:00,2,35,Regulier,0,5
1114,1965-02-07,15:00,30,28,Regulier,1,1
1115,1965-02-07,15:00,373,16,Regulier,3,0
1116,1965-02-07,15:00,3,41,Regulier,4,1
1117,1965-02-07,15:00,13,10,Regulier,3,0
1118,1965-02-07,15:00,1,4,Regulier,0,3
1119,1965-02-07,15:00,522,7,Regulier,3,2
1120,1965-02-07,15:00,21,12,Regulier,3,1
1121,1965-02-13,15:00,28,522,Regulier,2,0
1122,1965-02-14,15:00,16,30,Regulier,1,0
1123,1965-02-14,15:00,41,35,Regulier,0,1
1124,1965-02-14,15:00,12,373,Regulier,1,0
1125,1965-02-14,15:00,1,13,Regulier,0,0
1126,1965-02-14,15:00,7,3,Regulier,2,2
1127,1965-02-14,15:00,4,21,Regulier,1,1
1128,1965-02-14,15:00,10,2,Regulier,1,3
1129,1965-02-20,19:30,35,7,Regulier,3,0
1130,1965-02-21,15:00,2,16,Regulier,3,1
1131,1965-02-21,15:00,3,10,Regulier,4,0
1132,1965-02-21,15:00,373,28,Regulier,0,2
1133,1965-02-21,15:00,522,1,Regulier,1,1
1134,1965-02-21,15:00,13,12,Regulier,5,0
1135,1965-02-21,15:00,30,4,Regulier,0,1
1136,1965-02-21,15:00,21,41,Regulier,6,2
1137,1965-03-06,20:00,4,3,Regulier,2,0
1138,1965-03-07,15:00,16,35,Regulier,0,2
1139,1965-03-07,15:00,41,13,Regulier,1,0
1140,1965-03-07,15:00,10,522,Regulier,2,1
1141,1965-03-07,15:00,1,30,Regulier,1,0
1142,1965-03-07,15:00,12,2,Regulier,2,2
1143,1965-03-07,15:00,28,21,Regulier,1,1
1144,1965-03-07,15:00,7,373,Regulier,1,1
1145,1965-03-14,14:30,21,7,Regulier,3,2
1146,1965-03-14,15:00,13,4,Regulier,2,1
1147,1965-03-14,15:00,373,1,Regulier,2,1
1148,1965-03-14,15:00,35,28,Regulier,3,1
1149,1965-03-14,15:00,12,3,Regulier,0,3
1150,1965-03-14,15:00,522,41,Regulier,3,0
1151,1965-03-14,15:00,2,30,Regulier,1,0
1152,1965-03-14,17:00,16,10,Regulier,2,0
1153,1965-03-20,17:00,10,373,Regulier,1,3
1154,1965-03-20,19:30,1,2,Regulier,1,3
1155,1965-03-21,15:00,30,21,Regulier,3,1
1156,1965-03-21,15:00,3,522,Regulier,6,0
1157,1965-03-21,15:00,7,13,Regulier,3,2
1158,1965-03-21,15:00,28,16,Regulier,1,1
1159,1965-03-21,15:00,41,12,Regulier,1,2
1160,1965-03-21,15:00,4,35,Regulier,0,1
1161,1965-03-27,17:30,21,2,Regulier,4,1
1162,1965-03-28,15:00,13,522,Regulier,2,1
1163,1965-03-28,15:00,28,1,Regulier,3,1
1164,1965-03-28,15:00,41,30,Regulier,3,1
1165,1965-03-28,15:00,16,4,Regulier,1,1
1166,1965-03-28,15:00,373,3,Regulier,3,0
1167,1965-03-28,15:00,35,10,Regulier,3,0
1168,1965-03-28,15:00,12,7,Regulier,2,1
1169,1965-04-04,15:00,7,16,Regulier,0,0
1170,1965-04-04,15:00,2,13,Regulier,1,3
1171,1965-04-04,15:00,30,12,Regulier,0,2
1172,1965-04-04,15:00,1,21,Regulier,2,1
1173,1965-04-04,15:00,522,373,Regulier,1,1
1174,1965-04-04,15:00,3,35,Regulier,0,0
1175,1965-04-04,15:00,10,41,Regulier,0,0
1176,1965-04-04,15:00,4,28,Regulier,0,0
1177,1965-04-11,14:30,10,21,Regulier,3,3
1178,1965-04-11,15:00,373,2,Regulier,0,2
1179,1965-04-11,15:00,12,1,Regulier,1,1
1180,1965-04-11,15:00,35,30,Regulier,1,3
1181,1965-04-11,15:00,13,3,Regulier,1,2
1182,1965-04-11,15:00,28,7,Regulier,0,2
1183,1965-04-11,15:00,41,4,Regulier,6,0
1184,1965-04-11,17:30,16,522,Regulier,2,0
1185,1965-04-25,15:00,10,28,Regulier,3,0
1186,1965-04-25,15:00,21,13,Regulier,1,1
1187,1965-04-25,15:00,522,35,Regulier,2,1
1188,1965-04-25,15:00,3,16,Regulier,5,0
1189,1965-04-25,15:00,1,41,Regulier,1,0
1190,1965-04-25,15:00,4,12,Regulier,0,0
1191,1965-04-25,15:00,2,7,Regulier,4,1
1192,1965-04-25,15:00,30,373,Regulier,2,1
1193,1965-05-02,15:00,7,10,Regulier,0,0
1194,1965-05-02,15:00,41,2,Regulier,1,1
1195,1965-05-02,15:00,28,3,Regulier,2,0
1196,1965-05-02,15:00,12,522,Regulier,4,4
1197,1965-05-02,15:00,35,21,Regulier,8,1
1198,1965-05-02,15:00,16,1,Regulier,5,1
1199,1965-05-02,15:00,373,4,Regulier,1,0
1200,1965-05-02,19:30,13,30,Regulier,1,0
1201,1965-09-05,14:00,30,28,Regulier,2,1
1202,1965-09-05,15:00,7,47,Regulier,2,1
1203,1965-09-05,15:00,12,373,Regulier,0,1
1204,1965-09-05,15:00,4,522,Regulier,5,0
1205,1965-09-05,19:00,2,25,Regulier,0,0
1206,1965-09-05,19:30,35,3,Regulier,3,1
1207,1965-09-05,19:30,13,21,Regulier,2,1
1208,1965-09-05,20:00,16,1,Regulier,2,2
1209,1965-09-12,15:00,373,7,Regulier,4,1
1210,1965-09-12,15:00,28,4,Regulier,1,3
1211,1965-09-12,15:00,21,30,Regulier,1,1
1212,1965-09-12,15:00,3,13,Regulier,1,2
1213,1965-09-12,15:00,47,16,Regulier,1,1
1214,1965-09-12,15:00,522,12,Regulier,3,0
1215,1965-09-12,17:15,25,35,Regulier,0,2
1216,1965-09-12,19:30,1,2,Regulier,1,0
1217,1965-09-19,15:00,12,47,Regulier,0,1
1218,1965-09-19,15:00,30,522,Regulier,0,1
1219,1965-09-19,15:00,13,16,Regulier,1,0
1220,1965-09-19,15:00,4,3,Regulier,0,0
1221,1965-09-19,15:00,35,28,Regulier,3,0
1222,1965-09-19,15:00,2,373,Regulier,1,2
1223,1965-09-19,15:00,25,21,Regulier,3,1
1224,1965-09-19,19:30,7,1,Regulier,1,0
1225,1965-10-03,14:30,21,12,Regulier,1,0
1226,1965-10-03,15:00,3,2,Regulier,0,0
1227,1965-10-03,15:00,522,13,Regulier,2,1
1228,1965-10-03,15:00,373,35,Regulier,2,0
1229,1965-10-03,15:00,1,4,Regulier,1,1
1230,1965-10-03,15:00,28,25,Regulier,1,2
1231,1965-10-03,15:00,47,30,Regulier,0,0
1232,1965-10-03,16:30,16,7,Regulier,1,1
1233,1965-10-10,15:00,13,28,Regulier,0,0
1234,1965-10-10,15:00,2,16,Regulier,1,0
1235,1965-10-10,15:00,25,522,Regulier,2,0
1236,1965-10-10,15:00,12,1,Regulier,1,4
1237,1965-10-10,15:00,4,21,Regulier,0,0
1238,1965-10-10,15:00,7,3,Regulier,3,5
1239,1965-10-10,15:30,30,373,Regulier,0,1
1240,1965-10-10,19:30,35,47,Regulier,2,0
1241,1965-10-17,15:00,373,13,Regulier,2,0
1242,1965-10-17,15:00,16,35,Regulier,0,1
1243,1965-10-17,15:00,522,3,Regulier,1,1
1244,1965-10-17,15:00,1,25,Regulier,2,0
1245,1965-10-17,15:00,2,7,Regulier,2,3
1246,1965-10-17,15:00,21,28,Regulier,1,0
1247,1965-10-17,15:00,12,30,Regulier,0,0
1248,1965-10-17,15:00,47,4,Regulier,0,4
1249,1965-10-31,15:00,13,2,Regulier,1,0
1250,1965-10-31,15:00,25,47,Regulier,2,0
1251,1965-10-31,15:00,3,16,Regulier,1,2
1252,1965-10-31,15:00,30,1,Regulier,1,1
1253,1965-10-31,15:00,35,21,Regulier,3,0
1254,1965-10-31,15:00,28,12,Regulier,0,0
1255,1965-10-31,15:00,4,373,Regulier,2,3
1256,1965-10-31,20:00,7,522,Regulier,2,1
1257,1965-11-07,14:30,12,35,Regulier,0,2
1258,1965-11-07,14:30,16,25,Regulier,1,0
1259,1965-11-07,14:30,7,13,Regulier,2,2
1260,1965-11-07,14:30,373,28,Regulier,3,1
1261,1965-11-07,14:30,47,3,Regulier,3,2
1262,1965-11-07,15:00,1,522,Regulier,2,0
1263,1965-11-07,15:00,2,21,Regulier,1,2
1264,1965-11-07,15:00,30,4,Regulier,1,3
1265,1965-11-14,15:00,3,1,Regulier,4,2
1266,1965-11-14,15:00,4,7,Regulier,2,1
1267,1965-11-14,15:00,35,30,Regulier,2,0
1268,1965-11-14,15:00,28,16,Regulier,2,0
1269,1965-11-14,15:00,25,373,Regulier,0,0
1270,1965-11-14,15:00,13,12,Regulier,2,0
1271,1965-11-14,15:00,522,2,Regulier,0,0
1272,1965-11-14,15:00,21,47,Regulier,3,1
1273,1965-11-21,15:00,2,35,Regulier,0,0
1274,1965-11-21,15:00,30,25,Regulier,1,2
1275,1965-11-21,15:00,16,4,Regulier,0,0
1276,1965-11-21,15:00,373,522,Regulier,5,3
1277,1965-11-21,15:00,47,28,Regulier,1,2
1278,1965-11-21,15:00,1,13,Regulier,1,2
1279,1965-11-21,15:00,12,3,Regulier,2,2
1280,1965-11-21,15:00,7,21,Regulier,4,0
1281,1965-11-27,19:30,4,13,Regulier,1,3
1282,1965-11-27,19:30,35,7,Regulier,6,0
1283,1965-11-28,15:00,25,12,Regulier,1,0
1284,1965-11-28,15:00,522,16,Regulier,0,3
1285,1965-11-28,15:00,3,30,Regulier,5,0
1286,1965-11-28,15:00,28,1,Regulier,1,1
1287,1965-11-28,15:00,21,373,Regulier,0,1
1288,1965-11-28,15:00,47,2,Regulier,0,1
1289,1965-12-05,14:30,7,12,Regulier,1,1
1290,1965-12-05,14:30,2,4,Regulier,2,0
1291,1965-12-05,14:30,1,35,Regulier,0,5
1292,1965-12-05,14:30,522,28,Regulier,0,2
1293,1965-12-05,14:30,16,30,Regulier,4,0
1294,1965-12-05,14:30,373,47,Regulier,2,0
1295,1965-12-05,14:30,3,21,Regulier,1,1
1296,1965-12-05,14:30,13,25,Regulier,1,0
1297,1965-12-12,14:30,21,16,Regulier,0,4
1298,1965-12-12,14:30,12,2,Regulier,1,0
1299,1965-12-12,14:30,30,13,Regulier,1,2
1300,1965-12-12,14:30,35,522,Regulier,2,1
1301,1965-12-12,14:30,28,7,Regulier,3,1
1302,1965-12-12,14:30,47,1,Regulier,1,3
1303,1965-12-12,14:30,373,3,Regulier,1,0
1304,1965-12-12,14:30,25,4,Regulier,6,2
1305,1965-12-18,19:30,13,47,Regulier,1,1
1306,1965-12-19,14:30,1,373,Regulier,2,0
1307,1965-12-19,14:30,522,21,Regulier,1,2
1308,1965-12-19,14:30,16,12,Regulier,3,1
1309,1965-12-19,14:30,3,25,Regulier,2,0
1310,1965-12-19,14:30,4,35,Regulier,3,7
1311,1965-12-19,17:00,2,28,Regulier,5,0
1312,1965-12-19,20:00,7,30,Regulier,1,1
1313,1965-12-26,14:30,47,522,Regulier,3,0
1314,1965-12-26,14:30,25,7,Regulier,0,3
1315,1965-12-26,14:30,30,2,Regulier,2,1
1316,1965-12-26,14:30,21,1,Regulier,2,1
1317,1965-12-26,15:00,28,3,Regulier,0,0
1318,1965-12-26,15:00,373,16,Regulier,0,1
1319,1965-12-26,19:30,35,13,Regulier,0,2
1320,1965-12-26,19:30,12,4,Regulier,1,2
1321,1966-01-09,14:30,21,13,Regulier,1,1
1322,1966-01-09,14:30,1,16,Regulier,1,3
1323,1966-01-09,14:30,3,35,Regulier,0,1
1324,1966-01-09,14:30,28,30,Regulier,0,1
1325,1966-01-09,14:30,373,12,Regulier,1,0
1326,1966-01-09,14:30,47,7,Regulier,6,1
1327,1966-01-09,14:30,522,4,Regulier,1,0
1328,1966-01-09,14:30,25,2,Regulier,1,0
1329,1966-01-15,20:00,16,47,Regulier,1,0
1330,1966-01-16,15:00,2,1,Regulier,2,1
1331,1966-01-16,15:00,4,28,Regulier,6,1
1332,1966-01-16,15:00,35,25,Regulier,7,1
1333,1966-01-16,15:00,13,3,Regulier,2,2
1334,1966-01-16,15:00,12,522,Regulier,3,2
1335,1966-01-16,15:00,7,373,Regulier,2,0
1336,1966-01-16,15:00,30,21,Regulier,1,1
1337,1966-01-22,15:00,21,25,Regulier,1,2
1338,1966-01-23,15:00,1,7,Regulier,3,2
1339,1966-01-23,15:00,16,13,Regulier,2,1
1340,1966-01-23,15:00,47,12,Regulier,3,1
1341,1966-01-23,15:00,522,30,Regulier,4,1
1342,1966-01-23,15:00,28,35,Regulier,0,3
1343,1966-01-23,15:00,3,4,Regulier,2,1
1344,1966-01-23,15:00,373,2,Regulier,3,1
1345,1966-01-30,15:00,12,21,Regulier,0,0
1346,1966-01-30,15:00,25,28,Regulier,2,1
1347,1966-01-30,15:00,35,373,Regulier,6,0
1348,1966-01-30,15:00,13,522,Regulier,2,0
1349,1966-01-30,15:00,7,16,Regulier,1,1
1350,1966-01-30,15:00,4,1,Regulier,0,0
1351,1966-01-30,15:00,2,3,Regulier,1,1
1352,1966-01-30,15:00,30,47,Regulier,1,1
1353,1966-02-06,15:00,1,12,Regulier,3,1
1354,1966-02-06,15:00,47,35,Regulier,0,3
1355,1966-02-06,15:00,522,25,Regulier,0,1
1356,1966-02-06,15:00,21,4,Regulier,0,0
1357,1966-02-06,15:00,28,13,Regulier,1,1
1358,1966-02-06,15:00,3,7,Regulier,1,1
1359,1966-02-06,15:00,373,30,Regulier,0,1
1360,1966-02-06,17:30,16,2,Regulier,2,0
1361,1966-02-13,15:00,25,1,Regulier,1,0
1362,1966-02-13,15:00,35,16,Regulier,1,1
1363,1966-02-13,15:00,28,21,Regulier,3,3
1364,1966-02-13,15:00,3,522,Regulier,1,1
1365,1966-02-13,15:00,13,373,Regulier,1,0
1366,1966-02-13,15:00,30,12,Regulier,5,0
1367,1966-02-13,15:00,4,47,Regulier,1,2
1368,1966-02-13,15:00,7,2,Regulier,1,0
1369,1966-02-20,15:00,1,30,Regulier,0,0
1370,1966-02-20,15:00,522,7,Regulier,4,1
1371,1966-02-20,15:00,21,35,Regulier,1,0
1372,1966-02-20,15:00,2,13,Regulier,2,1
1373,1966-02-20,15:00,373,4,Regulier,0,1
1374,1966-02-20,15:00,12,28,Regulier,2,0
1375,1966-02-20,15:00,47,25,Regulier,1,0
1376,1966-02-20,17:30,16,3,Regulier,2,0
1377,1966-02-26,15:00,28,47,Regulier,1,1
1378,1966-02-27,15:00,13,1,Regulier,2,1
1379,1966-02-27,15:00,35,2,Regulier,5,0
1380,1966-02-27,15:00,522,373,Regulier,1,1
1381,1966-02-27,15:00,4,16,Regulier,0,1
1382,1966-02-27,15:00,3,12,Regulier,2,1
1383,1966-02-27,15:00,25,30,Regulier,0,0
1384,1966-02-27,15:00,21,7,Regulier,1,1
1385,1966-03-06,15:00,16,522,Regulier,4,0
1386,1966-03-06,15:00,2,47,Regulier,0,0
1387,1966-03-06,15:00,1,28,Regulier,3,0
1388,1966-03-06,15:00,12,25,Regulier,0,0
1389,1966-03-06,15:00,7,35,Regulier,2,2
1390,1966-03-06,15:00,30,3,Regulier,0,3
1391,1966-03-06,15:00,13,4,Regulier,3,2
1392,1966-03-06,15:00,373,21,Regulier,1,0
1393,1966-03-13,15:00,12,7,Regulier,1,2
1394,1966-03-13,15:00,35,1,Regulier,1,1
1395,1966-03-13,15:00,47,373,Regulier,1,4
1396,1966-03-13,15:00,28,522,Regulier,0,0
1397,1966-03-13,15:00,30,16,Regulier,1,2
1398,1966-03-13,15:00,4,2,Regulier,1,0
1399,1966-03-13,15:00,21,3,Regulier,2,2
1400,1966-03-13,15:00,25,13,Regulier,2,2
1401,1966-03-19,19:30,4,25,Regulier,2,2
1402,1966-03-20,15:00,7,28,Regulier,3,0
1403,1966-03-20,15:00,2,12,Regulier,3,1
1404,1966-03-20,15:00,522,35,Regulier,0,3
1405,1966-03-20,15:00,16,21,Regulier,1,3
1406,1966-03-20,15:00,1,47,Regulier,2,3
1407,1966-03-20,15:00,3,373,Regulier,3,2
1408,1966-03-20,15:00,13,30,Regulier,0,1
1409,1966-03-27,15:00,12,16,Regulier,1,0
1410,1966-03-27,15:00,30,7,Regulier,1,2
1411,1966-03-27,15:00,35,4,Regulier,4,0
1412,1966-03-27,15:00,373,1,Regulier,2,0
1413,1966-03-27,15:00,47,13,Regulier,1,1
1414,1966-03-27,15:00,28,2,Regulier,1,1
1415,1966-03-27,15:00,21,522,Regulier,1,0
1416,1966-03-27,15:00,25,3,Regulier,1,5
1417,1966-04-02,20:00,4,12,Regulier,5,0
1418,1966-04-03,15:00,1,21,Regulier,2,1
1419,1966-04-03,15:00,13,35,Regulier,1,1
1420,1966-04-03,15:00,522,47,Regulier,2,1
1421,1966-04-03,15:00,16,373,Regulier,1,1
1422,1966-04-03,15:00,3,28,Regulier,1,0
1423,1966-04-03,15:00,7,25,Regulier,2,3
1424,1966-04-03,15:00,2,30,Regulier,1,1
1425,1966-05-07,20:00,7,4,Regulier,0,5
1426,1966-05-08,15:00,30,35,Regulier,2,1
1427,1966-05-08,15:00,16,28,Regulier,3,2
1428,1966-05-08,15:00,2,522,Regulier,0,0
1429,1966-05-08,15:00,47,21,Regulier,0,0
1430,1966-05-08,15:00,12,13,Regulier,1,0
1431,1966-05-08,15:00,1,3,Regulier,1,4
1432,1966-05-08,15:00,373,25,Regulier,1,0
1433,1966-05-14,18:00,35,12,Regulier,12,0
1434,1966-05-14,19:30,13,7,Regulier,5,0
1435,1966-05-15,15:00,28,373,Regulier,0,0
1436,1966-05-15,15:00,3,47,Regulier,4,3
1437,1966-05-15,15:00,522,1,Regulier,1,2
1438,1966-05-15,15:00,25,16,Regulier,1,1
1439,1966-05-15,15:00,4,30,Regulier,0,4
1440,1966-05-15,15:00,21,2,Regulier,0,0
1441,1966-09-04,15:00,47,7,Regulier,2,0
1442,1966-09-04,15:00,2,16,Regulier,3,2
1443,1966-09-04,15:00,13,21,Regulier,4,1
1444,1966-09-04,15:00,373,1,Regulier,0,1
1445,1966-09-04,15:00,4451,35,Regulier,1,1
1446,1966-09-04,15:00,4,522,Regulier,1,3
1447,1966-09-04,15:00,3,30,Regulier,3,1
1448,1966-09-04,15:00,25,22,Regulier,1,1
1449,1966-09-11,15:00,16,3,Regulier,3,1
1450,1966-09-11,15:00,522,373,Regulier,4,2
1451,1966-09-11,15:00,22,13,Regulier,1,1
1452,1966-09-11,15:00,21,47,Regulier,2,1
1453,1966-09-11,15:00,1,2,Regulier,3,1
1454,1966-09-11,15:00,7,4451,Regulier,2,2
1455,1966-09-11,16:00,30,4,Regulier,1,2
1456,1966-09-11,19:30,35,25,Regulier,2,2
1457,1966-09-18,15:00,3,35,Regulier,1,2
1458,1966-09-18,15:00,1,30,Regulier,2,0
1459,1966-09-18,15:00,25,7,Regulier,1,1
1460,1966-09-18,15:00,4451,13,Regulier,1,0
1461,1966-09-18,15:00,2,22,Regulier,1,1
1462,1966-09-18,15:00,4,47,Regulier,1,0
1463,1966-09-18,16:30,373,21,Regulier,4,2
1464,1966-09-18,20:00,16,522,Regulier,3,2
1465,1966-09-25,15:00,30,2,Regulier,0,0
1466,1966-09-25,15:00,47,3,Regulier,1,4
1467,1966-09-25,15:00,13,16,Regulier,2,1
1468,1966-09-25,15:00,22,4,Regulier,0,0
1469,1966-09-25,15:00,21,4451,Regulier,2,1
1470,1966-09-25,15:00,7,1,Regulier,2,2
1471,1966-09-25,15:00,522,25,Regulier,4,0
1472,1966-09-25,19:30,35,373,Regulier,0,0
1473,1966-10-02,15:00,1,35,Regulier,0,2
1474,1966-10-02,15:00,2,21,Regulier,3,0
1475,1966-10-02,15:00,4,13,Regulier,1,1
1476,1966-10-02,15:00,30,522,Regulier,0,0
1477,1966-10-02,15:00,3,373,Regulier,2,0
1478,1966-10-02,15:00,25,4451,Regulier,0,1
1479,1966-10-02,15:00,22,7,Regulier,0,0
1480,1966-10-02,19:30,16,47,Regulier,0,0
1481,1966-10-09,15:00,21,22,Regulier,3,1
1482,1966-10-09,15:00,4451,30,Regulier,2,0
1483,1966-10-09,15:00,35,16,Regulier,0,0
1484,1966-10-09,15:00,13,1,Regulier,1,3
1485,1966-10-09,15:00,522,3,Regulier,1,2
1486,1966-10-09,15:00,47,25,Regulier,0,2
1487,1966-10-09,15:00,373,2,Regulier,2,2
1488,1966-10-09,15:00,7,4,Regulier,0,1
1489,1966-10-16,15:00,16,373,Regulier,4,3
1490,1966-10-16,15:00,22,47,Regulier,1,0
1491,1966-10-16,15:00,30,7,Regulier,3,0
1492,1966-10-16,15:00,1,21,Regulier,2,0
1493,1966-10-16,15:00,522,35,Regulier,0,2
1494,1966-10-16,15:00,3,4451,Regulier,1,0
1495,1966-10-16,15:00,2,13,Regulier,4,0
1496,1966-10-16,20:00,4,25,Regulier,3,0
1497,1966-10-30,15:00,7,35,Regulier,2,1
1498,1966-10-30,15:00,4451,16,Regulier,1,1
1499,1966-10-30,15:00,373,22,Regulier,3,1
1500,1966-10-30,15:00,47,522,Regulier,2,2
1501,1966-10-30,15:00,25,1,Regulier,0,0
1502,1966-10-30,15:00,21,3,Regulier,1,2
1503,1966-10-30,15:00,13,30,Regulier,0,1
1504,1966-10-30,19:30,4,2,Regulier,2,0
1505,1966-11-06,15:00,30,25,Regulier,0,0
1506,1966-11-06,15:00,373,7,Regulier,0,0
1507,1966-11-06,15:00,1,22,Regulier,2,0
1508,1966-11-06,15:00,35,13,Regulier,2,0
1509,1966-11-06,15:00,16,21,Regulier,1,0
1510,1966-11-06,15:00,2,47,Regulier,1,1
1511,1966-11-06,15:00,522,4451,Regulier,0,0
1512,1966-11-06,15:00,3,4,Regulier,1,1
1513,1966-11-20,15:00,22,522,Regulier,2,2
1514,1966-11-20,15:00,21,30,Regulier,2,3
1515,1966-11-20,15:00,4,16,Regulier,1,0
1516,1966-11-20,15:00,47,35,Regulier,0,7
1517,1966-11-20,15:00,7,2,Regulier,3,1
1518,1966-11-20,15:00,13,3,Regulier,3,6
1519,1966-11-20,15:00,4451,1,Regulier,0,0
1520,1966-11-20,15:00,25,373,Regulier,1,1
1521,1966-11-25,19:30,1,47,Regulier,2,2
1522,1966-11-27,15:00,373,13,Regulier,4,2
1523,1966-11-27,15:00,16,25,Regulier,3,2
1524,1966-11-27,15:00,30,22,Regulier,4,0
1525,1966-11-27,15:00,35,4,Regulier,1,0
1526,1966-11-27,15:00,2,4451,Regulier,1,2
1527,1966-11-27,15:00,522,21,Regulier,4,0
1528,1966-11-27,15:00,3,7,Regulier,3,1
1529,1966-12-03,19:30,13,522,Regulier,4,0
1530,1966-12-04,14:30,25,2,Regulier,2,2
1531,1966-12-04,14:30,47,30,Regulier,0,0
1532,1966-12-04,14:30,4,1,Regulier,1,0
1533,1966-12-04,14:30,7,16,Regulier,0,3
1534,1966-12-04,14:30,4451,373,Regulier,0,1
1535,1966-12-04,14:30,21,35,Regulier,0,1
1536,1966-12-04,14:30,22,3,Regulier,0,1
1537,1966-12-11,14:30,4451,22,Regulier,0,0
1538,1966-12-11,14:30,373,47,Regulier,2,1
1539,1966-12-11,14:30,522,7,Regulier,1,1
1540,1966-12-11,14:30,35,2,Regulier,5,0
1541,1966-12-11,14:30,21,4,Regulier,1,1
1542,1966-12-11,14:30,3,1,Regulier,1,2
1543,1966-12-11,14:30,13,25,Regulier,1,1
1544,1966-12-11,19:30,16,30,Regulier,3,0
1545,1966-12-18,14:30,47,13,Regulier,5,3
1546,1966-12-18,14:30,2,522,Regulier,2,2
1547,1966-12-18,14:30,22,35,Regulier,0,7
1548,1966-12-18,14:30,4,4451,Regulier,1,2
1549,1966-12-18,14:30,30,373,Regulier,1,0
1550,1966-12-18,14:30,1,16,Regulier,1,1
1551,1966-12-18,14:30,25,3,Regulier,1,1
1552,1966-12-18,14:30,7,21,Regulier,2,1
1553,1967-01-08,14:30,35,30,Regulier,4,1
1554,1967-01-08,14:30,21,25,Regulier,1,1
1555,1967-01-08,14:30,16,22,Regulier,3,2
1556,1967-01-08,14:30,4451,47,Regulier,0,0
1557,1967-01-08,14:30,522,1,Regulier,1,2
1558,1967-01-08,14:30,13,7,Regulier,4,1
1559,1967-01-08,14:30,3,2,Regulier,2,1
1560,1967-01-08,15:00,373,4,Regulier,1,1
1561,1967-01-13,19:30,7,47,Regulier,2,1
1562,1967-01-15,15:00,21,13,Regulier,3,2
1563,1967-01-15,15:00,1,373,Regulier,3,0
1564,1967-01-15,15:00,30,3,Regulier,0,3
1565,1967-01-15,15:00,35,4451,Regulier,1,0
1566,1967-01-15,15:00,522,4,Regulier,4,1
1567,1967-01-15,15:00,22,25,Regulier,2,2
1568,1967-01-15,17:30,16,2,Regulier,0,0
1569,1967-01-22,15:00,373,522,Regulier,0,0
1570,1967-01-22,15:00,47,21,Regulier,3,0
1571,1967-01-22,15:00,3,16,Regulier,4,2
1572,1967-01-22,15:00,13,22,Regulier,4,2
1573,1967-01-22,15:00,2,1,Regulier,1,0
1574,1967-01-22,15:00,25,35,Regulier,0,2
1575,1967-01-22,15:00,4,30,Regulier,2,0
1576,1967-01-22,15:00,4451,7,Regulier,1,0
1577,1967-01-29,15:00,22,2,Regulier,1,1
1578,1967-01-29,15:00,21,373,Regulier,1,0
1579,1967-01-29,15:00,522,16,Regulier,0,1
1580,1967-01-29,15:00,7,25,Regulier,1,3
1581,1967-01-29,15:00,35,3,Regulier,3,0
1582,1967-01-29,15:00,47,4,Regulier,0,3
1583,1967-01-29,15:00,30,1,Regulier,1,0
1584,1967-01-29,15:00,13,4451,Regulier,0,0
1585,1967-02-04,20:00,4,22,Regulier,0,1
1586,1967-02-05,15:00,1,7,Regulier,0,1
1587,1967-02-05,15:00,373,35,Regulier,1,0
1588,1967-02-05,15:00,4451,21,Regulier,0,0
1589,1967-02-05,15:00,2,30,Regulier,1,0
1590,1967-02-05,15:00,25,522,Regulier,1,1
1591,1967-02-05,15:00,16,13,Regulier,5,1
1592,1967-02-05,15:00,3,47,Regulier,4,0
1593,1967-02-10,19:30,35,1,Regulier,0,0
1594,1967-02-11,20:00,7,22,Regulier,1,0
1595,1967-02-12,15:00,522,30,Regulier,0,4
1596,1967-02-12,15:00,21,2,Regulier,2,2
1597,1967-02-12,15:00,13,4,Regulier,1,4
1598,1967-02-12,15:00,47,16,Regulier,0,0
1599,1967-02-12,15:00,4451,25,Regulier,2,1
1600,1967-02-12,15:00,373,3,Regulier,2,2
1601,1967-02-18,20:00,4,7,Regulier,5,1
1602,1967-02-19,15:00,16,35,Regulier,2,0
1603,1967-02-19,15:00,1,13,Regulier,1,1
1604,1967-02-19,15:00,3,522,Regulier,3,2
1605,1967-02-19,15:00,30,4451,Regulier,1,1
1606,1967-02-19,15:00,22,21,Regulier,5,0
1607,1967-02-19,15:00,25,47,Regulier,2,0
1608,1967-02-19,19:30,2,373,Regulier,1,4
1609,1967-02-26,15:00,47,22,Regulier,2,0
1610,1967-02-26,15:00,7,30,Regulier,3,2
1611,1967-02-26,15:00,21,1,Regulier,0,2
1612,1967-02-26,15:00,373,16,Regulier,1,0
1613,1967-02-26,15:00,25,4,Regulier,2,1
1614,1967-02-26,15:00,35,522,Regulier,5,0
1615,1967-02-26,15:00,4451,3,Regulier,0,1
1616,1967-02-26,15:00,13,2,Regulier,2,0
1617,1967-03-05,15:00,35,7,Regulier,3,0
1618,1967-03-05,15:00,2,4,Regulier,0,1
1619,1967-03-05,15:00,22,373,Regulier,2,0
1620,1967-03-05,15:00,16,4451,Regulier,2,1
1621,1967-03-05,15:00,30,13,Regulier,0,0
1622,1967-03-05,15:00,1,25,Regulier,3,1
1623,1967-03-05,15:00,3,21,Regulier,2,0
1624,1967-03-05,15:00,522,47,Regulier,2,2
1625,1967-03-11,20:00,4,3,Regulier,1,0
1626,1967-03-12,15:00,22,1,Regulier,1,1
1627,1967-03-12,15:00,47,2,Regulier,2,2
1628,1967-03-12,15:00,13,35,Regulier,0,0
1629,1967-03-12,15:00,25,30,Regulier,1,3
1630,1967-03-12,15:00,7,373,Regulier,0,2
1631,1967-03-12,15:00,21,16,Regulier,0,1
1632,1967-03-12,15:00,4451,522,Regulier,1,1
1633,1967-03-31,19:30,2,7,Regulier,2,2
1634,1967-04-01,16:00,30,21,Regulier,5,0
1635,1967-04-02,15:00,3,13,Regulier,2,1
1636,1967-04-02,15:00,16,4,Regulier,0,2
1637,1967-04-02,15:00,35,47,Regulier,3,0
1638,1967-04-02,15:00,1,4451,Regulier,1,1
1639,1967-04-02,15:00,522,22,Regulier,1,1
1640,1967-04-02,15:00,373,25,Regulier,4,2
1641,1967-04-08,16:00,30,16,Regulier,1,1
1642,1967-04-09,15:00,2,35,Regulier,2,3
1643,1967-04-09,15:00,1,3,Regulier,0,1
1644,1967-04-09,15:00,7,522,Regulier,1,1
1645,1967-04-09,15:00,4,21,Regulier,2,1
1646,1967-04-09,15:00,25,13,Regulier,2,0
1647,1967-04-09,15:00,47,373,Regulier,1,0
1648,1967-04-09,15:00,22,4451,Regulier,3,2
1649,1967-04-21,19:30,16,1,Regulier,2,0
1650,1967-04-23,15:00,3,25,Regulier,1,0
1651,1967-04-23,15:00,35,22,Regulier,2,0
1652,1967-04-23,15:00,21,7,Regulier,3,1
1653,1967-04-23,15:00,522,2,Regulier,1,2
1654,1967-04-23,15:00,373,30,Regulier,3,0
1655,1967-04-23,15:00,13,47,Regulier,1,1
1656,1967-04-23,15:00,4451,4,Regulier,5,1
1657,1967-04-29,16:00,30,35,Regulier,0,2
1658,1967-04-30,15:00,2,3,Regulier,3,1
1659,1967-04-30,15:00,1,522,Regulier,0,2
1660,1967-04-30,15:00,22,16,Regulier,1,0
1661,1967-04-30,15:00,7,13,Regulier,1,2
1662,1967-04-30,15:00,4,373,Regulier,2,0
1663,1967-04-30,15:00,25,21,Regulier,2,0
1664,1967-04-30,15:00,47,4451,Regulier,4,0
1665,1967-05-04,15:00,13,373,Regulier,5,2
1666,1967-05-04,15:00,4,35,Regulier,0,0
1667,1967-05-04,15:00,21,522,Regulier,0,2
1668,1967-05-04,15:00,25,16,Regulier,3,2
1669,1967-05-04,15:00,47,1,Regulier,2,0
1670,1967-05-04,15:00,22,30,Regulier,2,0
1671,1967-05-04,15:00,7,3,Regulier,0,2
1672,1967-05-04,15:00,4451,2,Regulier,1,0
1673,1967-05-07,15:00,522,13,Regulier,0,1
1674,1967-05-07,15:00,1,4,Regulier,1,1
1675,1967-05-07,15:00,16,7,Regulier,4,2
1676,1967-05-07,15:00,373,4451,Regulier,1,0
1677,1967-05-07,15:00,2,25,Regulier,2,0
1678,1967-05-07,15:00,35,21,Regulier,2,0
1679,1967-05-07,15:00,3,22,Regulier,5,1
1680,1967-05-07,15:00,30,47,Regulier,2,2
1681,1967-09-03,15:00,22,13,Regulier,1,0
1682,1967-09-03,15:00,373,2300,Regulier,1,1
1683,1967-09-03,15:00,47,4,Regulier,1,1
1684,1967-09-03,17:00,4451,30,Regulier,1,0
1685,1967-09-03,17:00,25,522,Regulier,3,1
1686,1967-09-03,18:00,16,246,Regulier,3,1
1687,1967-09-03,19:00,1,35,Regulier,2,3
1688,1967-09-03,19:00,2,3,Regulier,1,4
1689,1967-09-10,15:00,3,16,Regulier,2,0
1690,1967-09-10,15:00,13,25,Regulier,1,1
1691,1967-09-10,15:00,2300,2,Regulier,2,0
1692,1967-09-10,15:00,35,373,Regulier,5,1
1693,1967-09-10,15:00,4,22,Regulier,2,0
1694,1967-09-10,15:00,522,4451,Regulier,4,2
1695,1967-09-10,15:00,30,47,Regulier,5,2
1696,1967-09-10,19:00,246,1,Regulier,0,0
1697,1967-09-17,15:00,22,35,Regulier,1,3
1698,1967-09-17,15:00,4451,13,Regulier,0,0
1699,1967-09-17,15:00,4,522,Regulier,1,1
1700,1967-09-17,15:00,47,246,Regulier,3,1
1701,1967-09-17,15:00,30,16,Regulier,2,2
1702,1967-09-17,15:00,25,2300,Regulier,1,2
1703,1967-09-17,15:00,1,2,Regulier,2,5
1704,1967-09-17,15:00,373,3,Regulier,2,1
1705,1967-09-24,15:00,13,30,Regulier,2,4
1706,1967-09-24,15:00,2300,1,Regulier,0,1
1707,1967-09-24,15:00,246,25,Regulier,0,0
1708,1967-09-24,15:00,16,373,Regulier,2,2
1709,1967-09-24,15:00,2,4,Regulier,3,1
1710,1967-09-24,15:00,522,47,Regulier,4,3
1711,1967-09-24,15:00,3,22,Regulier,1,0
1712,1967-09-24,19:30,35,4451,Regulier,5,0
1713,1967-10-01,15:00,25,16,Regulier,1,2
1714,1967-10-01,15:00,1,373,Regulier,3,1
1715,1967-10-01,15:00,4,35,Regulier,0,3
1716,1967-10-01,15:00,522,13,Regulier,0,0
1717,1967-10-01,15:00,30,3,Regulier,3,1
1718,1967-10-01,15:00,4451,2300,Regulier,2,4
1719,1967-10-01,15:00,246,22,Regulier,0,3
1720,1967-10-01,15:00,47,2,Regulier,2,0
1721,1967-10-15,15:00,2300,522,Regulier,1,1
1722,1967-10-15,15:00,16,4,Regulier,2,1
1723,1967-10-15,15:00,373,4451,Regulier,0,1
1724,1967-10-15,15:00,2,25,Regulier,1,0
1725,1967-10-15,15:00,3,246,Regulier,3,0
1726,1967-10-15,15:00,1,13,Regulier,0,0
1727,1967-10-15,15:00,22,47,Regulier,1,3
1728,1967-10-15,19:30,35,30,Regulier,2,0
1729,1967-10-22,15:00,246,2300,Regulier,0,2
1730,1967-10-22,15:00,13,35,Regulier,2,0
1731,1967-10-22,15:00,4451,22,Regulier,1,1
1732,1967-10-22,15:00,47,16,Regulier,0,1
1733,1967-10-22,15:00,522,373,Regulier,2,1
1734,1967-10-22,15:00,25,1,Regulier,2,0
1735,1967-10-22,15:00,30,2,Regulier,2,1
1736,1967-10-22,15:00,4,3,Regulier,0,2
1737,1967-11-05,15:00,16,35,Regulier,0,0
1738,1967-11-05,15:00,1,522,Regulier,1,2
1739,1967-11-05,15:00,25,4451,Regulier,0,1
1740,1967-11-05,15:00,2300,4,Regulier,2,1
1741,1967-11-05,15:00,373,13,Regulier,3,0
1742,1967-11-05,15:00,2,246,Regulier,1,0
1743,1967-11-05,15:00,3,47,Regulier,0,0
1744,1967-11-05,15:00,22,30,Regulier,4,2
1745,1967-11-12,15:00,522,2,Regulier,3,1
1746,1967-11-12,15:00,13,3,Regulier,0,0
1747,1967-11-12,15:00,35,25,Regulier,4,2
1748,1967-11-12,15:00,4451,16,Regulier,1,1
1749,1967-11-12,15:00,47,373,Regulier,2,2
1750,1967-11-12,15:00,30,1,Regulier,4,1
1751,1967-11-12,15:00,22,2300,Regulier,5,2
1752,1967-11-12,20:00,4,246,Regulier,2,1
1753,1967-11-26,15:00,16,22,Regulier,3,2
1754,1967-11-26,15:00,373,30,Regulier,4,0
1755,1967-11-26,15:00,2300,35,Regulier,1,2
1756,1967-11-26,15:00,25,4,Regulier,4,1
1757,1967-11-26,15:00,1,47,Regulier,0,2
1758,1967-11-26,15:00,246,4451,Regulier,1,0
1759,1967-11-26,15:00,2,13,Regulier,2,0
1760,1967-11-26,15:00,3,522,Regulier,3,1
1761,1967-12-02,19:30,35,3,Regulier,1,1
1762,1967-12-03,14:30,47,2300,Regulier,1,2
1763,1967-12-03,14:30,22,1,Regulier,1,1
1764,1967-12-03,14:30,4,373,Regulier,2,1
1765,1967-12-03,14:30,13,16,Regulier,2,1
1766,1967-12-03,14:30,4451,2,Regulier,5,2
1767,1967-12-03,14:30,30,25,Regulier,1,0
1768,1967-12-03,14:30,522,246,Regulier,2,5
1769,1967-12-10,14:30,1,4,Regulier,1,1
1770,1967-12-10,14:30,2,35,Regulier,1,0
1771,1967-12-10,14:30,3,4451,Regulier,2,1
1772,1967-12-10,14:30,16,522,Regulier,2,1
1773,1967-12-10,14:30,2300,30,Regulier,0,3
1774,1967-12-10,14:30,246,13,Regulier,2,0
1775,1967-12-10,14:30,373,22,Regulier,2,0
1776,1967-12-10,14:30,25,47,Regulier,2,1
1777,1967-12-17,14:30,22,522,Regulier,2,0
1778,1967-12-17,14:30,13,2300,Regulier,2,0
1779,1967-12-17,14:30,35,47,Regulier,4,2
1780,1967-12-17,14:30,4451,1,Regulier,1,0
1781,1967-12-17,14:30,30,4,Regulier,3,2
1782,1967-12-17,14:30,16,2,Regulier,4,1
1783,1967-12-17,14:30,373,246,Regulier,1,1
1784,1967-12-17,14:30,3,25,Regulier,5,0
1785,1968-01-07,14:30,246,35,Regulier,1,0
1786,1968-01-07,14:30,522,30,Regulier,5,3
1787,1968-01-07,14:30,47,13,Regulier,1,4
1788,1968-01-07,14:30,25,373,Regulier,0,1
1789,1968-01-07,14:30,2300,16,Regulier,1,1
1790,1968-01-07,14:30,4,4451,Regulier,0,0
1791,1968-01-07,14:30,1,3,Regulier,0,2
1792,1968-01-07,14:30,2,22,Regulier,2,0
1793,1968-01-14,15:00,35,522,Regulier,2,0
1794,1968-01-14,15:00,16,1,Regulier,0,0
1795,1968-01-14,15:00,13,4,Regulier,3,0
1796,1968-01-14,15:00,373,2,Regulier,3,2
1797,1968-01-14,15:00,3,2300,Regulier,1,0
1798,1968-01-14,15:00,22,25,Regulier,1,0
1799,1968-01-14,15:00,30,246,Regulier,5,1
1800,1968-01-14,15:00,4451,47,Regulier,0,0
1801,1968-01-21,15:00,35,1,Regulier,5,0
1802,1968-01-21,15:00,246,16,Regulier,1,2
1803,1968-01-21,15:00,522,25,Regulier,3,0
1804,1968-01-21,15:00,2300,373,Regulier,3,1
1805,1968-01-21,15:00,3,2,Regulier,4,1
1806,1968-01-21,15:00,4,47,Regulier,1,0
1807,1968-01-21,15:00,30,4451,Regulier,0,5
1808,1968-01-21,20:00,13,22,Regulier,3,0
1809,1968-01-28,15:00,25,13,Regulier,1,2
1810,1968-01-28,15:00,16,3,Regulier,1,2
1811,1968-01-28,15:00,47,30,Regulier,2,2
1812,1968-01-28,15:00,2,2300,Regulier,0,0
1813,1968-01-28,15:00,4451,522,Regulier,2,1
1814,1968-01-28,15:00,1,246,Regulier,2,0
1815,1968-01-28,15:00,373,35,Regulier,0,2
1816,1968-01-28,15:00,22,4,Regulier,0,0
1817,1968-02-03,19:30,16,30,Regulier,4,0
1818,1968-02-04,15:00,522,4,Regulier,1,0
1819,1968-02-04,15:00,35,22,Regulier,2,0
1820,1968-02-04,15:00,2,1,Regulier,1,0
1821,1968-02-04,15:00,246,47,Regulier,0,1
1822,1968-02-04,15:00,13,4451,Regulier,0,0
1823,1968-02-04,15:00,3,373,Regulier,0,0
1824,1968-02-04,15:00,2300,25,Regulier,0,0
1825,1968-02-11,15:00,30,13,Regulier,3,1
1826,1968-02-11,15:00,1,2300,Regulier,0,0
1827,1968-02-11,15:00,25,246,Regulier,1,2
1828,1968-02-11,15:00,4451,35,Regulier,1,1
1829,1968-02-11,15:00,373,16,Regulier,3,2
1830,1968-02-11,15:00,47,522,Regulier,0,0
1831,1968-02-11,15:00,4,2,Regulier,4,4
1832,1968-02-11,15:00,22,3,Regulier,1,0
1833,1968-02-18,15:00,35,4,Regulier,1,0
1834,1968-02-18,15:00,16,25,Regulier,3,0
1835,1968-02-18,15:00,373,1,Regulier,0,0
1836,1968-02-18,15:00,3,30,Regulier,3,1
1837,1968-02-18,15:00,13,522,Regulier,3,0
1838,1968-02-18,15:00,2300,4451,Regulier,1,3
1839,1968-02-18,15:00,22,246,Regulier,2,1
1840,1968-02-18,15:00,2,47,Regulier,3,2
1841,1968-03-03,15:00,30,35,Regulier,2,4
1842,1968-03-03,15:00,25,2,Regulier,3,1
1843,1968-03-03,15:00,13,1,Regulier,3,1
1844,1968-03-03,15:00,246,3,Regulier,1,1
1845,1968-03-03,15:00,4,16,Regulier,1,1
1846,1968-03-03,15:00,47,22,Regulier,1,0
1847,1968-03-03,15:00,4451,373,Regulier,2,1
1848,1968-03-03,15:00,522,2300,Regulier,2,0
1849,1968-03-10,15:00,16,47,Regulier,2,0
1850,1968-03-10,15:00,373,522,Regulier,4,0
1851,1968-03-10,15:00,35,13,Regulier,3,1
1852,1968-03-10,15:00,2300,246,Regulier,0,1
1853,1968-03-10,15:00,22,4451,Regulier,2,3
1854,1968-03-10,15:00,2,30,Regulier,1,0
1855,1968-03-10,15:00,1,25,Regulier,1,2
1856,1968-03-10,15:00,3,4,Regulier,4,2
1857,1968-03-16,19:30,47,3,Regulier,0,0
1858,1968-03-17,15:00,13,373,Regulier,0,2
1859,1968-03-17,15:00,246,2,Regulier,0,1
1860,1968-03-17,15:00,522,1,Regulier,0,1
1861,1968-03-17,15:00,35,16,Regulier,4,0
1862,1968-03-17,15:00,30,22,Regulier,3,1
1863,1968-03-17,15:00,4,2300,Regulier,2,0
1864,1968-03-17,15:00,4451,25,Regulier,0,1
1865,1968-03-24,15:00,3,35,Regulier,2,2
1866,1968-03-24,15:00,16,13,Regulier,2,0
1867,1968-03-24,15:00,2,4451,Regulier,1,1
1868,1968-03-24,15:00,2300,47,Regulier,0,2
1869,1968-03-24,15:00,1,22,Regulier,0,0
1870,1968-03-24,15:00,373,4,Regulier,2,0
1871,1968-03-24,15:00,25,30,Regulier,4,0
1872,1968-03-24,15:00,246,522,Regulier,3,2
1873,1968-03-30,19:30,35,2,Regulier,2,0
1874,1968-03-30,20:00,13,246,Regulier,5,0
1875,1968-03-31,15:00,4,1,Regulier,2,0
1876,1968-03-31,15:00,4451,3,Regulier,1,0
1877,1968-03-31,15:00,22,373,Regulier,2,0
1878,1968-03-31,15:00,522,16,Regulier,1,3
1879,1968-03-31,15:00,47,25,Regulier,2,2
1880,1968-03-31,15:00,30,2300,Regulier,0,0
1881,1968-04-20,19:30,2,16,Regulier,0,4
1882,1968-04-20,20:00,4,30,Regulier,2,0
1883,1968-04-21,15:00,1,4451,Regulier,3,1
1884,1968-04-21,15:00,25,3,Regulier,0,2
1885,1968-04-21,15:00,522,22,Regulier,1,2
1886,1968-04-21,15:00,47,35,Regulier,1,1
1887,1968-04-21,15:00,2300,13,Regulier,3,2
1888,1968-04-21,18:00,246,373,Regulier,1,3
1889,1968-04-28,15:00,13,47,Regulier,2,1
1890,1968-04-28,15:00,35,246,Regulier,4,1
1891,1968-04-28,15:00,22,2,Regulier,0,0
1892,1968-04-28,15:00,4451,4,Regulier,1,0
1893,1968-04-28,15:00,16,2300,Regulier,3,0
1894,1968-04-28,15:00,3,1,Regulier,1,0
1895,1968-04-28,15:00,30,522,Regulier,1,0
1896,1968-04-28,15:00,373,25,Regulier,1,2
1897,1968-05-05,15:00,522,35,Regulier,2,0
1898,1968-05-05,15:00,246,30,Regulier,3,0
1899,1968-05-05,15:00,47,4451,Regulier,2,0
1900,1968-05-05,15:00,1,16,Regulier,0,0
1901,1968-05-05,15:00,2300,3,Regulier,1,2
1902,1968-05-05,15:00,2,373,Regulier,0,1
1903,1968-05-05,15:00,4,13,Regulier,1,0
1904,1968-05-05,15:00,25,22,Regulier,0,1
1905,1968-05-12,15:00,246,4,Regulier,0,1
1906,1968-05-12,15:00,16,4451,Regulier,1,2
1907,1968-05-12,15:00,2,522,Regulier,0,2
1908,1968-05-12,15:00,3,13,Regulier,3,1
1909,1968-05-12,15:00,25,35,Regulier,0,0
1910,1968-05-12,15:00,1,30,Regulier,3,1
1911,1968-05-12,15:00,373,47,Regulier,4,2
1912,1968-05-12,15:00,2300,22,Regulier,2,0
1913,1968-05-18,19:30,13,2,Regulier,3,3
1914,1968-05-19,15:00,522,3,Regulier,0,1
1915,1968-05-19,15:00,22,16,Regulier,0,1
1916,1968-05-19,15:00,35,2300,Regulier,2,0
1917,1968-05-19,15:00,4,25,Regulier,1,0
1918,1968-05-19,15:00,4451,246,Regulier,4,1
1919,1968-05-19,15:00,47,1,Regulier,2,0
1920,1968-05-19,15:00,30,373,Regulier,0,5
1921,1968-09-08,15:00,4451,25,Regulier,1,4
1922,1968-09-08,15:00,2300,4,Regulier,3,1
1923,1968-09-08,15:00,16,10,Regulier,5,1
1924,1968-09-08,15:00,522,2,Regulier,2,0
1925,1968-09-08,15:00,30,3,Regulier,1,2
1926,1968-09-08,15:00,47,13,Regulier,2,1
1927,1968-09-08,15:00,7,22,Regulier,1,1
1928,1968-09-08,19:30,35,373,Regulier,2,2
1929,1968-09-15,15:00,2,16,Regulier,0,3
1930,1968-09-15,15:00,10,2300,Regulier,1,0
1931,1968-09-15,15:00,25,522,Regulier,2,3
1932,1968-09-15,15:00,3,7,Regulier,3,0
1933,1968-09-15,15:00,22,4451,Regulier,2,1
1934,1968-09-15,15:00,4,47,Regulier,2,0
1935,1968-09-15,15:00,373,30,Regulier,1,1
1936,1968-09-15,15:00,13,35,Regulier,2,1
1937,1968-09-22,15:00,2300,47,Regulier,3,3
1938,1968-09-22,15:00,16,25,Regulier,4,0
1939,1968-09-22,15:00,4451,3,Regulier,3,1
1940,1968-09-22,15:00,10,2,Regulier,1,1
1941,1968-09-22,15:00,522,22,Regulier,0,3
1942,1968-09-22,15:00,7,373,Regulier,1,1
1943,1968-09-22,15:00,30,13,Regulier,5,1
1944,1968-09-22,19:30,35,4,Regulier,7,0
1945,1968-09-29,15:00,2,2300,Regulier,3,3
1946,1968-09-29,15:00,22,16,Regulier,2,0
1947,1968-09-29,15:00,47,35,Regulier,0,5
1948,1968-09-29,15:00,3,522,Regulier,3,1
1949,1968-09-29,15:00,4,30,Regulier,2,2
1950,1968-09-29,15:00,25,10,Regulier,0,0
1951,1968-09-29,15:00,13,7,Regulier,1,0
1952,1968-09-29,15:00,373,4451,Regulier,3,0
1953,1968-10-06,15:00,10,22,Regulier,1,2
1954,1968-10-06,15:00,16,3,Regulier,1,0
1955,1968-10-06,15:00,522,373,Regulier,1,1
1956,1968-10-06,15:00,2,25,Regulier,3,1
1957,1968-10-06,15:00,2300,35,Regulier,3,3
1958,1968-10-06,15:00,7,4,Regulier,1,0
1959,1968-10-06,15:00,30,47,Regulier,2,2
1960,1968-10-06,20:00,4451,13,Regulier,2,2
1961,1968-10-20,15:00,35,30,Regulier,0,0
1962,1968-10-20,15:00,373,16,Regulier,2,3
1963,1968-10-20,15:00,3,10,Regulier,2,1
1964,1968-10-20,15:00,13,522,Regulier,1,1
1965,1968-10-20,15:00,25,2300,Regulier,2,1
1966,1968-10-20,15:00,22,2,Regulier,2,0
1967,1968-10-20,15:00,47,7,Regulier,2,2
1968,1968-10-20,15:00,4,4451,Regulier,1,2
1969,1968-10-27,15:00,25,22,Regulier,0,3
1970,1968-10-27,15:00,7,35,Regulier,2,3
1971,1968-10-27,15:00,16,13,Regulier,3,0
1972,1968-10-27,15:00,2300,30,Regulier,1,1
1973,1968-10-27,15:00,10,373,Regulier,1,1
1974,1968-10-27,15:00,522,4,Regulier,2,0
1975,1968-10-27,15:00,2,3,Regulier,1,1
1976,1968-10-27,20:00,4451,47,Regulier,2,1
1977,1968-11-03,15:00,22,2300,Regulier,1,4
1978,1968-11-03,15:00,13,10,Regulier,5,2
1979,1968-11-03,15:00,47,522,Regulier,3,1
1980,1968-11-03,15:00,3,25,Regulier,1,1
1981,1968-11-03,15:00,4,16,Regulier,4,3
1982,1968-11-03,15:00,30,7,Regulier,2,1
1983,1968-11-03,15:00,373,2,Regulier,2,1
1984,1968-11-03,19:30,35,4451,Regulier,2,2
1985,1968-11-10,15:00,16,47,Regulier,0,0
1986,1968-11-10,15:00,22,3,Regulier,1,0
1987,1968-11-10,15:00,25,373,Regulier,1,1
1988,1968-11-10,15:00,522,35,Regulier,1,1
1989,1968-11-10,15:00,2,13,Regulier,1,0
1990,1968-11-10,15:00,4451,30,Regulier,2,2
1991,1968-11-10,15:00,2300,7,Regulier,1,1
1992,1968-11-10,15:00,10,4,Regulier,2,0
1993,1968-11-17,15:00,30,522,Regulier,2,0
1994,1968-11-17,15:00,3,2300,Regulier,2,0
1995,1968-11-17,15:00,35,16,Regulier,0,0
1996,1968-11-17,15:00,13,25,Regulier,8,2
1997,1968-11-17,15:00,4,2,Regulier,4,0
1998,1968-11-17,15:00,47,10,Regulier,1,1
1999,1968-11-17,15:00,373,22,Regulier,3,1
2000,1968-11-17,15:00,7,4451,Regulier,2,1
2001,1968-11-24,15:00,22,13,Regulier,1,1
2002,1968-11-24,15:00,522,7,Regulier,1,1
2003,1968-11-24,15:00,16,30,Regulier,0,0
2004,1968-11-24,15:00,25,4,Regulier,2,2
2005,1968-11-24,15:00,2,47,Regulier,0,2
2006,1968-11-24,15:00,3,373,Regulier,5,0
2007,1968-11-24,15:00,10,35,Regulier,0,2
2008,1968-11-24,15:00,2300,4451,Regulier,1,0
2009,1968-12-01,14:30,35,2,Regulier,2,1
2010,1968-12-01,14:30,4,22,Regulier,3,1
2011,1968-12-01,14:30,7,16,Regulier,0,0
2012,1968-12-01,14:30,373,2300,Regulier,1,0
2013,1968-12-01,14:30,13,3,Regulier,3,1
2014,1968-12-01,14:30,30,10,Regulier,1,3
2015,1968-12-01,14:30,4451,522,Regulier,4,0
2016,1968-12-01,14:30,47,25,Regulier,2,1
2017,1968-12-15,14:30,16,4451,Regulier,3,1
2018,1968-12-15,14:30,22,47,Regulier,1,0
2019,1968-12-15,14:30,25,35,Regulier,1,0
2020,1968-12-15,14:30,2300,522,Regulier,1,0
2021,1968-12-15,14:30,3,4,Regulier,3,0
2022,1968-12-15,14:30,373,13,Regulier,4,1
2023,1968-12-15,14:30,2,30,Regulier,1,4
2024,1968-12-15,14:30,10,7,Regulier,2,0
2025,1968-12-21,19:30,35,22,Regulier,3,1
2026,1968-12-22,14:30,47,3,Regulier,0,1
2027,1968-12-22,14:30,4451,10,Regulier,3,1
2028,1968-12-22,14:30,522,16,Regulier,0,0
2029,1968-12-22,14:30,30,25,Regulier,4,2
2030,1968-12-22,14:30,7,2,Regulier,2,0
2031,1968-12-22,14:30,2300,13,Regulier,1,0
2032,1968-12-22,14:30,4,373,Regulier,0,0
2033,1969-01-05,14:30,13,4,Regulier,1,0
2034,1969-01-05,14:30,25,7,Regulier,0,1
2035,1969-01-05,14:30,10,522,Regulier,0,1
2036,1969-01-05,14:30,2,4451,Regulier,1,0
2037,1969-01-05,14:30,3,35,Regulier,2,2
2038,1969-01-05,14:30,16,2300,Regulier,6,0
2039,1969-01-05,14:30,22,30,Regulier,1,1
2040,1969-01-05,14:30,373,47,Regulier,1,0
2041,1969-01-12,14:30,2,522,Regulier,1,2
2042,1969-01-12,14:30,373,35,Regulier,2,2
2043,1969-01-12,14:30,13,47,Regulier,2,1
2044,1969-01-12,14:30,3,30,Regulier,5,1
2045,1969-01-12,14:30,4,2300,Regulier,3,1
2046,1969-01-12,14:30,10,16,Regulier,0,2
2047,1969-01-12,14:30,25,4451,Regulier,1,2
2048,1969-01-12,14:30,22,7,Regulier,4,0
2049,1969-01-19,15:00,2300,10,Regulier,1,1
2050,1969-01-19,15:00,35,13,Regulier,5,1
2051,1969-01-19,15:00,16,2,Regulier,4,1
2052,1969-01-19,15:00,522,25,Regulier,1,0
2053,1969-01-19,15:00,47,4,Regulier,2,0
2054,1969-01-19,15:00,7,3,Regulier,2,2
2055,1969-01-19,15:00,4451,22,Regulier,3,0
2056,1969-01-19,15:00,30,373,Regulier,2,0
2057,1969-01-26,15:00,4,35,Regulier,0,1
2058,1969-01-26,15:00,22,522,Regulier,3,1
2059,1969-01-26,15:00,25,16,Regulier,0,1
2060,1969-01-26,15:00,13,30,Regulier,1,2
2061,1969-01-26,15:00,2,10,Regulier,0,0
2062,1969-01-26,15:00,373,7,Regulier,0,2
2063,1969-01-26,15:00,47,2300,Regulier,1,0
2064,1969-01-26,15:00,3,4451,Regulier,3,1
2065,1969-02-02,15:00,522,3,Regulier,1,1
2066,1969-02-02,15:00,30,4,Regulier,0,1
2067,1969-02-02,15:00,16,22,Regulier,1,0
2068,1969-02-02,15:00,4451,373,Regulier,2,2
2069,1969-02-02,15:00,2300,2,Regulier,2,1
2070,1969-02-02,15:00,35,47,Regulier,2,0
2071,1969-02-02,15:00,10,25,Regulier,0,0
2072,1969-02-02,15:00,7,13,Regulier,2,0
2073,1969-02-23,15:00,3,16,Regulier,1,0
2074,1969-02-23,15:00,25,2,Regulier,2,1
2075,1969-02-23,15:00,373,522,Regulier,1,3
2076,1969-02-23,16:00,47,30,Regulier,0,2
2077,1969-02-23,19:30,35,2300,Regulier,1,2
2078,1969-02-23,20:00,4,7,Regulier,0,0
2079,1969-02-23,20:00,22,10,Regulier,3,0
2080,1969-02-23,20:00,13,4451,Regulier,2,1
2081,1969-03-02,15:00,16,373,Regulier,3,1
2082,1969-03-02,15:00,10,3,Regulier,1,1
2083,1969-03-02,15:00,522,13,Regulier,1,0
2084,1969-03-02,15:00,30,35,Regulier,2,1
2085,1969-03-02,15:00,2,22,Regulier,0,2
2086,1969-03-02,15:00,2300,25,Regulier,2,0
2087,1969-03-02,15:00,7,47,Regulier,0,0
2088,1969-03-02,15:00,4451,4,Regulier,2,1
2089,1969-03-08,19:30,35,7,Regulier,2,3
2090,1969-03-08,20:00,22,25,Regulier,2,0
2091,1969-03-09,15:00,4,522,Regulier,2,0
2092,1969-03-09,15:00,13,16,Regulier,1,3
2093,1969-03-09,15:00,30,2300,Regulier,2,0
2094,1969-03-09,15:00,373,10,Regulier,3,1
2095,1969-03-09,15:00,47,4451,Regulier,2,0
2096,1969-03-09,15:00,3,2,Regulier,9,2
2097,1969-03-16,15:00,16,4,Regulier,5,0
2098,1969-03-16,15:00,10,13,Regulier,0,0
2099,1969-03-16,15:00,4451,35,Regulier,1,2
2100,1969-03-16,15:00,25,3,Regulier,1,1
2101,1969-03-16,15:00,522,47,Regulier,2,0
2102,1969-03-16,15:00,7,30,Regulier,0,0
2103,1969-03-16,15:00,2300,22,Regulier,3,1
2104,1969-03-16,15:00,2,373,Regulier,1,2
2105,1969-03-22,19:30,35,522,Regulier,2,0
2106,1969-03-23,15:00,373,25,Regulier,2,1
2107,1969-03-23,15:00,30,4451,Regulier,2,0
2108,1969-03-23,15:00,13,2,Regulier,0,1
2109,1969-03-23,15:00,3,22,Regulier,0,1
2110,1969-03-23,15:00,7,2300,Regulier,1,1
2111,1969-03-23,15:00,47,16,Regulier,1,1
2112,1969-03-23,15:00,4,10,Regulier,1,0
2113,1969-03-29,19:30,22,373,Regulier,1,0
2114,1969-03-29,19:30,4451,7,Regulier,3,2
2115,1969-03-30,15:00,25,13,Regulier,1,1
2116,1969-03-30,15:00,522,30,Regulier,1,2
2117,1969-03-30,15:00,16,35,Regulier,1,1
2118,1969-03-30,15:00,2300,3,Regulier,2,1
2119,1969-03-30,15:00,10,47,Regulier,4,2
2120,1969-03-30,15:00,2,4,Regulier,0,1
2121,1969-04-12,16:00,30,16,Regulier,0,2
2122,1969-04-12,19:30,4451,2300,Regulier,3,1
2123,1969-04-13,15:00,35,10,Regulier,0,1
2124,1969-04-13,15:00,7,522,Regulier,1,1
2125,1969-04-13,15:00,47,2,Regulier,1,2
2126,1969-04-13,15:00,4,25,Regulier,2,1
2127,1969-04-13,15:00,373,3,Regulier,1,1
2128,1969-04-13,15:00,13,22,Regulier,0,1
2129,1969-04-19,20:00,22,4,Regulier,1,0
2130,1969-04-20,15:00,522,4451,Regulier,2,2
2131,1969-04-20,15:00,3,13,Regulier,1,0
2132,1969-04-20,15:00,2,35,Regulier,1,1
2133,1969-04-20,15:00,10,30,Regulier,2,1
2134,1969-04-20,15:00,25,47,Regulier,0,0
2135,1969-04-20,15:00,16,7,Regulier,3,0
2136,1969-04-20,15:00,2300,373,Regulier,3,0
2137,1969-04-26,19:30,35,25,Regulier,5,1
2138,1969-04-27,15:00,7,10,Regulier,0,1
2139,1969-04-27,15:00,13,373,Regulier,1,1
2140,1969-04-27,15:00,47,22,Regulier,0,0
2141,1969-04-27,15:00,522,2300,Regulier,1,1
2142,1969-04-27,15:00,30,2,Regulier,3,1
2143,1969-04-27,15:00,4451,16,Regulier,0,2
2144,1969-04-27,15:00,4,3,Regulier,3,1
2145,1969-05-04,15:00,10,4451,Regulier,2,3
2146,1969-05-04,15:00,16,522,Regulier,3,1
2147,1969-05-04,15:00,22,35,Regulier,0,0
2148,1969-05-04,15:00,373,4,Regulier,1,0
2149,1969-05-04,15:00,25,30,Regulier,3,2
2150,1969-05-04,15:00,13,2300,Regulier,3,3
2151,1969-05-04,15:00,2,7,Regulier,2,4
2152,1969-05-04,15:00,3,47,Regulier,0,1
2153,1969-05-10,16:30,30,22,Regulier,0,0
2154,1969-05-10,20:00,4,13,Regulier,2,0
2155,1969-05-10,20:00,4451,2,Regulier,3,0
2156,1969-05-11,15:00,35,3,Regulier,1,1
2157,1969-05-11,15:00,522,10,Regulier,1,0
2158,1969-05-11,15:00,2300,16,Regulier,1,0
2159,1969-05-11,15:00,47,373,Regulier,0,1
2160,1969-05-11,15:00,7,25,Regulier,1,2
2161,1969-09-07,15:00,55,373,Regulier,1,2
2162,1969-09-07,15:00,4,2300,Regulier,0,1
2163,1969-09-07,15:00,522,47,Regulier,1,1
2164,1969-09-07,15:00,30,22,Regulier,1,1
2165,1969-09-07,15:00,53,10,Regulier,0,2
2166,1969-09-07,15:00,4451,7,Regulier,2,0
2167,1969-09-07,19:30,35,3,Regulier,1,3
2168,1969-09-07,20:00,13,16,Regulier,3,0
2169,1969-09-14,15:00,7,4,Regulier,3,1
2170,1969-09-14,15:00,373,4451,Regulier,1,1
2171,1969-09-14,15:00,3,55,Regulier,2,1
2172,1969-09-14,15:00,16,30,Regulier,1,0
2173,1969-09-14,15:00,47,53,Regulier,4,0
2174,1969-09-14,15:00,2300,35,Regulier,0,0
2175,1969-09-14,15:00,10,13,Regulier,0,1
2176,1969-09-14,20:00,22,522,Regulier,0,1
2177,1969-09-21,15:00,522,7,Regulier,1,3
2178,1969-09-21,15:00,55,10,Regulier,0,0
2179,1969-09-21,15:00,30,47,Regulier,0,0
2180,1969-09-21,15:00,53,16,Regulier,0,3
2181,1969-09-21,15:00,4451,13,Regulier,1,1
2182,1969-09-21,15:00,2300,22,Regulier,3,1
2183,1969-09-21,15:00,4,3,Regulier,0,1
2184,1969-09-21,19:30,35,373,Regulier,4,0
2185,1969-09-28,15:00,373,30,Regulier,0,1
2186,1969-09-28,15:00,22,35,Regulier,1,3
2187,1969-09-28,15:00,47,55,Regulier,5,1
2188,1969-09-28,15:00,16,4,Regulier,2,1
2189,1969-09-28,15:00,10,4451,Regulier,2,2
2190,1969-09-28,15:00,3,2300,Regulier,3,2
2191,1969-09-28,15:00,7,53,Regulier,2,2
2192,1969-09-28,20:00,13,522,Regulier,3,0
2193,1969-10-05,15:00,522,16,Regulier,1,2
2194,1969-10-05,15:00,4,10,Regulier,4,0
2195,1969-10-05,15:00,30,3,Regulier,4,0
2196,1969-10-05,15:00,2300,47,Regulier,5,2
2197,1969-10-05,15:00,35,4451,Regulier,7,1
2198,1969-10-05,15:00,53,373,Regulier,2,1
2199,1969-10-05,19:30,55,13,Regulier,2,0
2200,1969-10-05,20:00,22,7,Regulier,1,2
2201,1969-10-12,15:00,47,22,Regulier,1,1
2202,1969-10-12,15:00,373,2300,Regulier,1,1
2203,1969-10-12,15:00,16,35,Regulier,1,0
2204,1969-10-12,15:00,4451,4,Regulier,1,0
2205,1969-10-12,15:00,7,55,Regulier,2,0
2206,1969-10-12,15:00,3,522,Regulier,2,0
2207,1969-10-12,19:30,10,30,Regulier,0,0
2208,1969-10-12,20:00,13,53,Regulier,0,0
2209,1969-10-19,14:30,35,47,Regulier,0,0
2210,1969-10-19,14:30,7,16,Regulier,0,0
2211,1969-10-19,14:30,22,13,Regulier,1,0
2212,1969-10-19,14:30,2300,10,Regulier,1,0
2213,1969-10-19,14:30,4,373,Regulier,0,2
2214,1969-10-19,14:30,53,3,Regulier,0,4
2215,1969-10-19,15:00,522,30,Regulier,0,0
2216,1969-10-19,15:00,55,4451,Regulier,2,2
2217,1969-10-26,15:00,3,47,Regulier,3,0
2218,1969-10-26,15:00,13,4,Regulier,4,0
2219,1969-10-26,15:00,30,2300,Regulier,2,1
2220,1969-10-26,15:00,373,522,Regulier,1,1
2221,1969-10-26,15:00,10,7,Regulier,0,4
2222,1969-10-26,15:00,4451,53,Regulier,2,1
2223,1969-10-26,15:00,16,22,Regulier,2,1
2224,1969-10-26,19:30,55,35,Regulier,1,1
2225,1969-11-02,15:00,2300,16,Regulier,0,0
2226,1969-11-02,15:00,35,13,Regulier,0,1
2227,1969-11-02,15:00,22,3,Regulier,3,1
2228,1969-11-02,15:00,47,4451,Regulier,2,0
2229,1969-11-02,15:00,53,55,Regulier,2,0
2230,1969-11-02,15:00,522,10,Regulier,0,0
2231,1969-11-02,15:00,7,373,Regulier,4,1
2232,1969-11-02,15:00,4,30,Regulier,3,2
2233,1969-11-08,20:00,13,7,Regulier,1,0
2234,1969-11-09,15:00,55,522,Regulier,2,1
2235,1969-11-09,15:00,16,47,Regulier,9,0
2236,1969-11-09,15:00,10,22,Regulier,2,0
2237,1969-11-09,15:00,4451,2300,Regulier,1,1
2238,1969-11-09,15:00,53,4,Regulier,2,2
2239,1969-11-09,15:00,373,3,Regulier,2,2
2240,1969-11-09,16:00,30,35,Regulier,1,0
2241,1969-11-15,20:00,22,53,Regulier,1,0
2242,1969-11-16,15:00,522,4451,Regulier,2,0
2243,1969-11-16,15:00,2300,13,Regulier,1,0
2244,1969-11-16,15:00,35,10,Regulier,2,2
2245,1969-11-16,15:00,3,16,Regulier,1,1
2246,1969-11-16,15:00,47,373,Regulier,0,1
2247,1969-11-16,15:00,30,7,Regulier,3,1
2248,1969-11-16,15:00,4,55,Regulier,4,0
2249,1969-11-22,19:30,55,2300,Regulier,0,2
2250,1969-11-22,20:00,13,30,Regulier,1,1
2251,1969-11-23,15:00,373,16,Regulier,1,3
2252,1969-11-23,15:00,4,35,Regulier,1,4
2253,1969-11-23,15:00,4451,22,Regulier,1,0
2254,1969-11-23,15:00,7,3,Regulier,2,1
2255,1969-11-23,15:00,53,522,Regulier,2,0
2256,1969-11-23,15:00,10,47,Regulier,1,0
2257,1969-11-30,14:30,30,55,Regulier,2,2
2258,1969-11-30,15:00,35,53,Regulier,3,0
2259,1969-11-30,15:00,47,13,Regulier,1,0
2260,1969-11-30,15:00,16,10,Regulier,2,0
2261,1969-11-30,15:00,3,4451,Regulier,4,0
2262,1969-11-30,15:00,22,373,Regulier,4,3
2263,1969-11-30,15:00,2300,7,Regulier,1,2
2264,1969-11-30,16:00,522,4,Regulier,2,2
2265,1969-12-05,20:00,10,373,Regulier,3,1
2266,1969-12-07,14:30,53,2300,Regulier,0,0
2267,1969-12-07,14:30,4,22,Regulier,0,1
2268,1969-12-07,14:30,55,16,Regulier,3,1
2269,1969-12-07,14:30,13,3,Regulier,3,0
2270,1969-12-07,14:30,4451,30,Regulier,1,4
2271,1969-12-07,14:30,7,47,Regulier,1,0
2272,1969-12-07,14:30,522,35,Regulier,2,2
2273,1969-12-14,14:30,16,4451,Regulier,2,0
2274,1969-12-14,14:30,2300,522,Regulier,2,1
2275,1969-12-14,14:30,373,13,Regulier,3,0
2276,1969-12-14,14:30,22,55,Regulier,6,0
2277,1969-12-14,14:30,35,7,Regulier,3,1
2278,1969-12-14,14:30,47,4,Regulier,0,0
2279,1969-12-14,14:30,30,53,Regulier,2,0
2280,1969-12-14,15:00,3,10,Regulier,4,1
2281,1969-12-21,14:30,373,55,Regulier,4,0
2282,1969-12-21,14:30,16,13,Regulier,2,2
2283,1969-12-21,14:30,2300,4,Regulier,2,0
2284,1969-12-21,14:30,7,4451,Regulier,3,0
2285,1969-12-21,14:30,10,53,Regulier,3,3
2286,1969-12-21,14:30,22,30,Regulier,2,0
2287,1969-12-21,14:30,47,522,Regulier,3,2
2288,1969-12-21,15:00,3,35,Regulier,1,0
2289,1970-01-03,20:00,13,10,Regulier,1,0
2290,1970-01-04,14:30,4451,373,Regulier,3,1
2291,1970-01-04,14:30,53,47,Regulier,4,2
2292,1970-01-04,14:30,35,2300,Regulier,5,0
2293,1970-01-04,14:30,55,3,Regulier,1,2
2294,1970-01-04,15:00,4,7,Regulier,0,0
2295,1970-01-04,15:30,522,22,Regulier,1,2
2296,1970-01-04,19:30,30,16,Regulier,0,2
2297,1970-01-10,20:00,13,4451,Regulier,1,1
2298,1970-01-11,14:30,7,522,Regulier,4,1
2299,1970-01-11,14:30,47,30,Regulier,3,1
2300,1970-01-11,14:30,22,2300,Regulier,1,0
2301,1970-01-11,14:30,373,35,Regulier,2,1
2302,1970-01-11,14:30,10,55,Regulier,0,0
2303,1970-01-11,14:30,16,53,Regulier,5,0
2304,1970-01-11,14:30,3,4,Regulier,5,2
2305,1970-01-18,15:00,4451,10,Regulier,3,0
2306,1970-01-18,15:00,53,7,Regulier,0,0
2307,1970-01-18,15:00,55,47,Regulier,0,1
2308,1970-01-18,15:00,35,22,Regulier,2,0
2309,1970-01-18,15:00,4,16,Regulier,1,1
2310,1970-01-18,15:00,2300,3,Regulier,2,3
2311,1970-01-18,15:00,30,373,Regulier,1,1
2312,1970-01-18,15:00,522,13,Regulier,1,1
2313,1970-01-24,20:00,13,55,Regulier,3,1
2314,1970-01-25,15:00,3,30,Regulier,4,1
2315,1970-01-25,15:00,373,53,Regulier,1,0
2316,1970-01-25,15:00,16,522,Regulier,5,3
2317,1970-01-25,15:00,47,2300,Regulier,0,0
2318,1970-01-25,15:00,10,4,Regulier,2,1
2319,1970-01-25,15:00,4451,35,Regulier,1,1
2320,1970-01-25,15:00,7,22,Regulier,4,1
2321,1970-01-31,19:30,55,7,Regulier,0,1
2322,1970-02-01,15:00,30,10,Regulier,2,2
2323,1970-02-01,15:00,2300,373,Regulier,7,1
2324,1970-02-01,15:00,53,13,Regulier,1,2
2325,1970-02-01,15:00,35,16,Regulier,0,2
2326,1970-02-01,15:00,22,47,Regulier,0,0
2327,1970-02-01,15:00,522,3,Regulier,1,1
2328,1970-02-01,15:00,4,4451,Regulier,1,0
2329,1970-02-07,20:00,13,22,Regulier,2,0
2330,1970-02-08,15:00,30,522,Regulier,1,0
2331,1970-02-08,15:00,3,53,Regulier,3,0
2332,1970-02-08,15:00,16,7,Regulier,2,1
2333,1970-02-08,15:00,47,35,Regulier,2,0
2334,1970-02-08,15:00,373,4,Regulier,1,2
2335,1970-02-08,15:00,10,2300,Regulier,0,1
2336,1970-02-08,15:00,4451,55,Regulier,1,0
2337,1970-02-15,15:00,47,3,Regulier,1,1
2338,1970-02-15,15:00,2300,30,Regulier,3,0
2339,1970-02-15,15:00,522,373,Regulier,1,0
2340,1970-02-15,15:00,22,16,Regulier,2,4
2341,1970-02-15,15:00,4,13,Regulier,2,1
2342,1970-02-15,15:00,35,55,Regulier,4,0
2343,1970-02-15,15:00,7,10,Regulier,1,0
2344,1970-02-15,15:00,53,4451,Regulier,1,5
2345,1970-02-28,20:00,13,35,Regulier,1,3
2346,1970-03-01,15:00,16,2300,Regulier,3,0
2347,1970-03-01,15:00,55,53,Regulier,2,0
2348,1970-03-01,15:00,3,22,Regulier,3,1
2349,1970-03-01,15:00,4451,47,Regulier,1,1
2350,1970-03-01,15:00,10,522,Regulier,1,0
2351,1970-03-01,15:00,373,7,Regulier,1,1
2352,1970-03-01,15:00,30,4,Regulier,1,2
2353,1970-03-07,19:30,35,30,Regulier,6,0
2354,1970-03-08,15:00,47,16,Regulier,0,1
2355,1970-03-08,15:00,7,13,Regulier,1,1
2356,1970-03-08,15:00,522,55,Regulier,0,0
2357,1970-03-08,15:00,2300,4451,Regulier,2,0
2358,1970-03-08,19:30,22,10,Regulier,2,0
2359,1970-03-08,19:30,4,53,Regulier,1,1
2360,1970-03-08,20:00,3,373,Regulier,5,0
2361,1970-03-14,19:30,55,4,Regulier,1,0
2362,1970-03-14,20:00,13,2300,Regulier,1,0
2363,1970-03-15,15:00,10,35,Regulier,1,3
2364,1970-03-15,15:00,4451,522,Regulier,1,1
2365,1970-03-15,15:00,53,22,Regulier,1,3
2366,1970-03-15,15:00,7,30,Regulier,1,2
2367,1970-03-15,15:00,16,3,Regulier,2,0
2368,1970-03-15,15:00,373,47,Regulier,0,3
2369,1970-04-04,19:30,30,13,Regulier,2,1
2370,1970-04-04,19:30,22,4451,Regulier,3,1
2371,1970-04-05,15:00,47,10,Regulier,2,0
2372,1970-04-05,15:00,16,373,Regulier,2,0
2373,1970-04-05,15:00,35,4,Regulier,2,0
2374,1970-04-05,15:00,2300,55,Regulier,0,0
2375,1970-04-05,15:00,522,53,Regulier,2,0
2376,1970-04-05,15:00,3,7,Regulier,8,0
2377,1970-04-11,19:30,55,30,Regulier,4,1
2378,1970-04-12,15:00,10,16,Regulier,1,2
2379,1970-04-12,15:00,53,35,Regulier,1,3
2380,1970-04-12,15:00,7,2300,Regulier,0,0
2381,1970-04-12,15:00,373,22,Regulier,3,1
2382,1970-04-12,15:00,4,522,Regulier,3,0
2383,1970-04-12,17:45,4451,3,Regulier,3,4
2384,1970-04-12,20:00,13,47,Regulier,5,0
2385,1970-04-18,19:30,22,4,Regulier,1,0
2386,1970-04-19,15:00,16,55,Regulier,0,3
2387,1970-04-19,15:00,30,4451,Regulier,1,0
2388,1970-04-19,15:00,2300,53,Regulier,5,1
2389,1970-04-19,15:00,35,522,Regulier,3,0
2390,1970-04-19,15:00,47,7,Regulier,1,2
2391,1970-04-19,15:00,3,13,Regulier,2,0
2392,1970-04-19,15:00,373,10,Regulier,1,1
2393,1970-04-25,20:00,13,373,Regulier,2,0
2394,1970-04-25,20:00,7,35,Regulier,3,1
2395,1970-04-26,15:00,10,3,Regulier,2,2
2396,1970-04-26,15:00,4,47,Regulier,1,1
2397,1970-04-26,15:00,4451,16,Regulier,0,2
2398,1970-04-26,15:00,522,2300,Regulier,1,2
2399,1970-04-26,15:00,55,22,Regulier,2,1
2400,1970-04-26,15:00,53,30,Regulier,0,3
2401,1970-09-06,15:00,16,7,Regulier,3,0
2402,1970-09-06,15:00,2300,41,Regulier,0,0
2403,1970-09-06,15:00,3,4,Regulier,3,0
2404,1970-09-06,15:00,55,4451,Regulier,0,0
2405,1970-09-06,15:00,373,10,Regulier,2,1
2406,1970-09-06,20:00,1,47,Regulier,2,0
2407,1970-09-06,20:00,35,22,Regulier,3,0
2408,1970-09-06,20:30,30,13,Regulier,0,1
2409,1970-09-13,15:00,22,16,Regulier,1,1
2410,1970-09-13,15:00,41,35,Regulier,0,1
2411,1970-09-13,15:00,4,30,Regulier,2,0
2412,1970-09-13,20:00,7,1,Regulier,4,0
2413,1970-09-13,20:00,4451,373,Regulier,1,1
2414,1970-09-13,20:00,13,2300,Regulier,0,0
2415,1970-09-13,20:00,10,55,Regulier,4,0
2416,1970-09-13,20:00,47,3,Regulier,1,1
2417,1970-09-20,15:00,2300,22,Regulier,1,0
2418,1970-09-20,15:00,30,4451,Regulier,2,0
2419,1970-09-20,15:00,16,10,Regulier,6,0
2420,1970-09-20,15:00,55,7,Regulier,2,1
2421,1970-09-20,15:00,3,41,Regulier,1,1
2422,1970-09-20,20:00,1,4,Regulier,1,0
2423,1970-09-20,20:00,373,47,Regulier,2,1
2424,1970-09-20,20:00,35,13,Regulier,4,0
2425,1970-09-27,15:00,41,1,Regulier,0,0
2426,1970-09-27,15:00,4,2300,Regulier,3,0
2427,1970-09-27,15:00,10,30,Regulier,0,3
2428,1970-09-27,15:00,4451,16,Regulier,1,1
2429,1970-09-27,15:00,22,3,Regulier,0,2
2430,1970-09-27,15:00,7,373,Regulier,2,2
2431,1970-09-27,20:00,13,55,Regulier,0,0
2432,1970-09-27,20:00,47,35,Regulier,1,2
2433,1970-10-04,15:00,2300,47,Regulier,1,3
2434,1970-10-04,15:00,4451,10,Regulier,2,0
2435,1970-10-04,15:00,16,13,Regulier,3,1
2436,1970-10-04,15:00,30,7,Regulier,2,0
2437,1970-10-04,15:00,373,41,Regulier,1,1
2438,1970-10-04,15:00,55,3,Regulier,1,4
2439,1970-10-04,20:00,35,4,Regulier,5,1
2440,1970-10-04,20:00,1,22,Regulier,1,2
2441,1970-10-11,15:00,2300,4451,Regulier,0,2
2442,1970-10-11,15:00,41,30,Regulier,2,1
2443,1970-10-11,15:00,4,16,Regulier,0,3
2444,1970-10-11,15:00,10,1,Regulier,0,0
2445,1970-10-11,15:00,22,55,Regulier,2,3
2446,1970-10-11,15:00,3,35,Regulier,4,0
2447,1970-10-11,20:00,13,373,Regulier,3,1
2448,1970-10-11,20:00,47,7,Regulier,3,1
2449,1970-10-18,15:00,7,22,Regulier,1,1
2450,1970-10-18,15:00,16,2300,Regulier,1,1
2451,1970-10-18,15:00,10,41,Regulier,4,2
2452,1970-10-18,19:30,55,1,Regulier,3,1
2453,1970-10-18,20:00,373,35,Regulier,1,1
2454,1970-10-18,20:00,13,47,Regulier,3,0
2455,1970-10-18,20:00,4451,4,Regulier,4,0
2456,1970-10-18,20:00,30,3,Regulier,4,1
2457,1970-10-25,15:00,22,13,Regulier,3,3
2458,1970-10-25,15:00,41,7,Regulier,0,2
2459,1970-10-25,15:00,1,16,Regulier,5,0
2460,1970-10-25,15:00,2300,30,Regulier,2,0
2461,1970-10-25,15:00,3,373,Regulier,4,1
2462,1970-10-25,15:00,35,55,Regulier,2,1
2463,1970-10-25,15:00,4,10,Regulier,0,0
2464,1970-10-25,20:00,47,4451,Regulier,1,1
2465,1970-11-01,15:00,10,22,Regulier,3,1
2466,1970-11-01,15:00,4451,3,Regulier,1,1
2467,1970-11-01,15:00,7,35,Regulier,0,3
2468,1970-11-01,19:30,55,47,Regulier,0,1
2469,1970-11-01,20:00,16,41,Regulier,4,0
2470,1970-11-01,20:00,13,4,Regulier,0,1
2471,1970-11-01,20:00,373,2300,Regulier,1,0
2472,1970-11-01,20:30,30,1,Regulier,1,2
2473,1970-11-07,19:30,22,4451,Regulier,1,0
2474,1970-11-08,15:00,3,7,Regulier,2,0
2475,1970-11-08,15:00,47,16,Regulier,1,1
2476,1970-11-08,15:00,1,373,Regulier,3,2
2477,1970-11-08,15:00,41,13,Regulier,1,1
2478,1970-11-08,15:00,4,55,Regulier,0,1
2479,1970-11-08,15:00,2300,10,Regulier,0,0
2480,1970-11-08,19:00,35,30,Regulier,3,1
2481,1970-11-21,19:30,22,47,Regulier,1,4
2482,1970-11-21,19:30,55,30,Regulier,0,1
2483,1970-11-21,20:00,13,1,Regulier,1,0
2484,1970-11-21,20:00,4451,41,Regulier,1,1
2485,1970-11-22,15:00,10,35,Regulier,1,2
2486,1970-11-22,15:00,7,2300,Regulier,0,2
2487,1970-11-22,15:00,373,4,Regulier,0,0
2488,1970-11-22,15:00,16,3,Regulier,4,0
2489,1970-11-28,20:00,47,10,Regulier,1,1
2490,1970-11-29,15:00,35,16,Regulier,0,1
2491,1970-11-29,15:00,30,373,Regulier,4,2
2492,1970-11-29,15:00,1,4451,Regulier,1,0
2493,1970-11-29,15:00,2300,55,Regulier,1,1
2494,1970-11-29,15:00,4,7,Regulier,0,0
2495,1970-11-29,15:00,3,13,Regulier,3,1
2496,1970-11-29,15:00,41,22,Regulier,3,2
2497,1970-12-06,14:30,41,47,Regulier,1,1
2498,1970-12-06,15:00,16,30,Regulier,3,0
2499,1970-12-06,15:00,55,373,Regulier,0,2
2500,1970-12-06,15:00,1,2300,Regulier,0,2
2501,1970-12-06,15:00,22,4,Regulier,1,1
2502,1970-12-06,15:00,7,13,Regulier,0,3
2503,1970-12-06,15:00,4451,35,Regulier,1,0
2504,1970-12-06,15:00,10,3,Regulier,1,2
2505,1970-12-12,20:00,13,10,Regulier,1,0
2506,1970-12-13,15:00,373,22,Regulier,1,0
2507,1970-12-13,15:00,35,1,Regulier,2,1
2508,1970-12-13,15:00,7,4451,Regulier,0,3
2509,1970-12-13,15:00,30,47,Regulier,2,0
2510,1970-12-13,15:00,3,2300,Regulier,3,1
2511,1970-12-13,15:00,55,16,Regulier,0,1
2512,1970-12-13,15:00,4,41,Regulier,1,0
2513,1970-12-20,14:30,2300,35,Regulier,2,1
2514,1970-12-20,14:30,41,55,Regulier,1,1
2515,1970-12-20,15:00,1,3,Regulier,0,2
2516,1970-12-20,15:00,47,4,Regulier,1,0
2517,1970-12-20,15:00,16,373,Regulier,2,1
2518,1970-12-20,15:00,10,7,Regulier,3,1
2519,1970-12-20,15:00,4451,13,Regulier,1,1
2520,1970-12-20,15:00,22,30,Regulier,1,3
2521,1971-01-09,20:00,13,30,Regulier,0,3
2522,1971-01-10,14:30,41,2300,Regulier,0,1
2523,1971-01-10,15:00,10,373,Regulier,2,1
2524,1971-01-10,15:00,7,16,Regulier,0,1
2525,1971-01-10,15:00,4,3,Regulier,1,1
2526,1971-01-10,15:00,47,1,Regulier,1,1
2527,1971-01-10,15:00,22,35,Regulier,0,3
2528,1971-01-10,15:00,4451,55,Regulier,1,1
2529,1971-01-16,20:00,1,7,Regulier,2,2
2530,1971-01-17,15:00,16,22,Regulier,2,0
2531,1971-01-17,15:00,55,10,Regulier,3,0
2532,1971-01-17,15:00,2300,13,Regulier,0,0
2533,1971-01-17,15:00,35,41,Regulier,1,0
2534,1971-01-17,15:00,3,47,Regulier,4,0
2535,1971-01-17,15:00,373,4451,Regulier,2,1
2536,1971-01-17,15:00,30,4,Regulier,2,0
2537,1971-01-23,20:00,13,35,Regulier,0,0
2538,1971-01-24,15:00,7,55,Regulier,1,0
2539,1971-01-24,15:00,22,2300,Regulier,3,2
2540,1971-01-24,15:00,47,373,Regulier,1,0
2541,1971-01-24,15:00,10,16,Regulier,0,4
2542,1971-01-24,15:00,41,3,Regulier,1,4
2543,1971-01-24,15:00,4,1,Regulier,1,1
2544,1971-01-24,15:00,4451,30,Regulier,2,0
2545,1971-02-06,20:00,55,13,Regulier,3,1
2546,1971-02-07,15:00,2300,4,Regulier,0,0
2547,1971-02-07,15:00,1,41,Regulier,1,0
2548,1971-02-07,15:00,35,47,Regulier,0,0
2549,1971-02-07,15:00,30,10,Regulier,1,0
2550,1971-02-07,15:00,16,4451,Regulier,2,1
2551,1971-02-07,15:00,3,22,Regulier,4,0
2552,1971-02-07,15:00,373,7,Regulier,1,0
2553,1971-02-20,20:00,13,16,Regulier,0,2
2554,1971-02-21,15:00,47,2300,Regulier,1,0
2555,1971-02-21,15:00,4,35,Regulier,2,2
2556,1971-02-21,15:00,3,55,Regulier,4,1
2557,1971-02-21,15:00,7,30,Regulier,1,0
2558,1971-02-21,15:00,41,373,Regulier,1,0
2559,1971-02-21,15:00,22,1,Regulier,6,0
2560,1971-02-21,15:00,10,4451,Regulier,2,2
2561,1971-02-27,20:00,55,22,Regulier,2,0
2562,1971-02-28,15:00,7,47,Regulier,0,0
2563,1971-02-28,15:00,16,4,Regulier,3,1
2564,1971-02-28,15:00,35,3,Regulier,1,3
2565,1971-02-28,15:00,30,41,Regulier,2,0
2566,1971-02-28,15:00,4451,2300,Regulier,0,2
2567,1971-02-28,15:00,373,13,Regulier,1,0
2568,1971-02-28,15:00,1,10,Regulier,1,1
2569,1971-03-07,15:00,22,7,Regulier,5,0
2570,1971-03-07,15:00,2300,16,Regulier,1,1
2571,1971-03-07,15:00,41,10,Regulier,3,1
2572,1971-03-07,15:00,4,4451,Regulier,1,0
2573,1971-03-07,20:00,3,30,Regulier,2,3
2574,1971-03-07,20:00,47,13,Regulier,0,1
2575,1971-03-07,20:00,35,373,Regulier,2,2
2576,1971-03-07,20:00,1,55,Regulier,1,0
2577,1971-03-13,20:00,13,22,Regulier,2,0
2578,1971-03-13,20:00,4451,47,Regulier,1,1
2579,1971-03-14,15:00,373,3,Regulier,1,2
2580,1971-03-14,15:00,16,1,Regulier,6,0
2581,1971-03-14,15:00,30,2300,Regulier,2,0
2582,1971-03-14,15:00,7,41,Regulier,0,4
2583,1971-03-14,15:00,10,4,Regulier,0,0
2584,1971-03-14,15:00,55,35,Regulier,2,0
2585,1971-03-20,20:00,3,4451,Regulier,4,2
2586,1971-03-20,20:00,47,55,Regulier,2,0
2587,1971-03-21,15:00,1,30,Regulier,2,1
2588,1971-03-21,15:00,2300,373,Regulier,4,3
2589,1971-03-21,15:00,41,16,Regulier,0,1
2590,1971-03-21,15:00,35,7,Regulier,4,0
2591,1971-03-21,15:00,22,10,Regulier,2,1
2592,1971-03-21,15:00,4,13,Regulier,0,0
2593,1971-03-27,19:30,55,4,Regulier,0,0
2594,1971-03-27,20:00,373,1,Regulier,1,0
2595,1971-03-27,20:00,4451,22,Regulier,0,0
2596,1971-03-27,20:00,30,35,Regulier,0,1
2597,1971-03-27,20:00,13,41,Regulier,1,1
2598,1971-03-28,15:00,16,47,Regulier,1,0
2599,1971-03-28,15:00,7,3,Regulier,1,2
2600,1971-03-28,15:00,10,2300,Regulier,3,0
2601,1971-04-02,20:00,35,10,Regulier,0,1
2602,1971-04-03,20:00,1,13,Regulier,1,2
2603,1971-04-03,20:00,30,55,Regulier,1,0
2604,1971-04-04,15:00,47,22,Regulier,6,0
2605,1971-04-04,15:00,3,16,Regulier,2,3
2606,1971-04-04,15:00,4,373,Regulier,1,0
2607,1971-04-04,15:00,2300,7,Regulier,4,0
2608,1971-04-04,15:00,41,4451,Regulier,2,0
2609,1971-04-17,19:30,55,2300,Regulier,0,3
2610,1971-04-17,20:00,4451,1,Regulier,2,0
2611,1971-04-17,20:00,373,30,Regulier,0,0
2612,1971-04-18,15:00,13,3,Regulier,2,0
2613,1971-04-18,15:00,10,47,Regulier,0,2
2614,1971-04-18,15:00,16,35,Regulier,1,3
2615,1971-04-18,15:00,22,41,Regulier,0,0
2616,1971-04-18,15:00,7,4,Regulier,1,1
2617,1971-04-24,20:00,13,7,Regulier,2,1
2618,1971-04-24,20:00,4,22,Regulier,0,0
2619,1971-04-24,20:00,373,55,Regulier,2,0
2620,1971-04-24,20:00,35,4451,Regulier,3,1
2621,1971-04-25,15:00,30,16,Regulier,2,1
2622,1971-04-25,15:00,47,41,Regulier,1,0
2623,1971-04-25,15:00,2300,1,Regulier,3,2
2624,1971-04-25,15:00,3,10,Regulier,2,0
2625,1971-05-01,15:00,4451,7,Regulier,2,0
2626,1971-05-02,15:00,2300,3,Regulier,0,2
2627,1971-05-02,15:00,1,35,Regulier,1,3
2628,1971-05-02,15:00,41,4,Regulier,3,0
2629,1971-05-02,15:00,16,55,Regulier,4,1
2630,1971-05-02,15:00,10,13,Regulier,3,1
2631,1971-05-02,15:00,22,373,Regulier,2,0
2632,1971-05-02,15:00,47,30,Regulier,0,2
2633,1971-05-08,20:00,13,4451,Regulier,5,0
2634,1971-05-08,20:00,35,2300,Regulier,1,0
2635,1971-05-09,15:00,3,1,Regulier,2,0
2636,1971-05-09,15:00,55,41,Regulier,3,1
2637,1971-05-09,15:00,373,16,Regulier,2,0
2638,1971-05-09,15:00,7,10,Regulier,4,8
2639,1971-05-09,15:00,30,22,Regulier,2,3
2640,1971-05-09,15:00,4,47,Regulier,0,1
2641,1971-09-05,14:30,25,2300,Regulier,1,0
2642,1971-09-05,15:00,4451,30,Regulier,3,1
2643,1971-09-05,15:00,41,55,Regulier,1,1
2644,1971-09-05,15:00,12,373,Regulier,0,1
2645,1971-09-05,19:30,4,1,Regulier,4,2
2646,1971-09-05,20:00,47,16,Regulier,2,1
2647,1971-09-05,20:00,10,3,Regulier,1,3
2648,1971-09-05,20:00,13,35,Regulier,1,1
2649,1971-09-12,15:00,55,10,Regulier,0,1
2650,1971-09-12,15:00,2300,4,Regulier,2,0
2651,1971-09-12,15:00,16,12,Regulier,1,0
2652,1971-09-12,20:00,30,13,Regulier,2,0
2653,1971-09-12,20:00,35,4451,Regulier,2,1
2654,1971-09-12,20:00,1,25,Regulier,2,0
2655,1971-09-12,20:00,373,47,Regulier,0,1
2656,1971-09-12,20:00,3,41,Regulier,5,0
2657,1971-09-19,15:00,4,3,Regulier,1,1
2658,1971-09-19,15:00,13,16,Regulier,1,3
2659,1971-09-19,15:00,25,30,Regulier,2,2
2660,1971-09-19,15:00,4451,373,Regulier,1,1
2661,1971-09-19,15:00,12,35,Regulier,2,0
2662,1971-09-19,15:00,41,2300,Regulier,2,3
2663,1971-09-19,15:00,10,1,Regulier,1,0
2664,1971-09-19,20:00,47,55,Regulier,0,0
2665,1971-09-26,15:00,2300,10,Regulier,0,1
2666,1971-09-26,15:00,1,41,Regulier,1,1
2667,1971-09-26,15:00,3,4451,Regulier,3,1
2668,1971-09-26,15:00,30,12,Regulier,0,1
2669,1971-09-26,15:00,55,25,Regulier,0,0
2670,1971-09-26,15:00,16,4,Regulier,4,0
2671,1971-09-26,20:00,35,47,Regulier,1,1
2672,1971-09-26,20:00,373,13,Regulier,2,1
2673,1971-10-03,15:00,12,10,Regulier,0,0
2674,1971-10-03,15:00,35,1,Regulier,3,2
2675,1971-10-03,15:00,4451,55,Regulier,1,2
2676,1971-10-03,15:00,373,16,Regulier,1,2
2677,1971-10-03,15:00,4,41,Regulier,2,1
2678,1971-10-03,15:00,25,3,Regulier,1,2
2679,1971-10-03,15:00,47,30,Regulier,1,0
2680,1971-10-03,20:00,13,2300,Regulier,3,1
2681,1971-10-10,15:00,16,35,Regulier,4,0
2682,1971-10-10,15:00,55,13,Regulier,0,0
2683,1971-10-10,15:00,3,12,Regulier,1,1
2684,1971-10-10,15:00,41,25,Regulier,1,0
2685,1971-10-10,15:00,10,4,Regulier,2,1
2686,1971-10-10,15:00,30,373,Regulier,2,2
2687,1971-10-10,15:00,2300,4451,Regulier,1,3
2688,1971-10-10,20:00,1,47,Regulier,1,2
2689,1971-10-17,15:00,30,41,Regulier,0,0
2690,1971-10-17,15:00,16,2300,Regulier,3,1
2691,1971-10-17,15:00,12,1,Regulier,1,4
2692,1971-10-17,15:00,47,4,Regulier,5,0
2693,1971-10-17,15:00,4451,25,Regulier,0,0
2694,1971-10-17,20:00,373,55,Regulier,2,0
2695,1971-10-17,20:00,13,3,Regulier,1,3
2696,1971-10-17,20:00,35,10,Regulier,6,0
2697,1971-10-24,15:00,25,47,Regulier,1,0
2698,1971-10-24,15:00,3,16,Regulier,0,0
2699,1971-10-24,15:00,10,4451,Regulier,0,0
2700,1971-10-24,15:00,55,35,Regulier,0,2
2701,1971-10-24,15:00,1,13,Regulier,1,0
2702,1971-10-24,15:00,2300,373,Regulier,0,0
2703,1971-10-24,15:00,4,30,Regulier,0,2
2704,1971-10-24,15:00,41,12,Regulier,0,1
2705,1971-10-31,15:00,30,2300,Regulier,1,2
2706,1971-10-31,15:00,4451,4,Regulier,3,0
2707,1971-10-31,15:00,12,25,Regulier,1,0
2708,1971-10-31,15:00,16,55,Regulier,4,0
2709,1971-10-31,15:00,47,41,Regulier,0,2
2710,1971-10-31,20:00,13,10,Regulier,2,1
2711,1971-10-31,20:00,373,1,Regulier,1,1
2712,1971-10-31,20:00,35,3,Regulier,1,1
2713,1971-11-14,15:00,2300,35,Regulier,1,2
2714,1971-11-14,15:00,1,16,Regulier,0,0
2715,1971-11-14,15:00,4,12,Regulier,2,2
2716,1971-11-14,15:00,55,30,Regulier,2,2
2717,1971-11-14,15:00,25,13,Regulier,4,0
2718,1971-11-14,15:00,41,4451,Regulier,3,1
2719,1971-11-14,15:00,3,373,Regulier,3,1
2720,1971-11-14,15:00,10,47,Regulier,3,1
2721,1971-11-27,20:00,13,4,Regulier,0,2
2722,1971-11-28,15:00,4451,47,Regulier,1,2
2723,1971-11-28,15:00,35,41,Regulier,8,1
2724,1971-11-28,15:00,373,25,Regulier,0,2
2725,1971-11-28,15:00,12,2300,Regulier,1,0
2726,1971-11-28,15:00,16,10,Regulier,2,1
2727,1971-11-28,15:00,30,1,Regulier,0,3
2728,1971-11-28,15:00,55,3,Regulier,0,1
2729,1971-12-04,20:00,3,30,Regulier,3,0
2730,1971-12-05,14:30,25,16,Regulier,0,0
2731,1971-12-05,14:30,41,13,Regulier,1,0
2732,1971-12-05,14:30,2300,55,Regulier,1,1
2733,1971-12-05,15:00,47,12,Regulier,0,1
2734,1971-12-05,15:00,4,35,Regulier,1,0
2735,1971-12-05,15:00,10,373,Regulier,1,0
2736,1971-12-05,15:00,1,4451,Regulier,1,0
2737,1971-12-11,20:00,13,47,Regulier,0,0
2738,1971-12-12,14:30,25,10,Regulier,2,0
2739,1971-12-12,15:00,3,2300,Regulier,6,1
2740,1971-12-12,15:00,55,1,Regulier,1,0
2741,1971-12-12,15:00,4451,12,Regulier,1,2
2742,1971-12-12,15:00,16,41,Regulier,3,1
2743,1971-12-12,15:00,35,30,Regulier,4,0
2744,1971-12-12,15:00,373,4,Regulier,1,0
2745,1971-12-19,14:30,41,373,Regulier,1,0
2746,1971-12-19,14:30,12,13,Regulier,3,1
2747,1971-12-19,15:00,4451,16,Regulier,1,1
2748,1971-12-19,15:00,4,55,Regulier,1,0
2749,1971-12-19,15:00,47,2300,Regulier,3,0
2750,1971-12-19,15:00,35,25,Regulier,1,1
2751,1971-12-19,15:00,30,10,Regulier,3,1
2752,1971-12-19,15:00,1,3,Regulier,1,3
2753,1972-01-08,20:00,13,4451,Regulier,2,0
2754,1972-01-09,14:30,25,4,Regulier,4,0
2755,1972-01-09,14:30,2300,1,Regulier,1,0
2756,1972-01-09,15:00,3,47,Regulier,2,0
2757,1972-01-09,15:00,55,12,Regulier,1,0
2758,1972-01-09,15:00,10,41,Regulier,1,1
2759,1972-01-09,15:00,16,30,Regulier,2,0
2760,1972-01-09,15:00,373,35,Regulier,1,2
2761,1972-01-16,15:00,1,4,Regulier,0,0
2762,1972-01-16,15:00,35,13,Regulier,2,1
2763,1972-01-16,15:00,3,10,Regulier,3,2
2764,1972-01-16,15:00,373,12,Regulier,1,0
2765,1972-01-16,15:00,55,41,Regulier,1,1
2766,1972-01-16,15:00,16,47,Regulier,2,3
2767,1972-01-16,15:00,2300,25,Regulier,0,1
2768,1972-01-16,15:00,30,4451,Regulier,3,2
2769,1972-01-23,15:00,4451,35,Regulier,0,4
2770,1972-01-23,15:00,47,373,Regulier,1,1
2771,1972-01-23,15:00,4,2300,Regulier,3,0
2772,1972-01-23,15:00,10,55,Regulier,0,2
2773,1972-01-23,15:00,12,16,Regulier,0,0
2774,1972-01-23,15:00,41,3,Regulier,1,2
2775,1972-01-23,15:00,25,1,Regulier,2,2
2776,1972-01-23,20:00,13,30,Regulier,2,0
2777,1972-01-30,15:00,35,12,Regulier,1,0
2778,1972-01-30,15:00,3,4,Regulier,3,1
2779,1972-01-30,15:00,373,4451,Regulier,3,1
2780,1972-01-30,15:00,2300,41,Regulier,0,0
2781,1972-01-30,15:00,1,10,Regulier,0,0
2782,1972-01-30,15:00,16,13,Regulier,0,0
2783,1972-01-30,15:00,55,47,Regulier,1,3
2784,1972-01-30,15:00,30,25,Regulier,2,1
2785,1972-02-05,20:00,13,373,Regulier,3,1
2786,1972-02-06,15:00,47,35,Regulier,1,1
2787,1972-02-06,15:00,41,1,Regulier,2,1
2788,1972-02-06,15:00,4,16,Regulier,1,2
2789,1972-02-06,15:00,10,2300,Regulier,0,0
2790,1972-02-06,15:00,12,30,Regulier,1,2
2791,1972-02-06,15:00,4451,3,Regulier,1,0
2792,1972-02-06,15:00,25,55,Regulier,1,1
2793,1972-02-13,15:00,30,47,Regulier,1,0
2794,1972-02-13,15:00,2300,13,Regulier,0,1
2795,1972-02-13,15:00,10,12,Regulier,1,1
2796,1972-02-13,15:00,16,373,Regulier,3,0
2797,1972-02-13,15:00,1,35,Regulier,1,0
2798,1972-02-13,15:00,3,25,Regulier,1,0
2799,1972-02-13,15:00,55,4451,Regulier,1,1
2800,1972-02-13,15:00,41,4,Regulier,2,1
2801,1972-02-19,20:00,47,1,Regulier,1,0
2802,1972-02-19,20:00,13,55,Regulier,0,0
2803,1972-02-20,15:00,35,16,Regulier,1,1
2804,1972-02-20,15:00,4,10,Regulier,5,0
2805,1972-02-20,15:00,25,41,Regulier,1,1
2806,1972-02-20,15:00,12,3,Regulier,1,0
2807,1972-02-20,15:00,373,30,Regulier,3,2
2808,1972-02-20,15:00,4451,2300,Regulier,2,0
2809,1972-02-26,19:30,55,373,Regulier,0,1
2810,1972-02-27,15:00,1,12,Regulier,1,1
2811,1972-02-27,15:00,2300,16,Regulier,0,2
2812,1972-02-27,15:00,10,35,Regulier,0,2
2813,1972-02-27,15:00,4,47,Regulier,1,0
2814,1972-02-27,15:00,41,30,Regulier,0,0
2815,1972-02-27,15:00,3,13,Regulier,2,0
2816,1972-02-27,15:00,25,4451,Regulier,2,0
2817,1972-03-04,20:00,16,3,Regulier,0,0
2818,1972-03-04,20:00,35,55,Regulier,5,0
2819,1972-03-04,20:00,30,4,Regulier,3,1
2820,1972-03-04,20:00,13,1,Regulier,1,0
2821,1972-03-05,15:00,47,25,Regulier,0,0
2822,1972-03-05,15:00,373,2300,Regulier,0,0
2823,1972-03-05,15:00,4451,10,Regulier,0,0
2824,1972-03-05,15:00,12,41,Regulier,2,0
2825,1972-03-12,15:00,4,4451,Regulier,4,0
2826,1972-03-12,15:00,2300,30,Regulier,2,4
2827,1972-03-12,15:00,55,16,Regulier,0,2
2828,1972-03-12,15:00,10,13,Regulier,1,0
2829,1972-03-12,15:00,41,47,Regulier,1,1
2830,1972-03-12,15:00,3,35,Regulier,0,2
2831,1972-03-12,15:00,1,373,Regulier,4,1
2832,1972-03-12,15:00,25,12,Regulier,1,0
2833,1972-03-18,19:00,35,2300,Regulier,3,1
2834,1972-03-18,20:00,16,1,Regulier,1,1
2835,1972-03-18,20:00,13,25,Regulier,3,1
2836,1972-03-18,20:00,373,3,Regulier,1,1
2837,1972-03-19,15:00,30,55,Regulier,0,0
2838,1972-03-19,15:00,12,4,Regulier,3,1
2839,1972-03-19,15:00,4451,41,Regulier,2,0
2840,1972-03-19,15:00,47,10,Regulier,4,1
2841,1972-03-25,20:00,47,4451,Regulier,1,0
2842,1972-03-26,15:00,1,30,Regulier,1,2
2843,1972-03-26,15:00,4,13,Regulier,1,0
2844,1972-03-26,15:00,25,373,Regulier,1,1
2845,1972-03-26,15:00,2300,12,Regulier,1,0
2846,1972-03-26,15:00,41,35,Regulier,0,1
2847,1972-03-26,15:00,10,16,Regulier,1,1
2848,1972-03-26,15:00,3,55,Regulier,1,0
2849,1972-04-08,20:00,13,41,Regulier,5,1
2850,1972-04-08,20:00,35,4,Regulier,4,0
2851,1972-04-08,20:00,30,3,Regulier,1,1
2852,1972-04-08,20:00,373,10,Regulier,0,1
2853,1972-04-09,15:00,12,47,Regulier,2,2
2854,1972-04-09,15:00,55,2300,Regulier,2,1
2855,1972-04-09,15:00,16,25,Regulier,2,2
2856,1972-04-09,15:00,4451,1,Regulier,2,0
2857,1972-04-15,20:00,1,55,Regulier,0,1
2858,1972-04-15,20:00,47,13,Regulier,4,1
2859,1972-04-15,20:00,30,35,Regulier,0,0
2860,1972-04-16,15:00,4,373,Regulier,2,0
2861,1972-04-16,15:00,2300,3,Regulier,0,4
2862,1972-04-16,15:00,41,16,Regulier,1,0
2863,1972-04-16,15:00,10,25,Regulier,0,1
2864,1972-04-16,15:00,12,4451,Regulier,0,0
2865,1972-04-23,15:00,10,30,Regulier,2,0
2866,1972-04-23,15:00,13,12,Regulier,1,0
2867,1972-04-23,15:00,16,4451,Regulier,2,0
2868,1972-04-23,15:00,2300,47,Regulier,2,2
2869,1972-04-23,15:00,25,35,Regulier,2,3
2870,1972-04-23,15:00,373,41,Regulier,4,1
2871,1972-04-23,15:00,3,1,Regulier,1,1
2872,1972-04-23,15:00,55,4,Regulier,0,0
2873,1972-05-07,15:00,47,3,Regulier,1,1
2874,1972-05-07,15:00,12,55,Regulier,3,0
2875,1972-05-07,15:00,4451,13,Regulier,2,3
2876,1972-05-07,15:00,30,16,Regulier,1,0
2877,1972-05-07,15:00,1,2300,Regulier,1,0
2878,1972-05-07,15:00,41,10,Regulier,0,3
2879,1972-05-07,15:00,4,25,Regulier,6,1
2880,1972-05-07,15:00,35,373,Regulier,5,1
2881,1972-09-03,15:00,55,10,Regulier,0,0
2882,1972-09-03,15:00,522,373,Regulier,0,0
2883,1972-09-03,15:00,4,16,Regulier,0,1
2884,1972-09-03,20:00,13,25,Regulier,1,2
2885,1972-09-03,20:00,30,28,Regulier,1,1
2886,1972-09-03,20:00,35,12,Regulier,1,0
2887,1972-09-03,20:00,3,41,Regulier,3,1
2888,1972-09-03,20:15,1,47,Regulier,0,1
2889,1972-09-10,15:00,41,13,Regulier,1,3
2890,1972-09-10,15:00,25,55,Regulier,0,1
2891,1972-09-10,15:00,10,30,Regulier,0,1
2892,1972-09-10,15:00,16,522,Regulier,2,0
2893,1972-09-10,15:00,28,3,Regulier,1,1
2894,1972-09-10,20:00,47,35,Regulier,0,0
2895,1972-09-10,20:00,373,1,Regulier,0,1
2896,1972-09-10,20:00,12,4,Regulier,2,1
2897,1972-09-17,15:00,3,1,Regulier,2,1
2898,1972-09-17,15:00,30,35,Regulier,2,1
2899,1972-09-17,15:00,16,373,Regulier,1,0
2900,1972-09-17,15:00,41,28,Regulier,0,1
2901,1972-09-17,15:00,10,12,Regulier,1,1
2902,1972-09-17,15:00,25,522,Regulier,1,1
2903,1972-09-17,20:00,13,4,Regulier,1,2
2904,1972-09-17,20:00,55,47,Regulier,1,1
2905,1972-09-24,15:00,28,12,Regulier,0,0
2906,1972-09-24,15:00,47,13,Regulier,0,1
2907,1972-09-24,15:00,522,10,Regulier,2,1
2908,1972-09-24,15:00,1,16,Regulier,1,0
2909,1972-09-24,20:00,373,41,Regulier,2,1
2910,1972-09-24,20:00,35,55,Regulier,2,1
2911,1972-09-24,20:00,3,30,Regulier,1,0
2912,1972-09-24,20:00,4,25,Regulier,1,1
2913,1972-10-08,15:00,25,28,Regulier,1,0
2914,1972-10-08,15:00,55,4,Regulier,0,0
2915,1972-10-08,15:00,13,35,Regulier,2,3
2916,1972-10-08,15:00,16,3,Regulier,1,1
2917,1972-10-08,15:00,41,522,Regulier,3,3
2918,1972-10-08,15:00,10,47,Regulier,0,0
2919,1972-10-08,20:00,12,373,Regulier,1,0
2920,1972-10-08,20:00,30,1,Regulier,1,1
2921,1972-10-15,15:00,522,55,Regulier,1,0
2922,1972-10-15,15:00,3,25,Regulier,3,2
2923,1972-10-15,15:00,47,16,Regulier,1,1
2924,1972-10-15,15:00,1,10,Regulier,4,0
2925,1972-10-15,15:00,30,12,Regulier,3,1
2926,1972-10-15,15:00,4,41,Regulier,1,0
2927,1972-10-15,20:00,373,13,Regulier,0,2
2928,1972-10-15,20:00,35,28,Regulier,3,1
2929,1972-10-22,15:00,41,47,Regulier,0,3
2930,1972-10-22,15:00,28,522,Regulier,2,0
2931,1972-10-22,15:00,4,35,Regulier,1,0
2932,1972-10-22,15:00,12,3,Regulier,0,5
2933,1972-10-22,15:00,25,30,Regulier,4,1
2934,1972-10-22,15:00,10,16,Regulier,2,2
2935,1972-10-22,20:00,13,1,Regulier,2,1
2936,1972-10-22,20:00,55,373,Regulier,0,0
2937,1972-10-29,15:00,522,13,Regulier,0,0
2938,1972-10-29,15:00,1,28,Regulier,1,0
2939,1972-10-29,15:00,35,41,Regulier,4,0
2940,1972-10-29,15:00,3,10,Regulier,3,0
2941,1972-10-29,15:00,47,4,Regulier,0,0
2942,1972-10-29,15:00,16,12,Regulier,0,1
2943,1972-10-29,20:00,373,25,Regulier,2,2
2944,1972-10-29,20:00,30,55,Regulier,1,0
2945,1972-11-05,15:00,12,1,Regulier,2,1
2946,1972-11-05,15:00,4,522,Regulier,0,2
2947,1972-11-05,15:00,28,373,Regulier,1,0
2948,1972-11-05,15:00,25,47,Regulier,1,1
2949,1972-11-05,15:00,41,30,Regulier,2,2
2950,1972-11-05,15:00,55,16,Regulier,1,2
2951,1972-11-05,20:00,13,3,Regulier,2,1
2952,1972-11-05,20:00,10,35,Regulier,1,0
2953,1972-11-11,20:00,30,13,Regulier,4,3
2954,1972-11-12,15:00,16,41,Regulier,3,0
2955,1972-11-12,15:00,3,4,Regulier,3,1
2956,1972-11-12,15:00,35,25,Regulier,1,1
2957,1972-11-12,15:00,522,12,Regulier,0,4
2958,1972-11-12,15:00,47,28,Regulier,2,0
2959,1972-11-12,15:00,1,55,Regulier,3,1
2960,1972-11-12,15:00,373,10,Regulier,0,0
2961,1972-11-25,20:00,55,3,Regulier,1,3
2962,1972-11-26,15:00,25,41,Regulier,0,1
2963,1972-11-26,15:00,373,30,Regulier,2,2
2964,1972-11-26,15:00,12,47,Regulier,1,1
2965,1972-11-26,15:00,35,16,Regulier,3,2
2966,1972-11-26,15:00,28,13,Regulier,1,2
2967,1972-11-26,15:00,522,1,Regulier,2,0
2968,1972-11-26,15:00,4,10,Regulier,1,0
2969,1972-12-02,20:00,13,55,Regulier,1,0
2970,1972-12-03,14:30,41,12,Regulier,0,1
2971,1972-12-03,15:00,16,25,Regulier,3,0
2972,1972-12-03,15:00,30,522,Regulier,3,2
2973,1972-12-03,15:00,10,28,Regulier,1,1
2974,1972-12-03,15:00,3,35,Regulier,2,0
2975,1972-12-03,15:00,1,4,Regulier,1,1
2976,1972-12-03,15:00,47,373,Regulier,3,0
2977,1972-12-10,14:30,28,16,Regulier,0,1
2978,1972-12-10,14:30,522,47,Regulier,0,0
2979,1972-12-10,14:30,25,10,Regulier,1,0
2980,1972-12-10,15:00,35,1,Regulier,2,2
2981,1972-12-10,15:00,12,13,Regulier,1,2
2982,1972-12-10,15:00,373,3,Regulier,0,2
2983,1972-12-10,15:00,55,41,Regulier,3,1
2984,1972-12-10,15:00,4,30,Regulier,3,2
2985,1972-12-16,20:00,13,16,Regulier,0,1
2986,1972-12-17,14:30,41,10,Regulier,2,0
2987,1972-12-17,14:30,25,1,Regulier,2,0
2988,1972-12-17,15:00,4,28,Regulier,0,1
2989,1972-12-17,15:00,35,373,Regulier,1,1
2990,1972-12-17,15:00,55,12,Regulier,0,0
2991,1972-12-17,15:00,30,47,Regulier,1,5
2992,1972-12-17,15:00,3,522,Regulier,1,0
2993,1973-01-06,20:00,10,13,Regulier,1,1
2994,1973-01-07,14:30,522,35,Regulier,2,5
2995,1973-01-07,14:30,28,55,Regulier,3,0
2996,1973-01-07,15:00,373,4,Regulier,2,1
2997,1973-01-07,15:00,12,25,Regulier,2,3
2998,1973-01-07,15:00,16,30,Regulier,0,0
2999,1973-01-07,15:00,47,3,Regulier,1,1
3000,1973-01-07,15:00,1,41,Regulier,2,0
3001,1973-01-14,14:30,28,30,Regulier,0,0
3002,1973-01-14,14:30,41,3,Regulier,2,0
3003,1973-01-14,14:30,25,13,Regulier,0,0
3004,1973-01-14,15:00,12,35,Regulier,1,2
3005,1973-01-14,15:00,47,1,Regulier,3,0
3006,1973-01-14,15:00,10,55,Regulier,1,0
3007,1973-01-14,15:00,16,4,Regulier,1,0
3008,1973-01-14,15:00,373,522,Regulier,0,0
3009,1973-01-20,20:00,13,41,Regulier,1,0
3010,1973-01-20,20:00,35,47,Regulier,0,0
3011,1973-01-21,15:00,55,25,Regulier,0,3
3012,1973-01-21,15:00,4,12,Regulier,1,1
3013,1973-01-21,15:00,1,373,Regulier,4,2
3014,1973-01-21,15:00,522,16,Regulier,0,0
3015,1973-01-21,15:00,30,10,Regulier,1,0
3016,1973-01-21,15:00,3,28,Regulier,1,1
3017,1973-01-27,15:00,28,41,Regulier,2,1
3018,1973-01-27,20:00,47,55,Regulier,3,0
3019,1973-01-28,15:00,373,16,Regulier,1,1
3020,1973-01-28,15:00,35,30,Regulier,0,0
3021,1973-01-28,15:00,12,10,Regulier,3,0
3022,1973-01-28,15:00,522,25,Regulier,1,2
3023,1973-01-28,15:00,4,13,Regulier,1,0
3024,1973-01-28,15:00,1,3,Regulier,0,1
3025,1973-02-03,19:30,10,522,Regulier,2,0
3026,1973-02-03,20:00,13,47,Regulier,1,1
3027,1973-02-04,15:00,12,28,Regulier,1,1
3028,1973-02-04,15:00,41,373,Regulier,3,2
3029,1973-02-04,15:00,16,1,Regulier,2,0
3030,1973-02-04,15:00,55,35,Regulier,1,6
3031,1973-02-04,15:00,25,4,Regulier,2,2
3032,1973-02-04,15:00,30,3,Regulier,1,2
3033,1973-02-10,15:00,28,25,Regulier,0,0
3034,1973-02-10,20:00,35,13,Regulier,3,0
3035,1973-02-11,15:00,373,12,Regulier,0,0
3036,1973-02-11,15:00,47,10,Regulier,1,3
3037,1973-02-11,15:00,3,16,Regulier,2,2
3038,1973-02-11,15:00,1,30,Regulier,4,1
3039,1973-02-11,15:00,4,55,Regulier,0,0
3040,1973-02-11,15:00,522,41,Regulier,2,0
3041,1973-02-17,20:00,13,373,Regulier,3,1
3042,1973-02-18,15:00,28,35,Regulier,2,1
3043,1973-02-18,15:00,16,47,Regulier,1,1
3044,1973-02-18,15:00,25,3,Regulier,0,0
3045,1973-02-18,15:00,41,4,Regulier,2,3
3046,1973-02-18,15:00,12,30,Regulier,0,2
3047,1973-02-18,15:00,10,1,Regulier,0,2
3048,1973-02-18,15:00,55,522,Regulier,1,3
3049,1973-03-03,20:00,47,41,Regulier,4,0
3050,1973-03-03,20:00,373,55,Regulier,2,1
3051,1973-03-03,20:00,30,25,Regulier,1,1
3052,1973-03-04,15:00,16,10,Regulier,1,1
3053,1973-03-04,15:00,3,12,Regulier,2,2
3054,1973-03-04,15:00,35,4,Regulier,1,1
3055,1973-03-04,15:00,1,13,Regulier,1,1
3056,1973-03-04,15:00,522,28,Regulier,1,0
3057,1973-03-10,20:00,13,522,Regulier,1,0
3058,1973-03-10,20:00,55,30,Regulier,0,6
3059,1973-03-11,15:00,41,35,Regulier,0,0
3060,1973-03-11,15:00,25,373,Regulier,1,1
3061,1973-03-11,15:00,10,3,Regulier,0,2
3062,1973-03-11,15:00,4,47,Regulier,0,3
3063,1973-03-11,15:00,12,16,Regulier,2,2
3064,1973-03-11,15:00,28,1,Regulier,1,0
3065,1973-03-17,20:00,35,10,Regulier,2,0
3066,1973-03-17,20:00,373,28,Regulier,2,0
3067,1973-03-18,15:00,16,55,Regulier,3,1
3068,1973-03-18,15:00,1,12,Regulier,3,0
3069,1973-03-18,15:00,3,13,Regulier,0,0
3070,1973-03-18,15:00,30,41,Regulier,2,0
3071,1973-03-18,15:00,47,25,Regulier,0,0
3072,1973-03-18,15:00,522,4,Regulier,2,1
3073,1973-03-24,20:00,55,1,Regulier,2,3
3074,1973-03-24,20:00,13,30,Regulier,1,0
3075,1973-03-25,15:00,25,35,Regulier,1,0
3076,1973-03-25,15:00,41,16,Regulier,2,2
3077,1973-03-25,15:00,12,522,Regulier,3,1
3078,1973-03-25,15:00,28,47,Regulier,2,1
3079,1973-03-25,15:00,4,3,Regulier,0,1
3080,1973-03-25,15:00,10,373,Regulier,0,0
3081,1973-03-31,20:00,13,28,Regulier,3,0
3082,1973-03-31,20:00,3,55,Regulier,2,0
3083,1973-04-01,15:00,10,4,Regulier,2,2
3084,1973-04-01,15:00,16,35,Regulier,0,0
3085,1973-04-01,15:00,47,12,Regulier,4,0
3086,1973-04-01,15:00,1,522,Regulier,3,1
3087,1973-04-01,15:00,41,25,Regulier,1,1
3088,1973-04-01,15:00,30,373,Regulier,1,2
3089,1973-04-07,20:00,12,41,Regulier,0,2
3090,1973-04-07,20:00,373,47,Regulier,1,1
3091,1973-04-07,20:00,55,13,Regulier,1,1
3092,1973-04-08,15:00,25,16,Regulier,2,2
3093,1973-04-08,15:00,35,3,Regulier,1,1
3094,1973-04-08,15:00,28,10,Regulier,2,0
3095,1973-04-08,15:00,4,1,Regulier,4,1
3096,1973-04-08,15:00,522,30,Regulier,0,0
3097,1973-04-14,20:00,13,12,Regulier,4,0
3098,1973-04-14,20:00,30,4,Regulier,0,3
3099,1973-04-14,20:00,47,522,Regulier,0,0
3100,1973-04-15,15:00,1,35,Regulier,2,1
3101,1973-04-15,15:00,10,25,Regulier,0,1
3102,1973-04-15,15:00,41,55,Regulier,2,1
3103,1973-04-15,15:00,16,28,Regulier,1,2
3104,1973-04-15,15:00,3,373,Regulier,4,3
3105,1973-04-29,15:00,522,3,Regulier,2,2
3106,1973-04-29,15:00,12,55,Regulier,2,1
3107,1973-04-29,15:00,16,13,Regulier,6,0
3108,1973-04-29,15:00,1,25,Regulier,1,1
3109,1973-04-29,15:00,373,35,Regulier,3,2
3110,1973-04-29,15:00,10,41,Regulier,0,1
3111,1973-04-29,15:00,28,4,Regulier,1,1
3112,1973-04-29,15:00,47,30,Regulier,3,3
3113,1973-05-06,15:00,25,12,Regulier,1,1
3114,1973-05-06,15:00,30,16,Regulier,1,1
3115,1973-05-06,15:00,35,522,Regulier,2,0
3116,1973-05-06,15:00,13,10,Regulier,1,1
3117,1973-05-06,15:00,3,47,Regulier,1,1
3118,1973-05-06,15:00,55,28,Regulier,2,1
3119,1973-05-06,15:00,41,1,Regulier,2,0
3120,1973-05-06,15:00,4,373,Regulier,2,2
3121,1973-08-18,16:00,41,13,Regulier,1,1
3122,1973-08-18,16:00,28,373,Regulier,2,1
3123,1973-08-18,20:00,16,12,Regulier,2,0
3124,1973-08-18,20:00,30,522,Regulier,4,1
3125,1973-08-18,20:00,2300,4,Regulier,2,2
3126,1973-08-18,20:00,35,4451,Regulier,3,1
3127,1973-08-18,20:00,1,25,Regulier,0,2
3128,1973-08-18,20:00,3,47,Regulier,0,0
3129,1973-09-09,15:00,4451,1,Regulier,0,0
3130,1973-09-09,15:00,12,35,Regulier,3,1
3131,1973-09-09,15:00,4,3,Regulier,2,1
3132,1973-09-09,15:00,522,2300,Regulier,1,1
3133,1973-09-09,19:30,373,30,Regulier,1,1
3134,1973-09-09,20:00,25,41,Regulier,1,1
3135,1973-09-09,20:00,13,16,Regulier,2,2
3136,1973-09-09,20:00,47,28,Regulier,4,0
3137,1973-09-16,15:00,41,35,Regulier,2,3
3138,1973-09-16,15:00,2300,12,Regulier,0,0
3139,1973-09-16,15:00,30,13,Regulier,0,0
3140,1973-09-16,15:00,28,522,Regulier,2,0
3141,1973-09-16,20:00,16,25,Regulier,1,0
3142,1973-09-16,20:00,3,4451,Regulier,6,1
3143,1973-09-16,20:00,47,1,Regulier,2,0
3144,1973-09-16,20:00,373,4,Regulier,1,1
3145,1973-09-23,15:00,12,28,Regulier,3,1
3146,1973-09-23,15:00,4451,41,Regulier,3,2
3147,1973-09-23,15:00,522,47,Regulier,0,3
3148,1973-09-23,15:00,1,16,Regulier,2,1
3149,1973-09-23,15:00,25,2300,Regulier,2,1
3150,1973-09-23,15:00,4,30,Regulier,4,0
3151,1973-09-23,15:00,35,373,Regulier,3,0
3152,1973-09-23,20:00,13,3,Regulier,0,2
3153,1973-09-30,15:00,16,35,Regulier,1,0
3154,1973-09-30,15:00,47,13,Regulier,2,2
3155,1973-09-30,15:00,12,1,Regulier,1,1
3156,1973-09-30,15:00,28,4451,Regulier,0,0
3157,1973-09-30,15:00,522,4,Regulier,2,1
3158,1973-09-30,20:00,373,3,Regulier,1,1
3159,1973-09-30,20:00,2300,41,Regulier,3,0
3160,1973-09-30,20:00,30,25,Regulier,2,2
3161,1973-10-07,15:00,16,4,Regulier,2,1
3162,1973-10-07,15:00,4451,12,Regulier,3,2
3163,1973-10-07,15:00,35,47,Regulier,2,2
3164,1973-10-07,15:00,1,2300,Regulier,0,1
3165,1973-10-07,15:00,41,30,Regulier,4,1
3166,1973-10-07,20:00,13,373,Regulier,0,2
3167,1973-10-07,20:00,3,28,Regulier,2,2
3168,1973-10-07,20:00,25,522,Regulier,1,0
3169,1973-10-14,15:00,522,41,Regulier,1,0
3170,1973-10-14,15:00,28,35,Regulier,1,4
3171,1973-10-14,15:00,2300,16,Regulier,2,1
3172,1973-10-14,15:00,12,25,Regulier,2,2
3173,1973-10-14,15:00,4,13,Regulier,4,2
3174,1973-10-14,20:00,30,3,Regulier,1,0
3175,1973-10-14,20:00,373,1,Regulier,1,1
3176,1973-10-14,20:00,47,4451,Regulier,2,2
3177,1973-10-21,15:00,41,4,Regulier,2,2
3178,1973-10-21,15:00,16,47,Regulier,0,2
3179,1973-10-21,15:00,1,13,Regulier,3,0
3180,1973-10-21,15:00,4451,30,Regulier,2,1
3181,1973-10-21,15:00,2300,373,Regulier,1,1
3182,1973-10-21,20:00,25,28,Regulier,3,1
3183,1973-10-21,20:00,35,522,Regulier,5,1
3184,1973-10-21,20:00,3,12,Regulier,3,1
3185,1973-11-11,15:00,522,16,Regulier,0,0
3186,1973-11-11,15:00,30,2300,Regulier,0,0
3187,1973-11-11,15:00,4,12,Regulier,2,1
3188,1973-11-11,15:00,28,1,Regulier,0,3
3189,1973-11-11,15:00,3,41,Regulier,1,0
3190,1973-11-11,15:00,47,25,Regulier,1,0
3191,1973-11-11,20:00,373,4451,Regulier,0,2
3192,1973-11-11,20:00,13,35,Regulier,0,3
3193,1973-11-24,15:00,41,47,Regulier,0,0
3194,1973-11-24,20:00,1,30,Regulier,1,0
3195,1973-11-24,20:00,4451,13,Regulier,3,1
3196,1973-11-24,20:00,2300,28,Regulier,3,1
3197,1973-11-24,20:00,35,4,Regulier,3,0
3198,1973-11-25,15:00,25,3,Regulier,2,1
3199,1973-11-25,15:00,16,373,Regulier,3,1
3200,1973-11-25,15:00,12,522,Regulier,2,0
3201,1973-12-02,15:00,28,41,Regulier,3,0
3202,1973-12-02,15:00,522,1,Regulier,4,1
3203,1973-12-02,15:00,47,12,Regulier,3,0
3204,1973-12-02,15:00,30,35,Regulier,1,1
3205,1973-12-02,15:00,4,4451,Regulier,1,1
3206,1973-12-02,15:00,3,16,Regulier,4,2
3207,1973-12-02,20:00,373,25,Regulier,1,1
3208,1973-12-02,20:00,13,2300,Regulier,1,1
3209,1973-12-08,14:30,41,373,Regulier,1,0
3210,1973-12-08,18:00,4451,522,Regulier,1,1
3211,1973-12-08,20:00,2300,47,Regulier,1,0
3212,1973-12-08,20:00,16,28,Regulier,0,0
3213,1973-12-08,20:00,35,3,Regulier,2,0
3214,1973-12-08,20:00,25,13,Regulier,0,0
3215,1973-12-08,20:00,1,4,Regulier,1,0
3216,1973-12-09,15:00,12,30,Regulier,2,3
3217,1973-12-15,14:30,41,12,Regulier,3,4
3218,1973-12-15,18:00,4451,2300,Regulier,1,0
3219,1973-12-15,20:00,4,25,Regulier,0,0
3220,1973-12-15,20:00,35,1,Regulier,3,1
3221,1973-12-15,20:00,373,47,Regulier,0,0
3222,1973-12-15,20:00,30,16,Regulier,1,2
3223,1973-12-15,20:00,13,28,Regulier,1,0
3224,1973-12-15,20:00,3,522,Regulier,5,0
3225,1973-12-22,20:00,28,30,Regulier,3,3
3226,1973-12-23,14:30,522,13,Regulier,1,4
3227,1973-12-23,15:00,16,4451,Regulier,2,2
3228,1973-12-23,15:00,1,41,Regulier,2,2
3229,1973-12-23,15:00,2300,3,Regulier,0,0
3230,1973-12-23,15:00,25,35,Regulier,0,0
3231,1973-12-23,15:00,47,4,Regulier,1,0
3232,1973-12-23,15:00,12,373,Regulier,3,0
3233,1974-01-05,14:30,41,16,Regulier,2,0
3234,1974-01-05,15:00,30,47,Regulier,1,1
3235,1974-01-05,18:00,3,1,Regulier,0,4
3236,1974-01-05,19:00,4451,25,Regulier,1,0
3237,1974-01-05,20:00,373,522,Regulier,1,2
3238,1974-01-05,20:00,35,2300,Regulier,1,1
3239,1974-01-05,20:00,4,28,Regulier,1,3
3240,1974-01-05,20:00,13,12,Regulier,3,1
3241,1974-01-12,14:30,522,30,Regulier,0,2
3242,1974-01-12,19:00,4451,35,Regulier,2,4
3243,1974-01-12,20:00,373,28,Regulier,1,1
3244,1974-01-12,20:00,12,16,Regulier,1,1
3245,1974-01-12,20:00,25,1,Regulier,0,2
3246,1974-01-12,20:00,4,2300,Regulier,4,2
3247,1974-01-12,20:00,13,41,Regulier,4,2
3248,1974-01-12,20:00,47,3,Regulier,3,1
3249,1974-01-19,20:00,35,12,Regulier,3,1
3250,1974-01-19,20:00,28,47,Regulier,3,1
3251,1974-01-20,15:00,16,13,Regulier,2,1
3252,1974-01-20,15:00,41,25,Regulier,3,3
3253,1974-01-20,15:00,1,4451,Regulier,5,2
3254,1974-01-20,15:00,3,4,Regulier,2,3
3255,1974-01-20,15:00,2300,522,Regulier,0,0
3256,1974-01-20,15:00,30,373,Regulier,3,3
3257,1974-01-25,20:00,1,47,Regulier,3,2
3258,1974-01-26,15:00,522,28,Regulier,0,0
3259,1974-01-26,19:00,4451,3,Regulier,2,2
3260,1974-01-26,20:00,35,41,Regulier,2,1
3261,1974-01-26,20:00,25,16,Regulier,2,1
3262,1974-01-26,20:00,13,30,Regulier,2,0
3263,1974-01-26,20:00,4,373,Regulier,4,0
3264,1974-01-27,15:00,12,2300,Regulier,2,0
3265,1974-02-02,15:00,41,4451,Regulier,3,1
3266,1974-02-02,20:00,3,13,Regulier,3,2
3267,1974-02-02,20:00,28,12,Regulier,0,0
3268,1974-02-02,20:00,2300,25,Regulier,0,1
3269,1974-02-02,20:00,373,35,Regulier,1,1
3270,1974-02-03,15:00,47,522,Regulier,1,1
3271,1974-02-03,15:00,30,4,Regulier,0,0
3272,1974-02-03,20:00,16,1,Regulier,0,0
3273,1974-02-09,20:00,35,16,Regulier,3,1
3274,1974-02-09,20:00,13,47,Regulier,0,2
3275,1974-02-10,15:00,25,30,Regulier,2,0
3276,1974-02-10,15:00,4451,28,Regulier,0,2
3277,1974-02-10,15:00,41,2300,Regulier,2,0
3278,1974-02-10,15:00,4,522,Regulier,3,2
3279,1974-02-10,15:00,1,12,Regulier,0,0
3280,1974-02-10,15:00,3,373,Regulier,7,1
3281,1974-02-16,20:00,373,13,Regulier,2,0
3282,1974-02-17,15:00,4,16,Regulier,1,1
3283,1974-02-17,15:00,47,35,Regulier,1,1
3284,1974-02-17,15:00,2300,1,Regulier,0,1
3285,1974-02-17,15:00,30,41,Regulier,1,1
3286,1974-02-17,15:00,28,3,Regulier,1,0
3287,1974-02-17,15:00,522,25,Regulier,1,2
3288,1974-02-17,15:00,12,4451,Regulier,2,2
3289,1974-03-02,20:00,13,4,Regulier,3,0
3290,1974-03-02,20:00,35,28,Regulier,5,1
3291,1974-03-03,15:00,16,2300,Regulier,0,0
3292,1974-03-03,15:00,1,373,Regulier,3,1
3293,1974-03-03,15:00,41,522,Regulier,1,1
3294,1974-03-03,15:00,25,12,Regulier,2,2
3295,1974-03-03,15:00,3,30,Regulier,3,0
3296,1974-03-03,15:00,4451,47,Regulier,1,1
3297,1974-03-09,20:00,373,2300,Regulier,2,0
3298,1974-03-09,20:00,13,1,Regulier,1,1
3299,1974-03-10,15:00,47,16,Regulier,0,0
3300,1974-03-10,15:00,12,3,Regulier,1,4
3301,1974-03-10,15:00,4,41,Regulier,0,1
3302,1974-03-10,15:00,522,35,Regulier,3,1
3303,1974-03-10,15:00,28,25,Regulier,0,1
3304,1974-03-10,15:00,30,4451,Regulier,1,1
3305,1974-03-16,20:00,35,13,Regulier,6,2
3306,1974-03-17,15:00,16,522,Regulier,5,0
3307,1974-03-17,15:00,2300,30,Regulier,1,0
3308,1974-03-17,15:00,12,4,Regulier,5,0
3309,1974-03-17,15:00,4451,373,Regulier,0,1
3310,1974-03-17,15:00,41,3,Regulier,2,1
3311,1974-03-17,15:00,1,28,Regulier,4,2
3312,1974-03-17,15:00,25,47,Regulier,0,2
3313,1974-03-23,20:00,13,4451,Regulier,1,1
3314,1974-03-23,20:00,373,16,Regulier,1,0
3315,1974-03-24,15:00,522,12,Regulier,0,0
3316,1974-03-24,15:00,4,35,Regulier,3,1
3317,1974-03-24,15:00,30,1,Regulier,1,1
3318,1974-03-24,15:00,28,2300,Regulier,0,0
3319,1974-03-24,15:00,3,25,Regulier,5,2
3320,1974-03-24,15:00,47,41,Regulier,3,0
3321,1974-03-30,20:00,4451,4,Regulier,0,1
3322,1974-03-30,20:00,35,30,Regulier,3,1
3323,1974-03-30,20:00,2300,13,Regulier,0,0
3324,1974-03-31,15:00,16,3,Regulier,3,1
3325,1974-03-31,15:00,12,47,Regulier,3,2
3326,1974-03-31,15:00,1,522,Regulier,1,0
3327,1974-03-31,15:00,41,28,Regulier,2,2
3328,1974-03-31,15:00,25,373,Regulier,1,2
3329,1974-04-06,20:00,30,12,Regulier,3,2
3330,1974-04-06,20:00,47,2300,Regulier,1,1
3331,1974-04-06,20:00,13,25,Regulier,1,0
3332,1974-04-06,20:00,373,41,Regulier,1,2
3333,1974-04-07,15:00,522,4451,Regulier,1,0
3334,1974-04-07,15:00,4,1,Regulier,2,0
3335,1974-04-07,15:00,3,35,Regulier,2,1
3336,1974-04-07,15:00,28,16,Regulier,0,0
3337,1974-04-20,20:00,28,13,Regulier,0,0
3338,1974-04-21,15:00,2300,4451,Regulier,2,1
3339,1974-04-21,15:00,522,3,Regulier,2,1
3340,1974-04-21,15:00,16,30,Regulier,5,0
3341,1974-04-21,15:00,1,35,Regulier,2,1
3342,1974-04-21,15:00,12,41,Regulier,1,1
3343,1974-04-21,15:00,25,4,Regulier,0,0
3344,1974-04-21,15:00,47,373,Regulier,4,2
3345,1974-04-28,15:00,35,25,Regulier,2,2
3346,1974-04-28,15:00,373,12,Regulier,1,1
3347,1974-04-28,15:00,13,522,Regulier,0,3
3348,1974-04-28,15:00,4451,16,Regulier,0,2
3349,1974-04-28,15:00,3,2300,Regulier,1,0
3350,1974-04-28,15:00,30,28,Regulier,3,2
3351,1974-04-28,15:00,41,1,Regulier,2,3
3352,1974-04-28,15:00,4,47,Regulier,0,3
3353,1974-05-05,15:00,16,41,Regulier,3,1
3354,1974-05-05,15:00,1,3,Regulier,2,2
3355,1974-05-05,15:00,2300,35,Regulier,1,4
3356,1974-05-05,15:00,522,373,Regulier,1,0
3357,1974-05-05,15:00,12,13,Regulier,0,2
3358,1974-05-05,15:00,25,4451,Regulier,0,2
3359,1974-05-05,15:00,47,30,Regulier,1,1
3360,1974-05-05,15:00,28,4,Regulier,0,0
3361,1974-08-18,16:00,25,522,Regulier,1,0
3362,1974-08-18,16:00,322,16,Regulier,2,3
3363,1974-08-18,16:00,47,28,Regulier,1,0
3364,1974-08-18,16:00,3,2300,Regulier,1,1
3365,1974-08-18,18:00,4451,35,Regulier,0,0
3366,1974-08-18,19:30,22,53,Regulier,1,0
3367,1974-08-18,20:00,282,12,Regulier,1,1
3368,1974-08-18,20:00,13,246,Regulier,1,0
3369,1974-08-18,20:00,4,1,Regulier,0,2
3370,1974-08-18,20:00,41,30,Regulier,0,2
3371,1974-08-25,19:30,522,322,Regulier,2,0
3372,1974-08-25,19:30,35,282,Regulier,5,0
3373,1974-08-25,19:30,2300,47,Regulier,0,0
3374,1974-08-25,19:30,246,22,Regulier,1,1
3375,1974-08-25,20:00,16,3,Regulier,1,2
3376,1974-08-25,20:00,1,41,Regulier,3,0
3377,1974-08-25,20:00,30,13,Regulier,1,0
3378,1974-08-25,20:00,12,4,Regulier,0,0
3379,1974-08-25,20:00,28,4451,Regulier,1,1
3380,1974-08-25,20:00,53,25,Regulier,2,0
3381,1974-08-28,19:30,47,522,Regulier,3,0
3382,1974-08-28,19:30,2300,4451,Regulier,1,1
3383,1974-08-28,19:30,22,1,Regulier,1,2
3384,1974-08-28,19:30,322,246,Regulier,0,0
3385,1974-08-28,20:00,3,53,Regulier,1,1
3386,1974-08-28,20:00,25,30,Regulier,1,1
3387,1974-08-28,20:00,28,16,Regulier,1,1
3388,1974-08-28,20:00,4,282,Regulier,3,1
3389,1974-08-28,20:00,13,12,Regulier,1,3
3390,1974-08-28,20:00,41,35,Regulier,1,1
3391,1974-09-01,15:00,282,1,Regulier,4,2
3392,1974-09-01,15:00,25,16,Regulier,2,0
3393,1974-09-01,15:00,41,246,Regulier,1,1
3394,1974-09-01,15:00,322,2300,Regulier,0,3
3395,1974-09-01,15:00,3,28,Regulier,0,3
3396,1974-09-01,15:00,4451,47,Regulier,2,2
3397,1974-09-01,15:00,4,30,Regulier,1,0
3398,1974-09-01,19:30,22,522,Regulier,2,1
3399,1974-09-01,20:00,13,53,Regulier,1,0
3400,1974-09-01,20:00,35,12,Regulier,4,1
3401,1974-09-08,19:30,246,25,Regulier,2,1
3402,1974-09-08,19:30,35,4,Regulier,1,1
3403,1974-09-08,19:30,4451,282,Regulier,1,2
3404,1974-09-08,20:00,1,13,Regulier,0,2
3405,1974-09-08,20:00,30,22,Regulier,3,1
3406,1974-09-08,20:00,53,322,Regulier,2,1
3407,1974-09-08,20:00,12,41,Regulier,1,0
3408,1974-09-08,20:00,2300,28,Regulier,0,0
3409,1974-09-08,20:00,16,47,Regulier,3,3
3410,1974-09-08,20:00,522,3,Regulier,2,4
3411,1974-09-15,15:00,2300,25,Regulier,0,2
3412,1974-09-15,15:00,28,322,Regulier,2,1
3413,1974-09-15,15:00,47,3,Regulier,0,0
3414,1974-09-15,15:00,16,22,Regulier,3,1
3415,1974-09-15,15:00,30,282,Regulier,5,1
3416,1974-09-15,15:00,12,4451,Regulier,0,0
3417,1974-09-15,15:00,53,41,Regulier,3,1
3418,1974-09-15,19:30,246,4,Regulier,2,1
3419,1974-09-15,20:00,522,13,Regulier,2,1
3420,1974-09-15,20:00,1,35,Regulier,0,0
3421,1974-09-22,15:00,282,246,Regulier,3,0
3422,1974-09-22,15:00,4,53,Regulier,2,2
3423,1974-09-22,15:00,12,1,Regulier,1,0
3424,1974-09-22,15:00,322,47,Regulier,1,4
3425,1974-09-22,15:00,25,28,Regulier,0,0
3426,1974-09-22,15:00,4451,3,Regulier,1,2
3427,1974-09-22,19:30,35,30,Regulier,2,0
3428,1974-09-22,19:30,22,2300,Regulier,1,0
3429,1974-09-22,20:00,41,522,Regulier,1,1
3430,1974-09-22,20:00,13,16,Regulier,1,1
3431,1974-09-29,15:00,3,322,Regulier,7,0
3432,1974-09-29,15:00,30,12,Regulier,1,1
3433,1974-09-29,15:00,2300,13,Regulier,2,2
3434,1974-09-29,15:00,16,41,Regulier,4,0
3435,1974-09-29,15:00,28,22,Regulier,0,0
3436,1974-09-29,19:30,246,35,Regulier,0,5
3437,1974-09-29,20:00,522,4,Regulier,1,0
3438,1974-09-29,20:00,53,282,Regulier,2,2
3439,1974-09-29,20:00,1,4451,Regulier,1,0
3440,1974-09-29,20:00,47,25,Regulier,3,2
3441,1974-10-06,15:00,4,16,Regulier,2,0
3442,1974-10-06,15:00,282,522,Regulier,4,0
3443,1974-10-06,15:00,1,30,Regulier,2,0
3444,1974-10-06,15:00,4451,322,Regulier,1,0
3445,1974-10-06,15:00,12,246,Regulier,4,2
3446,1974-10-06,15:00,25,3,Regulier,1,0
3447,1974-10-06,19:30,35,53,Regulier,6,2
3448,1974-10-06,20:00,13,28,Regulier,4,1
3449,1974-10-06,20:00,41,2300,Regulier,0,0
3450,1974-10-06,20:00,22,47,Regulier,1,5
3451,1974-10-19,19:30,246,1,Regulier,1,1
3452,1974-10-19,20:00,47,13,Regulier,0,0
3453,1974-10-19,20:00,322,25,Regulier,0,0
3454,1974-10-19,20:00,53,12,Regulier,4,2
3455,1974-10-20,15:00,3,22,Regulier,2,2
3456,1974-10-20,15:00,28,41,Regulier,1,1
3457,1974-10-20,15:00,522,35,Regulier,1,1
3458,1974-10-20,15:00,16,282,Regulier,3,1
3459,1974-10-20,15:00,30,4451,Regulier,3,1
3460,1974-10-20,15:00,2300,4,Regulier,2,0
3461,1974-10-26,19:30,22,25,Regulier,1,1
3462,1974-10-26,20:00,13,322,Regulier,4,2
3463,1974-10-27,15:00,12,16,Regulier,0,0
3464,1974-10-27,15:00,30,53,Regulier,2,2
3465,1974-10-27,15:00,1,522,Regulier,2,0
3466,1974-10-27,15:00,4,47,Regulier,0,1
3467,1974-10-27,15:00,4451,246,Regulier,2,2
3468,1974-10-27,15:00,41,3,Regulier,0,2
3469,1974-10-27,15:00,282,28,Regulier,1,0
3470,1974-10-27,19:30,35,2300,Regulier,2,0
3471,1974-11-03,15:00,53,1,Regulier,2,2
3472,1974-11-03,15:00,322,22,Regulier,1,1
3473,1974-11-03,15:00,3,13,Regulier,1,2
3474,1974-11-03,15:00,47,41,Regulier,7,1
3475,1974-11-03,15:00,28,4,Regulier,0,0
3476,1974-11-03,15:00,16,35,Regulier,0,1
3477,1974-11-03,15:00,522,12,Regulier,0,0
3478,1974-11-03,15:00,246,30,Regulier,2,1
3479,1974-11-03,15:00,2300,282,Regulier,3,1
3480,1974-11-03,15:00,25,4451,Regulier,0,0
3481,1974-11-09,19:30,246,522,Regulier,1,0
3482,1974-11-09,20:00,1,2300,Regulier,2,0
3483,1974-11-09,20:00,13,22,Regulier,2,0
3484,1974-11-10,15:00,12,28,Regulier,2,1
3485,1974-11-10,15:00,41,25,Regulier,1,0
3486,1974-11-10,15:00,30,16,Regulier,2,1
3487,1974-11-10,15:00,4,322,Regulier,3,3
3488,1974-11-10,15:00,282,3,Regulier,0,0
3489,1974-11-10,15:00,4451,53,Regulier,4,1
3490,1974-11-10,20:00,35,47,Regulier,1,1
3491,1974-11-16,19:30,22,4451,Regulier,1,0
3492,1974-11-16,20:00,322,41,Regulier,3,0
3493,1974-11-16,20:00,47,282,Regulier,3,1
3494,1974-11-17,15:00,2300,12,Regulier,1,2
3495,1974-11-17,15:00,522,30,Regulier,3,0
3496,1974-11-17,15:00,25,13,Regulier,1,0
3497,1974-11-17,15:00,28,35,Regulier,1,0
3498,1974-11-17,15:00,16,1,Regulier,2,0
3499,1974-11-17,15:00,3,4,Regulier,3,1
3500,1974-11-17,15:00,53,246,Regulier,3,3
3501,1974-11-23,19:30,246,2300,Regulier,0,0
3502,1974-11-23,20:00,35,322,Regulier,0,0
3503,1974-11-24,15:00,41,13,Regulier,2,2
3504,1974-11-24,15:00,53,16,Regulier,1,2
3505,1974-11-24,15:00,4451,522,Regulier,2,1
3506,1974-11-24,15:00,12,3,Regulier,0,2
3507,1974-11-24,15:00,30,28,Regulier,2,0
3508,1974-11-24,15:00,1,47,Regulier,3,3
3509,1974-11-24,15:00,4,22,Regulier,0,1
3510,1974-11-24,15:00,282,25,Regulier,0,0
3511,1974-11-30,19:30,22,41,Regulier,3,0
3512,1974-11-30,20:00,13,4451,Regulier,1,0
3513,1974-11-30,20:00,47,12,Regulier,3,0
3514,1974-11-30,20:00,322,282,Regulier,1,1
3515,1974-12-01,14:30,522,53,Regulier,2,2
3516,1974-12-01,15:00,16,246,Regulier,2,0
3517,1974-12-01,15:00,25,4,Regulier,0,0
3518,1974-12-01,15:00,28,1,Regulier,0,0
3519,1974-12-01,15:00,3,35,Regulier,3,1
3520,1974-12-01,15:00,2300,30,Regulier,2,0
3521,1974-12-14,20:00,35,25,Regulier,2,0
3522,1974-12-14,20:00,30,47,Regulier,1,4
3523,1974-12-15,15:00,4,13,Regulier,0,4
3524,1974-12-15,15:00,522,16,Regulier,0,3
3525,1974-12-15,15:00,1,3,Regulier,3,2
3526,1974-12-15,15:00,4451,41,Regulier,1,0
3527,1974-12-15,15:00,53,2300,Regulier,3,0
3528,1974-12-15,15:00,246,28,Regulier,2,1
3529,1974-12-15,15:00,12,322,Regulier,0,0
3530,1974-12-15,15:00,282,22,Regulier,2,0
3531,1974-12-21,19:30,22,35,Regulier,2,2
3532,1974-12-21,20:00,322,1,Regulier,1,4
3533,1974-12-21,20:00,13,282,Regulier,2,0
3534,1974-12-22,15:00,47,246,Regulier,4,1
3535,1974-12-22,15:00,2300,522,Regulier,0,0
3536,1974-12-22,15:00,25,12,Regulier,0,0
3537,1974-12-22,15:00,28,53,Regulier,1,1
3538,1974-12-22,15:00,3,30,Regulier,4,0
3539,1974-12-22,15:00,16,4451,Regulier,2,0
3540,1974-12-22,15:00,41,4,Regulier,1,0
3541,1975-01-04,19:30,246,3,Regulier,0,0
3542,1975-01-04,20:00,35,13,Regulier,1,0
3543,1975-01-05,15:00,1,25,Regulier,4,0
3544,1975-01-05,15:00,12,22,Regulier,5,1
3545,1975-01-05,15:00,16,2300,Regulier,1,0
3546,1975-01-05,15:00,4451,4,Regulier,0,3
3547,1975-01-05,15:00,30,322,Regulier,2,0
3548,1975-01-05,15:00,53,47,Regulier,1,2
3549,1975-01-05,15:00,282,41,Regulier,2,1
3550,1975-01-05,15:00,522,28,Regulier,1,1
3551,1975-01-11,19:30,22,16,Regulier,0,4
3552,1975-01-11,20:00,35,1,Regulier,1,1
3553,1975-01-12,14:30,13,522,Regulier,3,4
3554,1975-01-12,14:30,322,28,Regulier,1,1
3555,1975-01-12,15:00,3,47,Regulier,2,2
3556,1975-01-12,15:00,4,246,Regulier,3,0
3557,1975-01-12,15:00,282,30,Regulier,4,0
3558,1975-01-12,15:00,25,2300,Regulier,2,0
3559,1975-01-12,15:00,4451,12,Regulier,2,0
3560,1975-01-12,15:00,41,53,Regulier,2,0
3561,1975-01-18,19:30,246,41,Regulier,1,2
3562,1975-01-19,15:00,12,35,Regulier,0,2
3563,1975-01-19,15:00,47,4451,Regulier,3,1
3564,1975-01-19,15:00,53,13,Regulier,0,1
3565,1975-01-19,15:00,16,25,Regulier,1,0
3566,1975-01-19,15:00,1,282,Regulier,0,0
3567,1975-01-19,15:00,28,3,Regulier,1,0
3568,1975-01-19,15:00,522,22,Regulier,2,0
3569,1975-01-19,15:00,2300,322,Regulier,2,1
3570,1975-01-19,15:00,30,4,Regulier,4,1
3571,1975-01-25,19:30,246,282,Regulier,0,0
3572,1975-01-26,15:00,1,12,Regulier,2,0
3573,1975-01-26,15:00,53,4,Regulier,3,1
3574,1975-01-26,15:00,2300,22,Regulier,1,0
3575,1975-01-26,15:00,47,322,Regulier,5,1
3576,1975-01-26,15:00,28,25,Regulier,1,0
3577,1975-01-26,15:00,16,13,Regulier,1,1
3578,1975-01-26,15:00,522,41,Regulier,3,1
3579,1975-01-26,15:00,30,35,Regulier,1,1
3580,1975-01-26,15:00,3,4451,Regulier,5,0
3581,1975-02-01,20:00,35,246,Regulier,4,0
3582,1975-02-02,15:00,322,3,Regulier,0,2
3583,1975-02-02,15:00,13,2300,Regulier,0,0
3584,1975-02-02,15:00,41,16,Regulier,0,0
3585,1975-02-02,15:00,4,522,Regulier,2,1
3586,1975-02-02,15:00,282,53,Regulier,2,1
3587,1975-02-02,15:00,22,28,Regulier,2,2
3588,1975-02-02,15:00,4451,1,Regulier,1,0
3589,1975-02-02,15:00,25,47,Regulier,0,4
3590,1975-02-02,15:00,12,30,Regulier,0,1
3591,1975-02-08,19:30,246,12,Regulier,0,0
3592,1975-02-08,20:00,28,13,Regulier,1,2
3593,1975-02-09,15:00,322,4451,Regulier,0,5
3594,1975-02-09,15:00,16,4,Regulier,3,1
3595,1975-02-09,15:00,2300,41,Regulier,2,1
3596,1975-02-09,15:00,47,22,Regulier,1,1
3597,1975-02-09,15:00,30,1,Regulier,2,0
3598,1975-02-09,15:00,522,282,Regulier,2,2
3599,1975-02-09,15:00,3,25,Regulier,2,0
3600,1975-02-09,15:00,53,35,Regulier,0,2
3601,1975-02-15,19:30,22,3,Regulier,0,2
3602,1975-02-15,20:00,1,246,Regulier,7,1
3603,1975-02-15,20:00,35,522,Regulier,4,0
3604,1975-02-16,15:00,41,28,Regulier,0,2
3605,1975-02-16,15:00,12,53,Regulier,2,1
3606,1975-02-16,15:00,282,16,Regulier,1,0
3607,1975-02-16,15:00,13,47,Regulier,1,3
3608,1975-02-16,15:00,4,2300,Regulier,1,0
3609,1975-02-16,15:00,4451,30,Regulier,0,2
3610,1975-02-16,15:00,25,322,Regulier,0,0
3611,1975-03-01,19:30,246,4451,Regulier,0,0
3612,1975-03-01,20:00,322,13,Regulier,1,1
3613,1975-03-02,15:00,2300,35,Regulier,0,0
3614,1975-03-02,15:00,53,30,Regulier,2,4
3615,1975-03-02,15:00,16,12,Regulier,1,0
3616,1975-03-02,15:00,522,1,Regulier,2,1
3617,1975-03-02,15:00,3,41,Regulier,5,0
3618,1975-03-02,15:00,25,22,Regulier,1,2
3619,1975-03-02,15:00,47,4,Regulier,3,1
3620,1975-03-02,15:00,28,282,Regulier,0,2
3621,1975-03-08,19:30,22,322,Regulier,2,1
3622,1975-03-09,15:00,4,28,Regulier,3,1
3623,1975-03-09,15:00,30,246,Regulier,1,0
3624,1975-03-09,15:00,1,53,Regulier,7,0
3625,1975-03-09,15:00,41,47,Regulier,2,0
3626,1975-03-09,15:00,13,3,Regulier,1,0
3627,1975-03-09,15:00,282,2300,Regulier,0,1
3628,1975-03-09,15:00,12,522,Regulier,0,0
3629,1975-03-09,15:00,4451,25,Regulier,1,0
3630,1975-03-09,19:30,35,16,Regulier,3,0
3631,1975-03-15,19:30,22,13,Regulier,1,0
3632,1975-03-15,20:00,47,35,Regulier,1,0
3633,1975-03-16,15:00,322,4,Regulier,0,3
3634,1975-03-16,15:00,522,246,Regulier,6,1
3635,1975-03-16,15:00,28,12,Regulier,2,2
3636,1975-03-16,15:00,16,30,Regulier,3,0
3637,1975-03-16,15:00,25,41,Regulier,0,1
3638,1975-03-16,15:00,3,282,Regulier,2,2
3639,1975-03-16,15:00,2300,1,Regulier,0,2
3640,1975-03-16,15:00,53,4451,Regulier,1,1
3641,1975-03-22,19:30,246,53,Regulier,3,1
3642,1975-03-22,20:00,35,28,Regulier,5,0
3643,1975-03-22,20:00,4451,22,Regulier,1,1
3644,1975-03-23,15:00,13,25,Regulier,2,0
3645,1975-03-23,15:00,30,522,Regulier,2,0
3646,1975-03-23,15:00,12,2300,Regulier,4,1
3647,1975-03-23,15:00,1,16,Regulier,2,0
3648,1975-03-23,15:00,282,47,Regulier,1,1
3649,1975-03-23,15:00,4,3,Regulier,0,1
3650,1975-03-23,15:00,41,322,Regulier,1,0
3651,1975-03-28,19:30,22,4,Regulier,1,1
3652,1975-03-28,20:00,16,53,Regulier,5,2
3653,1975-03-28,20:00,13,41,Regulier,2,0
3654,1975-03-29,20:00,25,282,Regulier,2,0
3655,1975-03-29,20:00,322,35,Regulier,0,2
3656,1975-03-29,20:00,47,1,Regulier,2,0
3657,1975-03-29,20:30,3,12,Regulier,2,0
3658,1975-03-30,15:00,2300,246,Regulier,2,0
3659,1975-03-30,15:00,28,30,Regulier,0,1
3660,1975-03-30,15:00,522,4451,Regulier,0,1
3661,1975-04-02,19:30,322,53,Regulier,1,1
3662,1975-04-02,19:30,22,30,Regulier,0,0
3663,1975-04-02,19:30,282,4451,Regulier,3,1
3664,1975-04-02,20:00,28,2300,Regulier,0,0
3665,1975-04-02,20:00,47,16,Regulier,3,2
3666,1975-04-02,20:00,3,522,Regulier,2,2
3667,1975-04-02,20:00,25,246,Regulier,3,0
3668,1975-04-02,20:00,41,12,Regulier,2,3
3669,1975-04-02,20:00,4,35,Regulier,1,0
3670,1975-04-02,20:00,13,1,Regulier,0,1
3671,1975-04-05,19:30,246,16,Regulier,0,1
3672,1975-04-05,20:00,35,3,Regulier,1,0
3673,1975-04-05,20:00,30,2300,Regulier,1,0
3674,1975-04-06,15:00,12,47,Regulier,1,0
3675,1975-04-06,15:00,53,522,Regulier,2,1
3676,1975-04-06,15:00,41,22,Regulier,4,1
3677,1975-04-06,15:00,4,25,Regulier,3,2
3678,1975-04-06,15:00,282,322,Regulier,0,2
3679,1975-04-06,20:00,1,28,Regulier,4,0
3680,1975-04-06,20:00,4451,13,Regulier,1,1
3681,1975-04-12,19:30,22,282,Regulier,0,1
3682,1975-04-12,20:00,47,30,Regulier,2,1
3683,1975-04-12,20:00,2300,53,Regulier,1,1
3684,1975-04-12,20:00,322,12,Regulier,1,0
3685,1975-04-13,15:00,13,4,Regulier,4,2
3686,1975-04-13,15:00,25,35,Regulier,0,4
3687,1975-04-13,15:00,28,246,Regulier,3,0
3688,1975-04-13,15:00,16,522,Regulier,4,1
3689,1975-04-13,15:00,41,4451,Regulier,0,2
3690,1975-04-13,15:00,3,1,Regulier,0,0
3691,1975-04-16,19:30,35,41,Regulier,3,2
3692,1975-04-16,19:30,282,4,Regulier,2,3
3693,1975-04-16,19:30,246,322,Regulier,0,1
3694,1975-04-16,20:00,16,28,Regulier,1,1
3695,1975-04-16,20:00,522,47,Regulier,0,0
3696,1975-04-16,20:00,12,13,Regulier,0,2
3697,1975-04-16,20:00,53,3,Regulier,1,4
3698,1975-04-16,20:00,1,22,Regulier,3,1
3699,1975-04-16,20:00,30,25,Regulier,0,1
3700,1975-04-16,20:00,4451,2300,Regulier,6,0
3701,1975-04-19,19:30,246,47,Regulier,2,4
3702,1975-04-19,20:00,35,22,Regulier,2,2
3703,1975-04-19,20:00,30,3,Regulier,4,4
3704,1975-04-20,15:00,4451,16,Regulier,4,0
3705,1975-04-20,15:00,53,28,Regulier,2,1
3706,1975-04-20,15:00,1,322,Regulier,4,0
3707,1975-04-20,15:00,282,13,Regulier,1,1
3708,1975-04-20,15:00,4,41,Regulier,3,2
3709,1975-04-20,15:00,12,25,Regulier,0,0
3710,1975-04-20,15:00,522,2300,Regulier,2,0
3711,1975-04-26,19:30,22,12,Regulier,1,2
3712,1975-04-26,20:00,322,30,Regulier,3,0
3713,1975-04-27,15:00,41,282,Regulier,0,2
3714,1975-04-27,15:00,2300,16,Regulier,2,1
3715,1975-04-27,15:00,28,522,Regulier,1,0
3716,1975-04-27,15:00,13,35,Regulier,1,1
3717,1975-04-27,15:00,3,246,Regulier,8,0
3718,1975-04-27,15:00,25,1,Regulier,0,5
3719,1975-04-27,15:00,4,4451,Regulier,0,1
3720,1975-04-27,15:00,47,53,Regulier,5,3
3721,1975-05-04,15:00,246,13,Regulier,0,3
3722,1975-05-04,15:00,12,282,Regulier,0,0
3723,1975-05-04,15:00,1,4,Regulier,1,0
3724,1975-05-04,15:00,53,22,Regulier,1,1
3725,1975-05-04,15:00,522,25,Regulier,1,0
3726,1975-05-04,15:00,30,41,Regulier,2,1
3727,1975-05-04,15:00,16,322,Regulier,0,0
3728,1975-05-04,15:00,28,47,Regulier,2,3
3729,1975-05-04,15:00,35,4451,Regulier,2,2
3730,1975-05-04,15:00,2300,3,Regulier,1,0
3731,1975-05-11,15:00,25,53,Regulier,2,4
3732,1975-05-11,15:00,3,16,Regulier,2,0
3733,1975-05-11,15:00,322,522,Regulier,1,1
3734,1975-05-11,15:00,13,30,Regulier,2,0
3735,1975-05-11,15:00,41,1,Regulier,0,2
3736,1975-05-11,15:00,282,35,Regulier,1,0
3737,1975-05-11,15:00,47,2300,Regulier,1,0
3738,1975-05-11,15:00,4451,28,Regulier,1,1
3739,1975-05-11,15:00,22,246,Regulier,7,1
3740,1975-05-11,15:00,4,12,Regulier,2,0
3741,1975-08-17,16:00,12,53,Regulier,1,2
3742,1975-08-17,16:00,28,24,Regulier,2,0
3743,1975-08-17,18:00,4451,35,Regulier,2,0
3744,1975-08-17,19:30,2300,16,Regulier,1,0
3745,1975-08-17,19:30,47,522,Regulier,4,0
3746,1975-08-17,19:30,94,1,Regulier,0,1
3747,1975-08-17,20:00,4,282,Regulier,1,2
3748,1975-08-17,20:00,13,3,Regulier,1,1
3749,1975-08-17,20:00,30,22,Regulier,3,0
3750,1975-08-20,20:00,47,22,Regulier,2,0
3751,1975-08-20,20:00,4,53,Regulier,2,1
3752,1975-08-20,20:00,522,282,Regulier,0,4
3753,1975-08-20,20:00,94,35,Regulier,1,1
3754,1975-08-20,20:00,13,16,Regulier,2,0
3755,1975-08-20,20:00,25,1,Regulier,0,0
3756,1975-08-20,20:00,30,24,Regulier,4,1
3757,1975-08-20,20:00,2300,28,Regulier,0,0
3758,1975-08-20,20:00,12,4451,Regulier,0,0
3759,1975-08-24,16:00,16,30,Regulier,1,0
3760,1975-08-24,16:00,282,13,Regulier,3,2
3761,1975-08-24,16:00,1,4,Regulier,3,0
3762,1975-08-24,16:00,24,4451,Regulier,0,5
3763,1975-08-24,19:30,22,94,Regulier,0,0
3764,1975-08-24,20:00,35,12,Regulier,2,2
3765,1975-08-24,20:00,522,25,Regulier,0,0
3766,1975-08-24,20:00,3,47,Regulier,1,2
3767,1975-08-24,20:00,53,2300,Regulier,0,0
3768,1975-08-31,19:30,22,13,Regulier,0,1
3769,1975-08-31,20:00,1,47,Regulier,2,1
3770,1975-08-31,20:00,35,30,Regulier,0,1
3771,1975-08-31,20:00,53,94,Regulier,1,1
3772,1975-08-31,20:00,28,12,Regulier,2,2
3773,1975-08-31,20:00,16,4,Regulier,1,1
3774,1975-08-31,20:00,24,2300,Regulier,0,0
3775,1975-08-31,20:00,3,522,Regulier,3,1
3776,1975-08-31,20:00,282,25,Regulier,3,0
3777,1975-09-07,20:00,94,16,Regulier,0,1
3778,1975-09-07,20:00,25,3,Regulier,0,2
3779,1975-09-07,20:00,12,24,Regulier,0,2
3780,1975-09-07,20:00,13,1,Regulier,2,5
3781,1975-09-07,20:00,2300,35,Regulier,2,2
3782,1975-09-07,20:00,4451,28,Regulier,3,1
3783,1975-09-07,20:00,4,22,Regulier,3,2
3784,1975-09-07,20:00,30,53,Regulier,1,1
3785,1975-09-07,20:00,47,282,Regulier,3,1
3786,1975-09-14,15:00,16,12,Regulier,2,1
3787,1975-09-14,15:00,282,94,Regulier,4,1
3788,1975-09-14,15:00,1,30,Regulier,0,4
3789,1975-09-14,15:00,53,4451,Regulier,2,2
3790,1975-09-14,19:30,22,2300,Regulier,0,1
3791,1975-09-14,20:00,522,13,Regulier,2,1
3792,1975-09-14,20:00,3,4,Regulier,2,2
3793,1975-09-14,20:00,35,28,Regulier,3,0
3794,1975-09-14,20:00,25,47,Regulier,1,1
3795,1975-09-21,15:00,28,53,Regulier,1,1
3796,1975-09-21,15:00,4451,16,Regulier,1,0
3797,1975-09-21,15:00,2300,1,Regulier,5,0
3798,1975-09-21,15:00,24,35,Regulier,1,2
3799,1975-09-21,15:00,4,522,Regulier,4,1
3800,1975-09-21,15:00,30,282,Regulier,1,2
3801,1975-09-21,15:00,12,22,Regulier,3,0
3802,1975-09-21,15:00,94,3,Regulier,1,1
3803,1975-09-21,20:00,13,25,Regulier,2,1
3804,1975-10-05,15:00,16,28,Regulier,0,0
3805,1975-10-05,15:00,1,12,Regulier,2,2
3806,1975-10-05,15:00,47,13,Regulier,1,2
3807,1975-10-05,15:00,3,30,Regulier,5,2
3808,1975-10-05,15:00,25,4,Regulier,1,2
3809,1975-10-05,19:30,22,4451,Regulier,1,1
3810,1975-10-05,20:00,522,94,Regulier,1,2
3811,1975-10-05,20:00,282,2300,Regulier,1,0
3812,1975-10-05,20:00,53,24,Regulier,0,1
3813,1975-10-08,19:30,22,25,Regulier,1,1
3814,1975-10-08,20:00,24,94,Regulier,1,0
3815,1975-10-08,20:00,28,30,Regulier,0,1
3816,1975-10-08,20:00,35,4,Regulier,4,1
3817,1975-10-08,20:00,282,3,Regulier,0,2
3818,1975-10-08,20:00,16,47,Regulier,2,2
3819,1975-10-08,20:00,1,522,Regulier,2,1
3820,1975-10-08,20:00,53,13,Regulier,2,2
3821,1975-10-08,20:00,4451,2300,Regulier,2,1
3822,1975-10-11,19:30,94,25,Regulier,4,4
3823,1975-10-11,20:00,35,53,Regulier,1,0
3824,1975-10-12,15:00,4,47,Regulier,1,2
3825,1975-10-12,15:00,30,522,Regulier,5,1
3826,1975-10-12,15:00,4451,1,Regulier,0,0
3827,1975-10-12,15:00,28,22,Regulier,0,3
3828,1975-10-12,15:00,2300,3,Regulier,2,0
3829,1975-10-12,15:00,24,16,Regulier,0,3
3830,1975-10-12,15:00,12,282,Regulier,2,0
3831,1975-10-18,19:30,22,24,Regulier,4,1
3832,1975-10-18,20:00,13,4,Regulier,3,1
3833,1975-10-18,20:00,3,12,Regulier,1,0
3834,1975-10-18,20:00,1,28,Regulier,0,0
3835,1975-10-19,15:00,282,4451,Regulier,1,1
3836,1975-10-19,15:00,522,2300,Regulier,1,0
3837,1975-10-19,15:00,16,35,Regulier,1,1
3838,1975-10-19,15:00,25,30,Regulier,4,1
3839,1975-10-19,15:00,47,94,Regulier,3,1
3840,1975-10-25,19:30,94,13,Regulier,0,0
3841,1975-10-26,15:00,28,282,Regulier,1,1
3842,1975-10-26,15:00,24,1,Regulier,1,0
3843,1975-10-26,15:00,2300,25,Regulier,1,0
3844,1975-10-26,15:00,4451,3,Regulier,0,3
3845,1975-10-26,15:00,12,522,Regulier,0,0
3846,1975-10-26,15:00,53,16,Regulier,1,1
3847,1975-10-26,15:00,30,47,Regulier,0,0
3848,1975-10-26,20:00,35,22,Regulier,2,1
3849,1975-11-08,19:30,22,53,Regulier,0,1
3850,1975-11-08,20:00,13,30,Regulier,1,1
3851,1975-11-08,20:00,522,4451,Regulier,0,2
3852,1975-11-09,15:00,25,12,Regulier,1,3
3853,1975-11-09,15:00,4,94,Regulier,2,2
3854,1975-11-09,15:00,1,35,Regulier,0,3
3855,1975-11-09,15:00,3,28,Regulier,4,0
3856,1975-11-09,15:00,282,24,Regulier,1,0
3857,1975-11-09,15:00,47,2300,Regulier,0,2
3858,1975-11-22,20:00,35,282,Regulier,3,2
3859,1975-11-23,15:00,2300,13,Regulier,4,0
3860,1975-11-23,15:00,24,3,Regulier,0,2
3861,1975-11-23,15:00,12,47,Regulier,1,1
3862,1975-11-23,15:00,53,1,Regulier,0,2
3863,1975-11-23,15:00,28,522,Regulier,1,2
3864,1975-11-23,15:00,16,22,Regulier,4,3
3865,1975-11-23,15:00,30,4,Regulier,5,2
3866,1975-11-23,15:00,4451,25,Regulier,1,1
3867,1975-11-29,19:30,94,30,Regulier,2,0
3868,1975-11-29,20:00,13,12,Regulier,2,2
3869,1975-11-30,15:00,522,24,Regulier,1,0
3870,1975-11-30,15:00,3,35,Regulier,3,2
3871,1975-11-30,15:00,1,16,Regulier,2,4
3872,1975-11-30,15:00,47,4451,Regulier,1,0
3873,1975-11-30,15:00,282,53,Regulier,3,1
3874,1975-11-30,15:00,25,28,Regulier,2,0
3875,1975-11-30,15:00,4,2300,Regulier,0,0
3876,1975-12-06,19:30,22,1,Regulier,1,1
3877,1975-12-06,20:00,35,522,Regulier,1,0
3878,1975-12-06,20:00,53,3,Regulier,1,2
3879,1975-12-07,14:30,24,25,Regulier,1,1
3880,1975-12-07,15:00,16,282,Regulier,2,1
3881,1975-12-07,15:00,12,4,Regulier,2,1
3882,1975-12-07,15:00,2300,94,Regulier,0,0
3883,1975-12-07,15:00,4451,13,Regulier,2,1
3884,1975-12-07,15:00,28,47,Regulier,1,4
3885,1975-12-13,19:30,94,12,Regulier,1,1
3886,1975-12-13,20:00,13,28,Regulier,4,2
3887,1975-12-14,15:00,3,16,Regulier,3,0
3888,1975-12-14,15:00,25,35,Regulier,2,4
3889,1975-12-14,15:00,282,22,Regulier,4,0
3890,1975-12-14,15:00,522,53,Regulier,2,0
3891,1975-12-14,15:00,30,2300,Regulier,2,0
3892,1975-12-14,15:00,4,4451,Regulier,3,2
3893,1975-12-14,15:00,47,24,Regulier,3,0
3894,1975-12-20,19:30,22,3,Regulier,1,1
3895,1975-12-20,20:00,35,47,Regulier,3,1
3896,1975-12-21,14:30,24,13,Regulier,1,2
3897,1975-12-21,15:00,16,522,Regulier,2,1
3898,1975-12-21,15:00,1,282,Regulier,2,1
3899,1975-12-21,15:00,4451,94,Regulier,4,0
3900,1975-12-21,15:00,28,4,Regulier,0,0
3901,1975-12-21,15:00,12,30,Regulier,3,2
3902,1975-12-21,15:00,53,25,Regulier,4,2
3903,1976-01-03,19:30,94,28,Regulier,0,1
3904,1976-01-03,20:00,13,35,Regulier,4,3
3905,1976-01-04,15:00,3,1,Regulier,0,1
3906,1976-01-04,15:00,25,16,Regulier,1,0
3907,1976-01-04,15:00,47,53,Regulier,3,0
3908,1976-01-04,15:00,30,4451,Regulier,2,1
3909,1976-01-04,15:00,2300,12,Regulier,2,2
3910,1976-01-04,15:00,522,22,Regulier,0,2
3911,1976-01-04,15:00,4,24,Regulier,3,0
3912,1976-01-10,19:30,94,282,Regulier,0,3
3913,1976-01-10,20:00,13,522,Regulier,0,0
3914,1976-01-11,15:00,30,1,Regulier,2,0
3915,1976-01-11,15:00,28,35,Regulier,0,1
3916,1976-01-11,15:00,4451,53,Regulier,2,2
3917,1976-01-11,15:00,12,16,Regulier,1,0
3918,1976-01-11,15:00,47,25,Regulier,2,1
3919,1976-01-11,15:00,4,3,Regulier,4,2
3920,1976-01-11,15:00,2300,22,Regulier,2,0
3921,1976-01-17,19:30,22,12,Regulier,5,1
3922,1976-01-17,20:00,35,24,Regulier,4,0
3923,1976-01-18,15:00,522,4,Regulier,1,1
3924,1976-01-18,15:00,3,94,Regulier,3,0
3925,1976-01-18,15:00,1,2300,Regulier,0,0
3926,1976-01-18,15:00,53,28,Regulier,4,1
3927,1976-01-18,15:00,16,4451,Regulier,4,1
3928,1976-01-18,15:00,25,13,Regulier,1,0
3929,1976-01-18,15:00,282,30,Regulier,3,1
3930,1976-01-24,19:30,94,522,Regulier,1,1
3931,1976-01-24,20:00,13,47,Regulier,1,1
3932,1976-01-25,15:00,2300,282,Regulier,2,1
3933,1976-01-25,15:00,30,3,Regulier,2,3
3934,1976-01-25,15:00,12,1,Regulier,1,3
3935,1976-01-25,15:00,28,16,Regulier,2,2
3936,1976-01-25,15:00,4451,22,Regulier,9,1
3937,1976-01-25,15:00,24,53,Regulier,1,1
3938,1976-01-25,15:00,4,25,Regulier,0,0
3939,1976-02-01,15:00,1,4451,Regulier,0,0
3940,1976-02-01,15:00,16,24,Regulier,0,0
3941,1976-02-01,15:00,25,94,Regulier,2,4
3942,1976-02-01,15:00,47,4,Regulier,2,1
3943,1976-02-01,19:30,22,28,Regulier,2,0
3944,1976-02-01,20:00,3,2300,Regulier,0,0
3945,1976-02-01,20:00,53,35,Regulier,1,0
3946,1976-02-01,20:00,522,30,Regulier,0,2
3947,1976-02-01,20:00,282,12,Regulier,2,1
3948,1976-02-07,20:00,35,16,Regulier,3,0
3949,1976-02-08,15:00,4,13,Regulier,4,1
3950,1976-02-08,15:00,2300,522,Regulier,1,1
3951,1976-02-08,15:00,30,25,Regulier,3,0
3952,1976-02-08,15:00,94,47,Regulier,1,0
3953,1976-02-08,15:00,12,3,Regulier,1,5
3954,1976-02-08,15:00,4451,282,Regulier,1,0
3955,1976-02-08,15:00,24,22,Regulier,0,2
3956,1976-02-08,20:00,28,1,Regulier,1,1
3957,1976-02-14,19:30,22,35,Regulier,2,2
3958,1976-02-14,20:00,13,94,Regulier,6,2
3959,1976-02-15,15:00,25,2300,Regulier,1,0
3960,1976-02-15,15:00,16,53,Regulier,4,2
3961,1976-02-15,15:00,1,24,Regulier,1,0
3962,1976-02-15,15:00,282,28,Regulier,0,0
3963,1976-02-15,15:00,522,12,Regulier,0,0
3964,1976-02-15,15:00,3,4451,Regulier,0,0
3965,1976-02-15,15:00,47,30,Regulier,0,0
3966,1976-02-22,15:00,12,25,Regulier,3,0
3967,1976-02-22,15:00,53,22,Regulier,2,1
3968,1976-02-22,15:00,35,1,Regulier,1,1
3969,1976-02-22,15:00,30,13,Regulier,3,1
3970,1976-02-22,15:00,4451,522,Regulier,3,2
3971,1976-02-22,15:00,94,4,Regulier,2,3
3972,1976-02-22,15:00,28,3,Regulier,0,2
3973,1976-02-22,15:00,24,282,Regulier,1,4
3974,1976-02-22,15:00,2300,47,Regulier,1,0
3975,1976-03-06,19:30,22,16,Regulier,1,2
3976,1976-03-06,20:00,13,2300,Regulier,0,0
3977,1976-03-07,15:00,1,53,Regulier,0,1
3978,1976-03-07,15:00,47,12,Regulier,0,0
3979,1976-03-07,15:00,3,24,Regulier,3,2
3980,1976-03-07,15:00,282,35,Regulier,2,0
3981,1976-03-07,15:00,25,4451,Regulier,3,0
3982,1976-03-07,15:00,522,28,Regulier,0,3
3983,1976-03-07,15:00,4,30,Regulier,2,2
3984,1976-03-13,20:00,35,3,Regulier,1,0
3985,1976-03-13,20:00,30,94,Regulier,1,1
3986,1976-03-13,20:00,53,282,Regulier,1,0
3987,1976-03-14,15:00,24,522,Regulier,0,0
3988,1976-03-14,15:00,4451,47,Regulier,0,0
3989,1976-03-14,15:00,16,1,Regulier,4,0
3990,1976-03-14,15:00,12,13,Regulier,0,1
3991,1976-03-14,15:00,28,25,Regulier,0,1
3992,1976-03-14,15:00,2300,4,Regulier,1,0
3993,1976-03-20,20:00,282,16,Regulier,1,0
3994,1976-03-20,20:00,13,4451,Regulier,2,1
3995,1976-03-21,15:00,47,28,Regulier,5,0
3996,1976-03-21,15:00,3,53,Regulier,5,0
3997,1976-03-21,15:00,1,22,Regulier,1,1
3998,1976-03-21,15:00,522,35,Regulier,2,0
3999,1976-03-21,15:00,94,2300,Regulier,1,1
4000,1976-03-21,15:00,25,24,Regulier,4,1
4001,1976-03-21,15:00,4,12,Regulier,0,0
4002,1976-03-24,20:00,4,16,Regulier,4,2
4003,1976-03-24,20:00,522,3,Regulier,0,1
4004,1976-03-24,20:00,47,1,Regulier,0,0
4005,1976-03-24,20:00,30,35,Regulier,0,0
4006,1976-03-24,20:00,13,22,Regulier,4,1
4007,1976-03-24,20:00,2300,24,Regulier,2,1
4008,1976-03-24,20:00,12,28,Regulier,2,0
4009,1976-03-24,20:00,25,282,Regulier,0,2
4010,1976-03-24,20:00,94,53,Regulier,3,1
4011,1976-03-27,20:00,35,25,Regulier,2,2
4012,1976-03-28,15:00,16,3,Regulier,0,1
4013,1976-03-28,15:00,28,13,Regulier,0,1
4014,1976-03-28,15:00,12,94,Regulier,2,0
4015,1976-03-28,15:00,4451,4,Regulier,1,0
4016,1976-03-28,15:00,53,522,Regulier,0,2
4017,1976-03-28,15:00,2300,30,Regulier,1,1
4018,1976-03-28,15:00,24,47,Regulier,0,2
4019,1976-03-28,15:00,22,282,Regulier,1,2
4020,1976-04-03,19:30,94,4451,Regulier,2,2
4021,1976-04-03,20:00,30,12,Regulier,2,0
4022,1976-04-03,20:00,522,16,Regulier,2,3
4023,1976-04-03,20:00,282,1,Regulier,2,0
4024,1976-04-03,20:00,13,24,Regulier,1,0
4025,1976-04-04,15:00,47,35,Regulier,0,2
4026,1976-04-04,15:00,25,53,Regulier,3,1
4027,1976-04-04,15:00,4,28,Regulier,0,1
4028,1976-04-04,15:00,3,22,Regulier,5,1
4029,1976-04-07,19:30,22,4,Regulier,6,1
4030,1976-04-07,20:00,1,13,Regulier,1,3
4031,1976-04-07,20:00,3,25,Regulier,5,1
4032,1976-04-07,20:00,53,30,Regulier,2,1
4033,1976-04-07,20:00,35,2300,Regulier,4,0
4034,1976-04-07,20:00,16,94,Regulier,2,2
4035,1976-04-07,20:00,28,4451,Regulier,0,1
4036,1976-04-07,20:00,282,47,Regulier,1,1
4037,1976-04-07,20:00,24,12,Regulier,1,1
4038,1976-04-10,20:00,35,13,Regulier,3,0
4039,1976-04-10,20:00,4451,30,Regulier,3,1
4040,1976-04-11,15:00,22,522,Regulier,0,0
4041,1976-04-11,15:00,12,2300,Regulier,0,2
4042,1976-04-11,15:00,16,25,Regulier,3,0
4043,1976-04-11,15:00,1,3,Regulier,3,3
4044,1976-04-11,15:00,53,47,Regulier,1,5
4045,1976-04-11,15:00,28,94,Regulier,1,2
4046,1976-04-11,15:00,24,4,Regulier,4,1
4047,1976-04-15,20:00,47,16,Regulier,2,0
4048,1976-04-16,20:00,30,28,Regulier,0,0
4049,1976-04-17,19:30,94,24,Regulier,1,2
4050,1976-04-17,20:00,522,1,Regulier,0,0
4051,1976-04-17,20:00,13,53,Regulier,3,0
4052,1976-04-18,15:00,2300,4451,Regulier,0,1
4053,1976-04-18,15:00,3,282,Regulier,0,0
4054,1976-04-18,15:00,25,22,Regulier,0,2
4055,1976-04-18,19:30,4,35,Regulier,0,0
4056,1976-04-30,19:30,22,47,Regulier,0,1
4057,1976-04-30,20:00,35,94,Regulier,1,1
4058,1976-05-01,20:00,4451,12,Regulier,4,1
4059,1976-05-01,20:00,282,522,Regulier,0,0
4060,1976-05-02,15:00,1,25,Regulier,2,2
4061,1976-05-02,15:00,16,13,Regulier,1,0
4062,1976-05-02,15:00,28,2300,Regulier,0,3
4063,1976-05-02,15:00,24,30,Regulier,2,2
4064,1976-05-02,15:00,53,4,Regulier,2,2
4065,1976-05-09,15:00,2300,53,Regulier,1,1
4066,1976-05-09,15:00,25,522,Regulier,2,2
4067,1976-05-09,15:00,30,16,Regulier,0,0
4068,1976-05-09,15:00,12,35,Regulier,0,2
4069,1976-05-09,15:00,4451,24,Regulier,2,2
4070,1976-05-09,15:00,13,282,Regulier,1,1
4071,1976-05-09,15:00,47,3,Regulier,5,3
4072,1976-05-09,15:00,4,1,Regulier,6,2
4073,1976-05-09,15:00,94,22,Regulier,0,0
4074,1976-05-16,15:00,16,2300,Regulier,2,3
4075,1976-05-16,15:00,35,4451,Regulier,2,1
4076,1976-05-16,15:00,522,47,Regulier,0,0
4077,1976-05-16,15:00,282,4,Regulier,0,1
4078,1976-05-16,15:00,3,13,Regulier,4,2
4079,1976-05-16,15:00,1,94,Regulier,2,3
4080,1976-05-16,15:00,24,28,Regulier,0,1
4081,1976-05-16,15:00,53,12,Regulier,2,0
4082,1976-05-16,15:00,22,30,Regulier,2,1
4083,1976-09-12,15:00,16,47,Regulier,0,0
4084,1976-09-12,15:00,19,12,Regulier,1,1
4085,1976-09-12,19:30,22,2300,Regulier,2,1
4086,1976-09-12,20:00,25,322,Regulier,1,0
4087,1976-09-12,20:00,35,4,Regulier,1,1
4088,1976-09-12,20:00,3,4451,Regulier,2,0
4089,1976-09-12,20:00,282,53,Regulier,1,0
4090,1976-09-12,20:00,522,1,Regulier,1,2
4091,1976-09-12,20:00,13,30,Regulier,6,2
4092,1976-09-19,15:00,2300,35,Regulier,1,1
4093,1976-09-19,15:00,4451,13,Regulier,2,2
4094,1976-09-19,15:00,4,16,Regulier,0,1
4095,1976-09-19,15:00,1,25,Regulier,1,1
4096,1976-09-19,15:00,53,3,Regulier,2,3
4097,1976-09-19,20:00,12,22,Regulier,1,0
4098,1976-09-19,20:00,47,282,Regulier,1,0
4099,1976-09-19,20:00,30,522,Regulier,1,0
4100,1976-09-19,20:00,322,19,Regulier,0,1
4101,1976-09-22,15:00,4451,282,Regulier,0,2
4102,1976-09-22,20:00,322,1,Regulier,1,2
4103,1976-09-22,20:00,13,522,Regulier,3,1
4104,1976-09-22,20:00,53,16,Regulier,5,1
4105,1976-09-22,20:00,12,25,Regulier,2,0
4106,1976-09-22,20:00,2300,19,Regulier,0,0
4107,1976-09-22,20:00,47,35,Regulier,1,1
4108,1976-09-22,20:00,30,3,Regulier,0,0
4109,1976-09-22,20:00,4,22,Regulier,2,1
4110,1976-09-26,15:00,16,2300,Regulier,3,0
4111,1976-09-26,15:00,19,1,Regulier,1,3
4112,1976-09-26,15:00,282,4,Regulier,1,1
4113,1976-09-26,19:30,22,322,Regulier,2,1
4114,1976-09-26,20:00,13,53,Regulier,1,0
4115,1976-09-26,20:00,35,12,Regulier,6,1
4116,1976-09-26,20:00,522,25,Regulier,3,0
4117,1976-09-26,20:00,30,4451,Regulier,2,1
4118,1976-09-26,20:00,3,47,Regulier,1,0
4119,1976-10-03,15:00,4,3,Regulier,1,4
4120,1976-10-03,15:00,1,22,Regulier,1,0
4121,1976-10-03,15:00,12,16,Regulier,1,1
4122,1976-10-03,15:00,4451,522,Regulier,1,0
4123,1976-10-03,15:00,25,19,Regulier,2,3
4124,1976-10-03,15:00,2300,282,Regulier,1,1
4125,1976-10-03,15:00,53,30,Regulier,1,3
4126,1976-10-03,20:00,47,13,Regulier,3,1
4127,1976-10-03,20:00,322,35,Regulier,1,2
4128,1976-10-06,20:00,282,30,Regulier,2,1
4129,1976-10-06,20:00,35,53,Regulier,4,0
4130,1976-10-06,20:00,22,47,Regulier,0,2
4131,1976-10-06,20:00,3,13,Regulier,4,1
4132,1976-10-06,20:00,1,12,Regulier,2,1
4133,1976-10-06,20:00,16,4451,Regulier,3,1
4134,1976-10-06,20:00,522,322,Regulier,0,2
4135,1976-10-06,20:00,25,2300,Regulier,2,2
4136,1976-10-06,20:00,19,4,Regulier,2,0
4137,1976-10-10,15:00,4451,53,Regulier,6,1
4138,1976-10-10,15:00,282,12,Regulier,2,3
4139,1976-10-10,15:00,3,2300,Regulier,3,0
4140,1976-10-10,15:00,16,322,Regulier,1,0
4141,1976-10-10,15:00,522,19,Regulier,3,2
4142,1976-10-10,19:30,22,25,Regulier,2,1
4143,1976-10-10,20:00,13,4,Regulier,1,0
4144,1976-10-10,20:00,35,1,Regulier,4,1
4145,1976-10-10,20:00,30,47,Regulier,2,1
4146,1976-10-17,15:00,53,522,Regulier,1,1
4147,1976-10-17,15:00,19,22,Regulier,0,0
4148,1976-10-17,15:00,1,16,Regulier,0,0
4149,1976-10-17,15:00,4,30,Regulier,0,2
4150,1976-10-17,15:00,2300,13,Regulier,2,1
4151,1976-10-17,20:00,12,3,Regulier,2,2
4152,1976-10-17,20:00,25,35,Regulier,1,1
4153,1976-10-17,20:00,47,4451,Regulier,3,0
4154,1976-10-17,20:00,322,282,Regulier,2,1
4155,1976-10-24,15:00,3,1,Regulier,0,0
4156,1976-10-24,15:00,53,4,Regulier,6,3
4157,1976-10-24,15:00,16,19,Regulier,0,1
4158,1976-10-24,15:00,4451,2300,Regulier,2,0
4159,1976-10-24,15:00,30,12,Regulier,0,0
4160,1976-10-24,15:00,522,47,Regulier,2,3
4161,1976-10-24,15:00,282,25,Regulier,1,1
4162,1976-10-24,20:00,13,322,Regulier,2,2
4163,1976-10-24,20:00,35,22,Regulier,3,2
4164,1976-11-13,19:30,22,522,Regulier,0,4
4165,1976-11-13,20:00,47,53,Regulier,3,1
4166,1976-11-14,15:00,25,16,Regulier,0,3
4167,1976-11-14,15:00,12,13,Regulier,1,5
4168,1976-11-14,15:00,4,4451,Regulier,2,1
4169,1976-11-14,15:00,2300,30,Regulier,2,1
4170,1976-11-14,15:00,1,282,Regulier,0,2
4171,1976-11-14,15:00,322,3,Regulier,2,1
4172,1976-11-14,15:00,19,35,Regulier,3,2
4173,1976-11-20,20:00,47,2300,Regulier,1,1
4174,1976-11-20,20:00,13,25,Regulier,3,1
4175,1976-11-20,20:00,53,12,Regulier,0,2
4176,1976-11-21,15:00,522,4,Regulier,1,1
4177,1976-11-21,15:00,282,22,Regulier,0,0
4178,1976-11-21,15:00,16,35,Regulier,1,1
4179,1976-11-21,15:00,30,1,Regulier,2,1
4180,1976-11-21,15:00,4451,322,Regulier,0,2
4181,1976-11-21,15:00,3,19,Regulier,3,1
4182,1976-11-27,19:30,22,16,Regulier,0,0
4183,1976-11-27,20:00,35,522,Regulier,1,2
4184,1976-11-27,20:00,322,30,Regulier,1,1
4185,1976-11-28,15:00,4,47,Regulier,0,2
4186,1976-11-28,15:00,19,282,Regulier,2,1
4187,1976-11-28,15:00,2300,53,Regulier,0,0
4188,1976-11-28,15:00,1,13,Regulier,2,1
4189,1976-11-28,15:00,12,4451,Regulier,3,0
4190,1976-11-28,15:00,25,3,Regulier,0,2
4191,1976-12-04,20:00,47,12,Regulier,2,1
4192,1976-12-04,20:00,13,19,Regulier,2,0
4193,1976-12-05,15:00,522,16,Regulier,0,1
4194,1976-12-05,15:00,4451,1,Regulier,2,0
4195,1976-12-05,15:00,282,35,Regulier,2,3
4196,1976-12-05,15:00,3,22,Regulier,2,0
4197,1976-12-05,15:00,30,25,Regulier,1,0
4198,1976-12-05,15:00,53,322,Regulier,0,0
4199,1976-12-05,15:00,4,2300,Regulier,1,0
4200,1976-12-11,19:30,22,13,Regulier,1,1
4201,1976-12-11,20:00,35,3,Regulier,2,1
4202,1976-12-12,15:00,25,4451,Regulier,3,1
4203,1976-12-12,15:00,1,53,Regulier,2,1
4204,1976-12-12,15:00,19,30,Regulier,1,0
4205,1976-12-12,15:00,2300,522,Regulier,1,3
4206,1976-12-12,15:00,322,47,Regulier,2,2
4207,1976-12-12,15:00,16,282,Regulier,0,1
4208,1976-12-12,15:00,12,4,Regulier,10,0
4209,1976-12-18,20:00,13,35,Regulier,3,2
4210,1976-12-19,15:00,522,282,Regulier,1,1
4211,1976-12-19,15:00,3,16,Regulier,2,1
4212,1976-12-19,15:00,47,1,Regulier,1,1
4213,1976-12-19,15:00,2300,12,Regulier,0,0
4214,1976-12-19,15:00,4,322,Regulier,0,4
4215,1976-12-19,15:00,4451,19,Regulier,2,2
4216,1976-12-19,15:00,30,22,Regulier,5,1
4217,1976-12-19,15:00,53,25,Regulier,0,1
4218,1977-01-02,15:00,22,4451,Regulier,0,1
4219,1977-01-02,15:00,12,522,Regulier,4,0
4220,1977-01-02,15:00,16,13,Regulier,1,1
4221,1977-01-02,15:00,19,53,Regulier,4,2
4222,1977-01-02,15:00,25,47,Regulier,0,1
4223,1977-01-02,15:00,282,3,Regulier,2,2
4224,1977-01-02,15:00,1,4,Regulier,5,0
4225,1977-01-02,15:00,322,2300,Regulier,0,0
4226,1977-01-02,20:00,35,30,Regulier,3,0
4227,1977-01-09,15:00,13,282,Regulier,1,0
4228,1977-01-09,15:00,12,322,Regulier,3,0
4229,1977-01-09,15:00,4451,35,Regulier,3,0
4230,1977-01-09,15:00,2300,1,Regulier,4,1
4231,1977-01-09,15:00,30,16,Regulier,0,0
4232,1977-01-09,15:00,522,3,Regulier,1,4
4233,1977-01-09,15:00,4,25,Regulier,0,0
4234,1977-01-09,15:00,47,19,Regulier,1,0
4235,1977-01-09,15:00,53,22,Regulier,0,0
4236,1977-01-15,19:30,22,12,Regulier,3,0
4237,1977-01-15,20:00,35,2300,Regulier,2,0
4238,1977-01-16,15:00,16,4,Regulier,1,0
4239,1977-01-16,15:00,282,47,Regulier,2,0
4240,1977-01-16,15:00,522,30,Regulier,1,0
4241,1977-01-16,15:00,3,53,Regulier,3,1
4242,1977-01-16,15:00,13,4451,Regulier,2,2
4243,1977-01-16,15:00,25,1,Regulier,2,2
4244,1977-01-16,15:00,19,322,Regulier,0,1
4245,1977-01-22,20:00,322,25,Regulier,3,2
4246,1977-01-23,15:00,4,35,Regulier,0,5
4247,1977-01-23,15:00,30,13,Regulier,2,2
4248,1977-01-23,15:00,12,19,Regulier,2,2
4249,1977-01-23,15:00,2300,22,Regulier,2,1
4250,1977-01-23,15:00,47,16,Regulier,3,1
4251,1977-01-23,15:00,4451,3,Regulier,4,0
4252,1977-01-23,15:00,1,522,Regulier,1,1
4253,1977-01-23,15:00,53,282,Regulier,1,3
4254,1977-01-29,20:00,322,22,Regulier,0,0
4255,1977-01-30,15:00,12,35,Regulier,1,1
4256,1977-01-30,15:00,53,13,Regulier,1,1
4257,1977-01-30,15:00,47,3,Regulier,0,3
4258,1977-01-30,15:00,2300,16,Regulier,2,0
4259,1977-01-30,15:00,25,522,Regulier,3,1
4260,1977-01-30,15:00,1,19,Regulier,2,2
4261,1977-01-30,15:00,4,282,Regulier,0,1
4262,1977-01-30,15:00,4451,30,Regulier,1,0
4263,1977-02-05,19:30,22,1,Regulier,2,0
4264,1977-02-05,20:00,35,322,Regulier,4,2
4265,1977-02-06,15:00,522,4451,Regulier,1,1
4266,1977-02-06,15:00,19,25,Regulier,0,0
4267,1977-02-06,15:00,13,47,Regulier,2,2
4268,1977-02-06,15:00,16,12,Regulier,3,1
4269,1977-02-06,15:00,282,2300,Regulier,1,0
4270,1977-02-06,15:00,3,4,Regulier,4,0
4271,1977-02-06,15:00,30,53,Regulier,0,1
4272,1977-02-12,20:00,322,16,Regulier,0,2
4273,1977-02-13,15:00,1,35,Regulier,1,0
4274,1977-02-13,15:00,12,282,Regulier,1,4
4275,1977-02-13,15:00,4,13,Regulier,2,1
4276,1977-02-13,15:00,19,522,Regulier,1,3
4277,1977-02-13,15:00,2300,3,Regulier,2,1
4278,1977-02-13,15:00,47,30,Regulier,3,2
4279,1977-02-13,15:00,25,22,Regulier,3,0
4280,1977-02-13,15:00,53,4451,Regulier,2,1
4281,1977-02-19,19:30,22,19,Regulier,2,2
4282,1977-02-19,20:00,35,25,Regulier,3,1
4283,1977-02-20,15:00,522,53,Regulier,1,1
4284,1977-02-20,15:00,13,2300,Regulier,1,2
4285,1977-02-20,15:00,16,1,Regulier,3,0
4286,1977-02-20,15:00,3,12,Regulier,2,0
4287,1977-02-20,15:00,282,322,Regulier,3,1
4288,1977-02-20,15:00,30,4,Regulier,2,0
4289,1977-02-20,15:00,4451,47,Regulier,1,1
4290,1977-03-05,19:30,22,35,Regulier,2,0
4291,1977-03-05,20:00,322,13,Regulier,1,1
4292,1977-03-06,15:00,19,16,Regulier,1,1
4293,1977-03-06,15:00,1,3,Regulier,0,0
4294,1977-03-06,15:00,4,53,Regulier,5,0
4295,1977-03-06,15:00,12,30,Regulier,4,1
4296,1977-03-06,15:00,2300,4451,Regulier,1,0
4297,1977-03-06,15:00,47,522,Regulier,2,1
4298,1977-03-06,15:00,25,282,Regulier,1,3
4299,1977-03-12,20:00,13,12,Regulier,1,1
4300,1977-03-12,20:00,522,22,Regulier,0,0
4301,1977-03-12,20:00,35,19,Regulier,2,0
4302,1977-03-12,20:00,3,322,Regulier,1,0
4303,1977-03-13,15:00,282,1,Regulier,0,2
4304,1977-03-13,15:00,16,25,Regulier,4,0
4305,1977-03-13,15:00,53,47,Regulier,2,3
4306,1977-03-13,15:00,4451,4,Regulier,3,0
4307,1977-03-13,15:00,30,2300,Regulier,2,0
4308,1977-03-19,19:30,22,282,Regulier,1,0
4309,1977-03-19,20:00,322,4451,Regulier,1,1
4310,1977-03-19,20:00,35,16,Regulier,1,0
4311,1977-03-20,15:00,25,13,Regulier,2,5
4312,1977-03-20,15:00,1,30,Regulier,2,1
4313,1977-03-20,15:00,2300,47,Regulier,2,0
4314,1977-03-20,15:00,4,522,Regulier,0,0
4315,1977-03-20,15:00,19,3,Regulier,1,2
4316,1977-03-20,15:00,12,53,Regulier,2,1
4317,1977-04-02,20:00,522,35,Regulier,0,2
4318,1977-04-02,20:00,13,1,Regulier,2,0
4319,1977-04-02,20:00,53,2300,Regulier,2,0
4320,1977-04-02,20:00,4451,12,Regulier,2,1
4321,1977-04-02,20:00,47,4,Regulier,4,2
4322,1977-04-02,20:00,30,322,Regulier,1,0
4323,1977-04-03,15:00,282,19,Regulier,2,1
4324,1977-04-03,15:00,16,22,Regulier,2,1
4325,1977-04-03,15:00,3,25,Regulier,3,1
4326,1977-04-07,20:00,1,4451,Regulier,0,2
4327,1977-04-08,20:00,16,522,Regulier,3,2
4328,1977-04-08,20:00,22,3,Regulier,0,1
4329,1977-04-09,20:00,2300,4,Regulier,3,1
4330,1977-04-09,20:00,322,53,Regulier,2,0
4331,1977-04-09,20:00,25,30,Regulier,0,2
4332,1977-04-10,15:00,19,13,Regulier,2,0
4333,1977-04-10,16:00,12,47,Regulier,1,0
4334,1977-04-10,20:00,35,282,Regulier,3,0
4335,1977-04-16,20:00,3,35,Regulier,2,0
4336,1977-04-16,20:00,30,19,Regulier,2,1
4337,1977-04-16,20:00,13,22,Regulier,1,2
4338,1977-04-16,20:00,522,2300,Regulier,3,0
4339,1977-04-16,20:00,282,16,Regulier,0,2
4340,1977-04-16,20:00,47,322,Regulier,6,0
4341,1977-04-16,20:00,4451,25,Regulier,1,0
4342,1977-04-17,15:00,4,12,Regulier,4,0
4343,1977-04-17,15:00,53,1,Regulier,4,1
4344,1977-04-23,19:30,22,30,Regulier,0,2
4345,1977-04-23,20:00,322,4,Regulier,5,0
4346,1977-04-23,20:00,35,13,Regulier,1,0
4347,1977-04-23,20:00,282,522,Regulier,7,0
4348,1977-04-24,15:00,12,2300,Regulier,1,1
4349,1977-04-24,15:00,1,47,Regulier,0,0
4350,1977-04-24,15:00,25,53,Regulier,4,1
4351,1977-04-24,15:00,19,4451,Regulier,0,2
4352,1977-04-24,19:30,16,3,Regulier,2,0
4353,1977-04-30,20:00,47,25,Regulier,5,1
4354,1977-04-30,20:00,2300,322,Regulier,0,1
4355,1977-04-30,20:00,522,12,Regulier,1,1
4356,1977-04-30,20:00,13,16,Regulier,1,1
4357,1977-05-01,15:00,53,19,Regulier,0,0
4358,1977-05-01,15:00,4,1,Regulier,3,2
4359,1977-05-01,15:00,4451,22,Regulier,2,0
4360,1977-05-01,15:00,3,282,Regulier,4,1
4361,1977-05-01,16:00,30,35,Regulier,2,3
4362,1977-05-06,20:00,35,4451,Regulier,2,0
4363,1977-05-07,19:30,22,53,Regulier,1,1
4364,1977-05-07,20:00,322,12,Regulier,3,1
4365,1977-05-08,15:00,19,47,Regulier,1,0
4366,1977-05-08,15:00,25,4,Regulier,2,3
4367,1977-05-08,15:00,282,13,Regulier,4,1
4368,1977-05-08,15:00,16,30,Regulier,4,1
4369,1977-05-08,15:00,1,2300,Regulier,2,1
4370,1977-05-08,15:00,3,522,Regulier,3,0
4371,1977-05-15,15:00,47,22,Regulier,5,1
4372,1977-05-15,15:00,4,19,Regulier,3,1
4373,1977-05-15,15:00,322,522,Regulier,3,1
4374,1977-05-15,15:00,13,3,Regulier,1,1
4375,1977-05-15,15:00,53,35,Regulier,1,6
4376,1977-05-15,15:00,12,1,Regulier,3,1
4377,1977-05-15,15:00,4451,16,Regulier,0,1
4378,1977-05-15,15:00,30,282,Regulier,2,2
4379,1977-05-15,15:00,2300,25,Regulier,3,0
4380,1977-05-22,15:00,19,2300,Regulier,3,1
4381,1977-05-22,15:00,16,53,Regulier,4,0
4382,1977-05-22,15:00,522,13,Regulier,1,1
4383,1977-05-22,15:00,25,12,Regulier,2,2
4384,1977-05-22,15:00,1,322,Regulier,3,1
4385,1977-05-22,15:00,282,4451,Regulier,0,0
4386,1977-05-22,15:00,35,47,Regulier,2,1
4387,1977-05-22,15:00,3,30,Regulier,6,2
4388,1977-05-22,15:00,22,4,Regulier,3,4
4389,1977-08-14,19:30,22,4451,Regulier,1,0
4390,1977-08-14,20:00,1,3,Regulier,2,2
4391,1977-08-14,20:00,35,30,Regulier,3,0
4392,1977-08-14,20:00,58,47,Regulier,2,2
4393,1977-08-14,20:00,12,13,Regulier,1,1
4394,1977-08-14,20:00,4,16,Regulier,1,3
4395,1977-08-14,20:00,19,522,Regulier,1,0
4396,1977-08-14,20:00,282,94,Regulier,4,2
4397,1977-08-14,20:00,322,2300,Regulier,3,0
4398,1977-08-21,16:00,4451,12,Regulier,5,0
4399,1977-08-21,16:00,2300,22,Regulier,3,0
4400,1977-08-21,16:00,30,4,Regulier,1,0
4401,1977-08-21,16:00,16,58,Regulier,3,1
4402,1977-08-21,19:30,94,322,Regulier,1,2
4403,1977-08-21,20:00,522,282,Regulier,0,1
4404,1977-08-21,20:00,47,1,Regulier,3,1
4405,1977-08-21,20:00,13,35,Regulier,1,1
4406,1977-08-21,20:00,3,19,Regulier,4,1
4407,1977-08-28,19:30,22,13,Regulier,2,0
4408,1977-08-28,20:00,2300,4451,Regulier,3,0
4409,1977-08-28,20:00,58,3,Regulier,0,2
4410,1977-08-28,20:00,35,16,Regulier,3,1
4411,1977-08-28,20:00,12,30,Regulier,0,1
4412,1977-08-28,20:00,1,522,Regulier,0,0
4413,1977-08-28,20:00,19,94,Regulier,2,0
4414,1977-08-28,20:00,322,282,Regulier,2,0
4415,1977-08-28,20:00,4,47,Regulier,0,0
4416,1977-09-07,19:30,94,1,Regulier,1,0
4417,1977-09-07,20:00,4451,322,Regulier,2,1
4418,1977-09-07,20:00,47,35,Regulier,2,2
4419,1977-09-07,20:00,13,2300,Regulier,1,1
4420,1977-09-07,20:00,522,58,Regulier,1,0
4421,1977-09-07,20:00,16,12,Regulier,2,2
4422,1977-09-07,20:00,3,4,Regulier,3,2
4423,1977-09-07,20:00,30,22,Regulier,1,1
4424,1977-09-07,20:00,282,19,Regulier,0,0
4425,1977-09-11,15:00,58,94,Regulier,3,4
4426,1977-09-11,15:00,2300,30,Regulier,1,0
4427,1977-09-11,15:00,1,282,Regulier,1,0
4428,1977-09-11,15:00,12,47,Regulier,1,0
4429,1977-09-11,16:00,4451,13,Regulier,2,4
4430,1977-09-11,19:30,22,16,Regulier,1,4
4431,1977-09-11,20:00,4,522,Regulier,0,1
4432,1977-09-11,20:00,35,3,Regulier,6,1
4433,1977-09-11,20:00,322,19,Regulier,2,1
4434,1977-09-18,15:00,282,58,Regulier,6,2
4435,1977-09-18,15:00,19,1,Regulier,2,1
4436,1977-09-18,15:00,3,12,Regulier,4,1
4437,1977-09-18,19:30,94,4,Regulier,2,2
4438,1977-09-18,20:00,16,2300,Regulier,3,0
4439,1977-09-18,20:00,522,35,Regulier,1,0
4440,1977-09-18,20:00,13,322,Regulier,2,2
4441,1977-09-18,20:00,30,4451,Regulier,1,0
4442,1977-09-18,20:00,47,22,Regulier,5,1
4443,1977-09-21,19:30,22,3,Regulier,2,3
4444,1977-09-21,20:00,35,94,Regulier,0,1
4445,1977-09-21,20:00,4451,16,Regulier,3,0
4446,1977-09-21,20:00,2300,47,Regulier,2,0
4447,1977-09-21,20:00,58,19,Regulier,2,1
4448,1977-09-21,20:00,322,1,Regulier,1,1
4449,1977-09-21,20:00,12,522,Regulier,2,0
4450,1977-09-21,20:00,13,30,Regulier,1,1
4451,1977-09-21,20:00,4,282,Regulier,2,1
4452,1977-09-25,15:00,19,4,Regulier,2,1
4453,1977-09-25,15:00,16,13,Regulier,2,2
4454,1977-09-25,15:00,1,58,Regulier,4,1
4455,1977-09-25,15:00,30,322,Regulier,1,1
4456,1977-09-25,19:30,94,12,Regulier,2,0
4457,1977-09-25,20:00,47,4451,Regulier,1,1
4458,1977-09-25,20:00,522,22,Regulier,0,2
4459,1977-09-25,20:00,3,2300,Regulier,2,1
4460,1977-09-25,20:00,282,35,Regulier,0,1
4461,1977-10-02,15:00,4,58,Regulier,3,1
4462,1977-10-02,15:00,12,19,Regulier,2,2
4463,1977-10-02,15:00,2300,94,Regulier,2,0
4464,1977-10-02,15:00,4451,522,Regulier,0,2
4465,1977-10-02,15:00,13,3,Regulier,2,0
4466,1977-10-02,15:00,30,47,Regulier,5,0
4467,1977-10-02,19:00,322,16,Regulier,0,2
4468,1977-10-02,19:30,22,282,Regulier,1,0
4469,1977-10-02,20:00,35,1,Regulier,0,0
4470,1977-10-05,19:30,94,22,Regulier,0,2
4471,1977-10-05,20:00,58,322,Regulier,1,5
4472,1977-10-05,20:00,16,30,Regulier,0,0
4473,1977-10-05,20:00,522,2300,Regulier,1,5
4474,1977-10-05,20:00,19,35,Regulier,0,2
4475,1977-10-05,20:00,1,4,Regulier,3,0
4476,1977-10-05,20:00,47,13,Regulier,5,2
4477,1977-10-05,20:00,282,12,Regulier,2,0
4478,1977-10-05,20:00,3,4451,Regulier,4,0
4479,1977-10-08,19:30,22,1,Regulier,1,2
4480,1977-10-08,20:00,35,4,Regulier,4,1
4481,1977-10-08,20:00,16,3,Regulier,4,2
4482,1977-10-08,20:00,13,94,Regulier,4,1
4483,1977-10-09,15:00,2300,19,Regulier,0,0
4484,1977-10-09,15:00,30,522,Regulier,3,1
4485,1977-10-09,15:00,12,58,Regulier,0,1
4486,1977-10-09,15:00,4451,282,Regulier,1,0
4487,1977-10-09,19:30,322,47,Regulier,1,0
4488,1977-10-15,19:30,94,4451,Regulier,0,3
4489,1977-10-15,20:00,522,13,Regulier,0,0
4490,1977-10-15,20:00,58,35,Regulier,1,1
4491,1977-10-15,20:00,47,16,Regulier,1,2
4492,1977-10-15,20:00,3,30,Regulier,3,0
4493,1977-10-16,15:00,4,322,Regulier,1,1
4494,1977-10-16,15:00,1,12,Regulier,3,0
4495,1977-10-16,15:00,19,22,Regulier,2,2
4496,1977-10-16,15:00,282,2300,Regulier,0,2
4497,1977-11-05,19:30,22,4,Regulier,1,1
4498,1977-11-05,20:00,13,19,Regulier,2,0
4499,1977-11-06,15:00,4451,1,Regulier,1,0
4500,1977-11-06,15:00,16,94,Regulier,4,1
4501,1977-11-06,15:00,47,522,Regulier,3,1
4502,1977-11-06,15:00,2300,58,Regulier,0,0
4503,1977-11-06,15:00,12,35,Regulier,0,1
4504,1977-11-06,15:00,30,282,Regulier,2,4
4505,1977-11-06,15:00,322,3,Regulier,0,0
4506,1977-11-19,19:30,94,30,Regulier,1,0
4507,1977-11-19,20:00,35,322,Regulier,3,2
4508,1977-11-20,15:00,522,16,Regulier,3,1
4509,1977-11-20,15:00,4,12,Regulier,2,0
4510,1977-11-20,15:00,282,13,Regulier,1,1
4511,1977-11-20,15:00,58,22,Regulier,3,2
4512,1977-11-20,15:00,1,2300,Regulier,3,1
4513,1977-11-20,15:00,19,4451,Regulier,1,1
4514,1977-11-20,15:00,3,47,Regulier,4,2
4515,1977-11-26,19:30,22,35,Regulier,2,1
4516,1977-11-26,20:00,13,1,Regulier,4,2
4517,1977-11-26,20:00,322,12,Regulier,0,0
4518,1977-11-26,20:00,16,282,Regulier,1,0
4519,1977-11-27,15:00,30,19,Regulier,2,0
4520,1977-11-27,15:00,4451,58,Regulier,3,1
4521,1977-11-27,15:00,3,522,Regulier,2,1
4522,1977-11-27,15:00,47,94,Regulier,2,0
4523,1977-11-27,15:00,2300,4,Regulier,2,0
4524,1977-12-03,19:30,94,3,Regulier,1,2
4525,1977-12-03,20:00,58,13,Regulier,1,1
4526,1977-12-03,20:00,35,2300,Regulier,0,1
4527,1977-12-03,20:00,322,522,Regulier,2,1
4528,1977-12-04,15:00,12,22,Regulier,2,2
4529,1977-12-04,15:00,19,16,Regulier,0,1
4530,1977-12-04,15:00,282,47,Regulier,1,1
4531,1977-12-04,15:00,1,30,Regulier,1,2
4532,1977-12-04,15:00,4,4451,Regulier,2,2
4533,1977-12-10,19:30,22,322,Regulier,2,0
4534,1977-12-10,20:00,13,4,Regulier,2,1
4535,1977-12-11,15:00,30,58,Regulier,4,2
4536,1977-12-11,15:00,4451,35,Regulier,1,3
4537,1977-12-11,15:00,16,1,Regulier,1,1
4538,1977-12-11,15:00,2300,12,Regulier,4,1
4539,1977-12-11,15:00,47,19,Regulier,5,3
4540,1977-12-11,15:00,522,94,Regulier,3,0
4541,1977-12-11,15:00,3,282,Regulier,2,2
4542,1977-12-17,19:30,94,282,Regulier,0,0
4543,1977-12-17,20:00,16,4,Regulier,1,0
4544,1977-12-17,20:00,13,12,Regulier,2,0
4545,1977-12-18,15:00,3,1,Regulier,2,0
4546,1977-12-18,15:00,47,58,Regulier,0,1
4547,1977-12-18,15:00,522,19,Regulier,2,2
4548,1977-12-18,15:00,4451,22,Regulier,2,3
4549,1977-12-18,15:00,2300,322,Regulier,1,2
4550,1977-12-18,15:00,30,35,Regulier,3,1
4551,1978-01-07,19:30,22,2300,Regulier,0,1
4552,1978-01-07,20:00,35,13,Regulier,2,1
4553,1978-01-07,20:00,322,94,Regulier,1,1
4554,1978-01-08,15:00,4,30,Regulier,5,2
4555,1978-01-08,15:00,58,16,Regulier,0,4
4556,1978-01-08,15:00,12,4451,Regulier,0,2
4557,1978-01-08,15:00,1,47,Regulier,3,2
4558,1978-01-08,15:00,282,522,Regulier,2,0
4559,1978-01-08,15:00,19,3,Regulier,2,3
4560,1978-01-14,19:30,94,19,Regulier,0,0
4561,1978-01-14,20:00,13,22,Regulier,4,0
4562,1978-01-15,15:00,522,1,Regulier,0,0
4563,1978-01-15,15:00,30,12,Regulier,5,0
4564,1978-01-15,15:00,47,4,Regulier,4,1
4565,1978-01-15,15:00,16,35,Regulier,0,1
4566,1978-01-15,15:00,282,322,Regulier,2,3
4567,1978-01-15,15:00,4451,2300,Regulier,0,0
4568,1978-01-15,15:00,3,58,Regulier,4,2
4569,1978-01-21,19:30,22,30,Regulier,0,2
4570,1978-01-21,19:30,322,4451,Regulier,2,2
4571,1978-01-21,20:00,35,47,Regulier,1,1
4572,1978-01-21,20:00,12,16,Regulier,1,1
4573,1978-01-22,15:00,58,522,Regulier,1,1
4574,1978-01-22,15:00,1,94,Regulier,0,0
4575,1978-01-22,15:00,4,3,Regulier,1,1
4576,1978-01-22,15:00,19,282,Regulier,2,2
4577,1978-01-22,15:00,2300,13,Regulier,1,1
4578,1978-01-28,20:00,13,4451,Regulier,4,0
4579,1978-01-29,15:00,30,2300,Regulier,2,1
4580,1978-01-29,15:00,282,1,Regulier,2,0
4581,1978-01-29,15:00,3,35,Regulier,2,0
4582,1978-01-29,15:00,16,22,Regulier,2,1
4583,1978-01-29,15:00,19,322,Regulier,3,0
4584,1978-01-29,15:00,522,4,Regulier,2,1
4585,1978-01-29,15:00,47,12,Regulier,1,0
4586,1978-01-29,15:00,94,58,Regulier,3,1
4587,1978-02-04,19:30,22,47,Regulier,1,2
4588,1978-02-04,20:00,35,522,Regulier,4,0
4589,1978-02-05,15:00,1,19,Regulier,3,1
4590,1978-02-05,15:00,2300,16,Regulier,0,2
4591,1978-02-05,15:00,322,13,Regulier,2,1
4592,1978-02-05,15:00,4451,30,Regulier,1,3
4593,1978-02-05,15:00,58,282,Regulier,0,4
4594,1978-02-05,15:00,12,3,Regulier,1,3
4595,1978-02-05,15:00,4,94,Regulier,8,1
4596,1978-02-11,19:30,94,35,Regulier,0,2
4597,1978-02-12,15:00,19,58,Regulier,2,0
4598,1978-02-12,15:00,16,4451,Regulier,0,0
4599,1978-02-12,15:00,522,12,Regulier,2,1
4600,1978-02-12,15:00,47,2300,Regulier,0,2
4601,1978-02-12,15:00,282,4,Regulier,2,2
4602,1978-02-12,15:00,1,322,Regulier,2,0
4603,1978-02-12,15:00,3,22,Regulier,2,0
4604,1978-02-12,15:00,30,13,Regulier,2,0
4605,1978-02-18,19:30,22,522,Regulier,0,2
4606,1978-02-18,20:00,13,16,Regulier,1,1
4607,1978-02-18,20:00,35,282,Regulier,2,0
4608,1978-02-19,15:00,322,30,Regulier,2,3
4609,1978-02-19,15:00,2300,3,Regulier,2,2
4610,1978-02-19,15:00,58,1,Regulier,0,1
4611,1978-02-19,15:00,4451,47,Regulier,0,2
4612,1978-02-19,15:00,12,94,Regulier,2,1
4613,1978-02-19,15:00,4,19,Regulier,1,0
4614,1978-03-04,19:30,94,2300,Regulier,1,0
4615,1978-03-04,20:00,522,4451,Regulier,3,0
4616,1978-03-05,15:00,47,30,Regulier,2,1
4617,1978-03-05,15:00,19,12,Regulier,1,1
4618,1978-03-05,15:00,16,322,Regulier,7,0
4619,1978-03-05,15:00,3,13,Regulier,2,1
4620,1978-03-05,15:00,1,35,Regulier,1,2
4621,1978-03-05,15:00,58,4,Regulier,0,0
4622,1978-03-05,15:00,282,22,Regulier,2,0
4623,1978-03-11,19:30,22,94,Regulier,1,1
4624,1978-03-11,19:30,13,47,Regulier,0,1
4625,1978-03-11,20:00,35,19,Regulier,3,0
4626,1978-03-11,20:00,322,58,Regulier,4,1
4627,1978-03-11,20:00,4451,3,Regulier,1,1
4628,1978-03-12,15:00,30,16,Regulier,2,3
4629,1978-03-12,15:00,4,1,Regulier,0,1
4630,1978-03-12,15:00,2300,522,Regulier,1,0
4631,1978-03-12,15:00,12,282,Regulier,1,1
4632,1978-03-18,19:30,94,13,Regulier,0,4
4633,1978-03-18,20:00,522,30,Regulier,1,1
4634,1978-03-19,15:00,4,35,Regulier,0,0
4635,1978-03-19,15:00,58,12,Regulier,0,2
4636,1978-03-19,15:00,47,322,Regulier,3,0
4637,1978-03-19,15:00,3,16,Regulier,1,0
4638,1978-03-19,15:00,19,2300,Regulier,0,0
4639,1978-03-19,15:00,1,22,Regulier,3,1
4640,1978-03-19,15:00,282,4451,Regulier,0,3
4641,1978-03-24,19:30,22,19,Regulier,1,0
4642,1978-03-24,20:00,16,47,Regulier,3,1
4643,1978-03-25,20:00,13,522,Regulier,2,2
4644,1978-03-25,20:00,35,58,Regulier,9,0
4645,1978-03-25,20:00,322,4,Regulier,1,0
4646,1978-03-25,20:00,30,3,Regulier,3,1
4647,1978-03-26,15:00,4451,94,Regulier,3,0
4648,1978-03-26,15:00,12,1,Regulier,0,3
4649,1978-03-26,15:00,2300,282,Regulier,1,1
4650,1978-04-01,19:30,94,16,Regulier,1,1
4651,1978-04-01,20:00,522,47,Regulier,1,0
4652,1978-04-01,20:00,35,12,Regulier,1,0
4653,1978-04-02,15:00,3,322,Regulier,4,3
4654,1978-04-02,15:00,58,2300,Regulier,0,0
4655,1978-04-02,15:00,1,4451,Regulier,1,2
4656,1978-04-02,15:00,19,13,Regulier,2,2
4657,1978-04-02,15:00,282,30,Regulier,3,4
4658,1978-04-02,15:00,4,22,Regulier,1,0
4659,1978-04-08,19:30,22,58,Regulier,1,0
4660,1978-04-08,20:00,13,282,Regulier,2,1
4661,1978-04-08,20:00,30,94,Regulier,3,0
4662,1978-04-08,20:00,322,35,Regulier,0,2
4663,1978-04-08,20:00,2300,1,Regulier,1,1
4664,1978-04-08,20:00,47,3,Regulier,0,2
4665,1978-04-08,20:00,4451,19,Regulier,0,0
4666,1978-04-09,15:00,12,4,Regulier,0,1
4667,1978-04-09,15:00,16,522,Regulier,5,0
4668,1978-04-15,19:30,94,47,Regulier,1,0
4669,1978-04-15,20:00,35,22,Regulier,3,0
4670,1978-04-15,20:00,282,16,Regulier,1,3
4671,1978-04-15,20:00,58,4451,Regulier,0,2
4672,1978-04-15,20:00,1,13,Regulier,0,0
4673,1978-04-16,15:00,12,322,Regulier,1,3
4674,1978-04-16,15:00,522,3,Regulier,3,0
4675,1978-04-16,15:00,4,2300,Regulier,0,3
4676,1978-04-16,15:00,19,30,Regulier,0,2
4677,1978-04-23,15:00,30,1,Regulier,2,0
4678,1978-04-23,15:00,4451,4,Regulier,0,2
4679,1978-04-23,15:00,2300,35,Regulier,1,2
4680,1978-04-23,15:00,16,19,Regulier,3,2
4681,1978-04-23,15:00,13,58,Regulier,3,1
4682,1978-04-23,15:00,522,322,Regulier,3,1
4683,1978-04-23,15:00,22,12,Regulier,4,1
4684,1978-04-23,15:00,47,282,Regulier,1,0
4685,1978-04-23,15:00,3,94,Regulier,2,1
4686,1978-04-30,15:00,19,47,Regulier,0,3
4687,1978-04-30,15:00,58,30,Regulier,2,6
4688,1978-04-30,15:00,1,16,Regulier,0,0
4689,1978-04-30,15:00,94,522,Regulier,1,0
4690,1978-04-30,15:00,4,13,Regulier,1,1
4691,1978-04-30,15:00,322,22,Regulier,1,2
4692,1978-04-30,15:00,12,2300,Regulier,1,2
4693,1978-04-30,15:00,35,4451,Regulier,3,0
4694,1978-04-30,15:00,282,3,Regulier,1,1
4695,1978-08-30,19:30,94,19,Regulier,0,0
4696,1978-08-30,20:00,35,13,Regulier,2,1
4697,1978-08-30,20:00,1,30,Regulier,3,0
4698,1978-08-30,20:00,522,282,Regulier,1,0
4699,1978-08-30,20:00,2300,47,Regulier,3,0
4700,1978-08-30,20:00,553,16,Regulier,0,0
4701,1978-08-30,20:00,3,28,Regulier,1,1
4702,1978-08-30,20:00,4451,22,Regulier,1,0
4703,1978-08-30,20:00,4,322,Regulier,2,0
4704,1978-09-03,15:00,28,2300,Regulier,0,0
4705,1978-09-03,15:00,30,94,Regulier,3,0
4706,1978-09-03,15:00,282,35,Regulier,2,1
4707,1978-09-03,15:00,19,553,Regulier,0,0
4708,1978-09-03,20:00,13,4,Regulier,2,0
4709,1978-09-03,20:00,22,1,Regulier,2,1
4710,1978-09-03,20:00,322,4451,Regulier,1,1
4711,1978-09-03,20:00,47,522,Regulier,0,1
4712,1978-09-03,20:00,16,3,Regulier,2,1
4713,1978-09-06,19:30,94,28,Regulier,5,0
4714,1978-09-06,20:00,4451,19,Regulier,3,2
4715,1978-09-06,20:00,1,16,Regulier,1,0
4716,1978-09-06,20:00,522,13,Regulier,0,0
4717,1978-09-06,20:00,553,47,Regulier,2,0
4718,1978-09-06,20:00,35,22,Regulier,7,2
4719,1978-09-06,20:00,3,2300,Regulier,2,1
4720,1978-09-06,20:00,282,322,Regulier,0,0
4721,1978-09-06,20:00,4,30,Regulier,0,3
4722,1978-09-10,15:00,19,1,Regulier,0,2
4723,1978-09-10,15:00,30,4451,Regulier,2,0
4724,1978-09-10,15:00,28,553,Regulier,0,1
4725,1978-09-10,19:30,22,4,Regulier,3,1
4726,1978-09-10,20:00,47,3,Regulier,2,0
4727,1978-09-10,20:00,322,35,Regulier,1,2
4728,1978-09-10,20:00,13,282,Regulier,3,0
4729,1978-09-10,20:00,2300,522,Regulier,5,1
4730,1978-09-10,20:00,16,94,Regulier,2,2
4731,1978-09-24,15:00,4451,16,Regulier,2,2
4732,1978-09-24,15:00,1,28,Regulier,0,0
4733,1978-09-24,15:00,282,22,Regulier,1,0
4734,1978-09-24,15:00,4,19,Regulier,2,0
4735,1978-09-24,19:30,94,47,Regulier,4,1
4736,1978-09-24,20:00,35,30,Regulier,3,0
4737,1978-09-24,20:00,553,2300,Regulier,1,1
4738,1978-09-24,20:00,522,3,Regulier,1,1
4739,1978-09-24,20:00,13,322,Regulier,3,0
4740,1978-10-01,15:00,19,35,Regulier,1,4
4741,1978-10-01,15:00,3,553,Regulier,2,0
4742,1978-10-01,15:00,2300,94,Regulier,3,1
4743,1978-10-01,15:00,16,4,Regulier,4,0
4744,1978-10-01,15:00,30,282,Regulier,1,1
4745,1978-10-01,20:00,322,522,Regulier,3,1
4746,1978-10-01,20:00,28,4451,Regulier,1,1
4747,1978-10-01,20:00,47,1,Regulier,5,3
4748,1978-10-01,20:00,22,13,Regulier,1,0
4749,1978-10-08,19:30,94,3,Regulier,2,2
4750,1978-10-08,20:00,282,19,Regulier,2,0
4751,1978-10-08,20:00,1,2300,Regulier,0,0
4752,1978-10-08,20:00,322,22,Regulier,1,2
4753,1978-10-08,20:00,35,16,Regulier,2,0
4754,1978-10-08,20:00,13,30,Regulier,3,0
4755,1978-10-08,20:00,522,553,Regulier,2,2
4756,1978-10-08,20:00,4,28,Regulier,3,1
4757,1978-10-08,20:00,4451,47,Regulier,1,1
4758,1978-10-15,15:00,47,4,Regulier,1,0
4759,1978-10-15,15:00,28,35,Regulier,1,3
4760,1978-10-15,15:00,30,322,Regulier,1,0
4761,1978-10-15,15:00,22,522,Regulier,0,1
4762,1978-10-15,15:00,3,1,Regulier,0,0
4763,1978-10-15,15:00,19,13,Regulier,0,2
4764,1978-10-15,15:00,16,282,Regulier,4,3
4765,1978-10-15,20:00,553,94,Regulier,1,0
4766,1978-10-15,20:00,2300,4451,Regulier,0,1
4767,1978-10-22,15:00,282,28,Regulier,1,0
4768,1978-10-22,15:00,1,553,Regulier,0,0
4769,1978-10-22,15:00,4451,3,Regulier,1,1
4770,1978-10-22,15:00,4,2300,Regulier,1,2
4771,1978-10-22,20:00,22,30,Regulier,1,4
4772,1978-10-22,20:00,522,94,Regulier,4,1
4773,1978-10-22,20:00,322,19,Regulier,1,0
4774,1978-10-22,20:00,13,16,Regulier,1,3
4775,1978-10-22,20:00,35,47,Regulier,1,3
4776,1978-10-25,20:00,3,4,Regulier,2,1
4777,1978-10-25,20:00,16,322,Regulier,0,1
4778,1978-10-25,20:00,47,282,Regulier,0,0
4779,1978-10-25,20:00,2300,35,Regulier,2,1
4780,1978-10-25,20:00,94,1,Regulier,0,2
4781,1978-10-25,20:00,30,522,Regulier,2,1
4782,1978-10-25,20:00,553,4451,Regulier,1,0
4783,1978-10-25,20:00,28,13,Regulier,2,2
4784,1978-10-25,20:00,19,22,Regulier,0,0
4785,1978-11-04,19:30,22,28,Regulier,1,2
4786,1978-11-04,20:00,322,47,Regulier,2,2
4787,1978-11-04,20:00,522,19,Regulier,1,1
4788,1978-11-05,15:00,4451,1,Regulier,0,1
4789,1978-11-05,15:00,30,16,Regulier,1,3
4790,1978-11-05,15:00,35,553,Regulier,1,1
4791,1978-11-05,15:00,13,2300,Regulier,0,0
4792,1978-11-05,15:00,282,3,Regulier,0,0
4793,1978-11-05,15:00,4,94,Regulier,3,3
4794,1978-11-11,19:30,94,4451,Regulier,2,0
4795,1978-11-12,15:00,1,522,Regulier,1,1
4796,1978-11-12,15:00,2300,282,Regulier,3,0
4797,1978-11-12,15:00,3,35,Regulier,3,0
4798,1978-11-12,15:00,19,30,Regulier,2,1
4799,1978-11-12,15:00,16,22,Regulier,1,1
4800,1978-11-12,15:00,47,13,Regulier,4,0
4801,1978-11-12,15:00,28,322,Regulier,1,1
4802,1978-11-12,20:00,553,4,Regulier,3,0
4803,1978-11-18,19:30,22,47,Regulier,0,1
4804,1978-11-18,20:00,322,2300,Regulier,2,2
4805,1978-11-18,20:00,35,94,Regulier,7,0
4806,1978-11-18,20:00,522,4451,Regulier,1,1
4807,1978-11-19,15:00,13,3,Regulier,0,2
4808,1978-11-19,15:00,19,16,Regulier,1,0
4809,1978-11-19,15:00,282,553,Regulier,2,1
4810,1978-11-19,15:00,4,1,Regulier,1,1
4811,1978-11-19,15:00,30,28,Regulier,1,1
4812,1978-11-25,19:30,94,282,Regulier,1,5
4813,1978-11-25,20:00,553,13,Regulier,5,0
4814,1978-11-26,15:00,2300,22,Regulier,2,1
4815,1978-11-26,15:00,3,322,Regulier,2,2
4816,1978-11-26,15:00,28,19,Regulier,1,0
4817,1978-11-26,15:00,1,35,Regulier,1,0
4818,1978-11-26,15:00,16,522,Regulier,0,0
4819,1978-11-26,15:00,4451,4,Regulier,1,1
4820,1978-11-26,15:00,47,30,Regulier,2,1
4821,1978-12-01,20:00,35,4451,Regulier,5,0
4822,1978-12-02,19:30,22,3,Regulier,2,1
4823,1978-12-02,20:00,322,553,Regulier,5,1
4824,1978-12-02,20:00,13,94,Regulier,3,0
4825,1978-12-03,15:00,282,1,Regulier,2,2
4826,1978-12-03,15:00,522,4,Regulier,2,0
4827,1978-12-03,15:00,30,2300,Regulier,0,1
4828,1978-12-03,15:00,16,28,Regulier,1,0
4829,1978-12-03,20:00,19,47,Regulier,1,1
4830,1978-12-09,19:30,94,322,Regulier,2,0
4831,1978-12-09,20:00,553,22,Regulier,0,0
4832,1978-12-10,15:00,3,30,Regulier,2,1
4833,1978-12-10,15:00,522,28,Regulier,0,0
4834,1978-12-10,15:00,1,13,Regulier,2,2
4835,1978-12-10,15:00,47,16,Regulier,0,0
4836,1978-12-10,15:00,4,35,Regulier,4,0
4837,1978-12-10,15:00,4451,282,Regulier,0,0
4838,1978-12-10,15:00,2300,19,Regulier,5,0
4839,1978-12-15,20:00,35,522,Regulier,1,0
4840,1978-12-16,19:30,22,94,Regulier,3,0
4841,1978-12-16,20:00,13,4451,Regulier,0,0
4842,1978-12-16,20:00,322,1,Regulier,2,2
4843,1978-12-17,15:00,19,3,Regulier,1,1
4844,1978-12-17,15:00,282,4,Regulier,3,1
4845,1978-12-17,15:00,30,553,Regulier,1,0
4846,1978-12-17,15:00,16,2300,Regulier,0,1
4847,1978-12-17,15:00,28,47,Regulier,0,1
4848,1979-02-03,15:00,19,94,Regulier,1,1
4849,1979-02-03,15:00,30,1,Regulier,0,0
4850,1979-02-03,15:00,28,3,Regulier,0,0
4851,1979-02-03,16:00,47,2300,Regulier,0,1
4852,1979-02-03,16:00,13,35,Regulier,1,2
4853,1979-02-03,19:30,22,4451,Regulier,2,1
4854,1979-02-03,20:00,282,522,Regulier,2,1
4855,1979-02-03,20:00,322,4,Regulier,0,0
4856,1979-02-03,20:00,16,553,Regulier,0,0
4857,1979-02-10,19:30,22,282,Regulier,0,0
4858,1979-02-10,20:00,322,13,Regulier,1,1
4859,1979-02-11,15:00,3,522,Regulier,2,1
4860,1979-02-11,15:00,47,94,Regulier,1,1
4861,1979-02-11,15:00,16,4451,Regulier,1,0
4862,1979-02-11,15:00,2300,553,Regulier,2,0
4863,1979-02-11,15:00,19,4,Regulier,0,0
4864,1979-02-11,15:00,28,1,Regulier,1,0
4865,1979-02-11,15:00,30,35,Regulier,0,1
4866,1979-02-17,20:00,553,3,Regulier,2,2
4867,1979-02-17,20:00,35,19,Regulier,7,2
4868,1979-02-17,20:00,13,22,Regulier,2,0
4869,1979-02-18,15:00,94,2300,Regulier,2,4
4870,1979-02-18,15:00,1,47,Regulier,1,0
4871,1979-02-18,15:00,4451,28,Regulier,0,0
4872,1979-02-18,15:00,4,16,Regulier,1,2
4873,1979-02-18,15:00,282,30,Regulier,3,0
4874,1979-02-18,15:00,522,322,Regulier,0,1
4875,1979-03-03,19:30,22,322,Regulier,2,1
4876,1979-03-03,20:00,2300,1,Regulier,3,1
4877,1979-03-03,20:00,553,522,Regulier,2,1
4878,1979-03-04,15:00,47,4451,Regulier,5,1
4879,1979-03-04,15:00,30,13,Regulier,1,0
4880,1979-03-04,15:00,16,35,Regulier,1,0
4881,1979-03-04,15:00,19,282,Regulier,1,1
4882,1979-03-04,15:00,3,94,Regulier,2,1
4883,1979-03-04,15:00,28,4,Regulier,1,1
4884,1979-03-10,20:00,322,30,Regulier,4,3
4885,1979-03-10,20:00,35,28,Regulier,2,0
4886,1979-03-10,20:00,13,19,Regulier,4,1
4887,1979-03-11,15:00,4,47,Regulier,0,1
4888,1979-03-11,15:00,282,16,Regulier,0,2
4889,1979-03-11,15:00,94,553,Regulier,2,4
4890,1979-03-11,15:00,4451,2300,Regulier,1,1
4891,1979-03-11,15:00,1,3,Regulier,2,4
4892,1979-03-11,15:00,522,22,Regulier,1,0
4893,1979-03-14,20:00,553,19,Regulier,2,3
4894,1979-03-14,20:00,3,16,Regulier,3,1
4895,1979-03-14,20:00,522,47,Regulier,1,2
4896,1979-03-14,20:00,4,13,Regulier,3,0
4897,1979-03-14,20:00,2300,28,Regulier,2,0
4898,1979-03-14,20:00,35,282,Regulier,1,0
4899,1979-03-14,20:00,1,22,Regulier,2,1
4900,1979-03-14,20:00,4451,322,Regulier,1,0
4901,1979-03-14,20:00,94,30,Regulier,1,2
4902,1979-03-17,19:30,94,522,Regulier,1,1
4903,1979-03-17,20:00,2300,4,Regulier,3,0
4904,1979-03-17,20:00,553,1,Regulier,4,1
4905,1979-03-18,15:00,47,35,Regulier,0,2
4906,1979-03-18,15:00,30,22,Regulier,1,1
4907,1979-03-18,15:00,3,4451,Regulier,1,0
4908,1979-03-18,15:00,19,322,Regulier,0,1
4909,1979-03-18,15:00,16,13,Regulier,1,1
4910,1979-03-18,15:00,28,282,Regulier,0,1
4911,1979-03-31,19:30,22,19,Regulier,2,0
4912,1979-03-31,20:00,4451,553,Regulier,2,1
4913,1979-03-31,20:00,13,28,Regulier,3,0
4914,1979-03-31,20:00,35,2300,Regulier,3,1
4915,1979-03-31,20:00,522,30,Regulier,0,0
4916,1979-04-01,15:00,322,16,Regulier,1,3
4917,1979-04-01,15:00,282,47,Regulier,3,1
4918,1979-04-01,15:00,1,94,Regulier,2,3
4919,1979-04-01,15:00,4,3,Regulier,5,2
4920,1979-04-04,19:30,94,4,Regulier,2,0
4921,1979-04-04,20:00,1,4451,Regulier,1,1
4922,1979-04-04,20:00,19,522,Regulier,3,0
4923,1979-04-04,20:00,553,35,Regulier,0,0
4924,1979-04-04,20:00,2300,13,Regulier,5,0
4925,1979-04-04,20:00,28,22,Regulier,1,1
4926,1979-04-04,20:00,47,322,Regulier,4,2
4927,1979-04-04,20:00,3,282,Regulier,1,6
4928,1979-04-04,20:00,16,30,Regulier,2,2
4929,1979-04-07,19:30,22,16,Regulier,1,2
4930,1979-04-07,20:00,522,1,Regulier,2,0
4931,1979-04-07,20:00,35,3,Regulier,3,0
4932,1979-04-07,20:00,13,47,Regulier,1,3
4933,1979-04-07,20:00,322,28,Regulier,3,5
4934,1979-04-07,20:00,4451,94,Regulier,5,0
4935,1979-04-08,15:00,4,553,Regulier,4,0
4936,1979-04-08,15:00,282,2300,Regulier,1,1
4937,1979-04-08,15:00,30,19,Regulier,2,0
4938,1979-04-18,19:30,94,35,Regulier,3,2
4939,1979-04-18,20:00,1,4,Regulier,3,0
4940,1979-04-18,20:00,3,13,Regulier,2,0
4941,1979-04-18,20:00,47,22,Regulier,2,0
4942,1979-04-18,20:00,553,282,Regulier,1,2
4943,1979-04-18,20:00,16,19,Regulier,1,0
4944,1979-04-18,20:00,2300,322,Regulier,0,0
4945,1979-04-18,20:00,4451,522,Regulier,1,1
4946,1979-04-18,20:00,28,30,Regulier,1,0
4947,1979-04-21,19:30,22,2300,Regulier,2,2
4948,1979-04-21,20:00,35,1,Regulier,3,1
4949,1979-04-21,20:00,13,553,Regulier,3,1
4950,1979-04-21,20:00,522,16,Regulier,1,0
4951,1979-04-21,20:00,30,47,Regulier,0,3
4952,1979-04-22,15:00,4,4451,Regulier,4,0
4953,1979-04-22,15:00,282,94,Regulier,7,0
4954,1979-04-22,15:00,19,28,Regulier,0,3
4955,1979-04-22,18:00,322,3,Regulier,3,1
4956,1979-04-28,16:00,28,94,Regulier,2,1
4957,1979-04-28,19:30,22,35,Regulier,4,1
4958,1979-04-28,20:00,47,553,Regulier,2,2
4959,1979-04-28,20:00,322,282,Regulier,2,0
4960,1979-04-28,20:00,13,522,Regulier,5,2
4961,1979-04-28,20:00,19,4451,Regulier,0,0
4962,1979-04-28,20:00,2300,3,Regulier,2,0
4963,1979-04-28,20:00,30,4,Regulier,3,2
4964,1979-04-28,20:00,16,1,Regulier,1,0
4965,1979-05-05,19:30,94,13,Regulier,1,0
4966,1979-05-05,20:00,47,19,Regulier,2,3
4967,1979-05-05,20:00,553,322,Regulier,0,0
4968,1979-05-06,15:00,4,522,Regulier,4,1
4969,1979-05-06,15:00,3,22,Regulier,5,1
4970,1979-05-06,15:00,1,282,Regulier,1,1
4971,1979-05-06,15:00,28,16,Regulier,1,1
4972,1979-05-06,15:00,4451,35,Regulier,1,1
4973,1979-05-06,20:00,2300,30,Regulier,2,0
4974,1979-05-12,20:00,35,322,Regulier,1,2
4975,1979-05-12,20:00,553,28,Regulier,1,0
4976,1979-05-12,20:00,522,2300,Regulier,0,0
4977,1979-05-13,15:00,3,47,Regulier,1,3
4978,1979-05-13,15:00,1,19,Regulier,3,1
4979,1979-05-13,15:00,282,13,Regulier,4,0
4980,1979-05-13,15:00,94,16,Regulier,0,2
4981,1979-05-13,15:00,4451,30,Regulier,3,3
4982,1979-05-13,15:00,4,22,Regulier,1,2
4983,1979-05-20,15:00,16,47,Regulier,2,1
4984,1979-05-20,15:00,19,2300,Regulier,1,1
4985,1979-05-20,15:00,35,4,Regulier,4,1
4986,1979-05-20,15:00,13,1,Regulier,0,3
4987,1979-05-20,15:00,30,3,Regulier,1,0
4988,1979-05-20,15:00,322,94,Regulier,1,1
4989,1979-05-20,15:00,28,522,Regulier,3,2
4990,1979-05-20,15:00,282,4451,Regulier,1,0
4991,1979-05-20,15:00,22,553,Regulier,2,1
4992,1979-05-27,15:00,522,35,Regulier,2,3
4993,1979-05-27,15:00,2300,16,Regulier,1,2
4994,1979-05-27,15:00,3,19,Regulier,2,1
4995,1979-05-27,15:00,1,322,Regulier,1,1
4996,1979-05-27,15:00,4451,13,Regulier,0,3
4997,1979-05-27,15:00,47,28,Regulier,3,1
4998,1979-05-27,15:00,94,22,Regulier,2,4
4999,1979-05-27,15:00,4,282,Regulier,3,0
5000,1979-05-27,15:00,553,30,Regulier,2,4
5001,1979-08-29,20:00,1,3,Regulier,0,1
5002,1979-08-29,20:00,28,16,Regulier,1,1
5003,1979-08-29,20:00,35,282,Regulier,1,2
5004,1979-08-29,20:00,4451,322,Regulier,3,0
5005,1979-08-29,20:00,12,30,Regulier,2,1
5006,1979-08-29,20:00,553,13,Regulier,1,1
5007,1979-08-29,20:00,522,37,Regulier,1,1
5008,1979-08-29,20:00,2300,47,Regulier,3,0
5009,1979-08-29,20:00,4,22,Regulier,0,2
5010,1979-09-02,15:00,282,2300,Regulier,2,0
5011,1979-09-02,15:00,12,35,Regulier,2,1
5012,1979-09-02,15:00,30,553,Regulier,3,1
5013,1979-09-02,15:00,16,4451,Regulier,1,0
5014,1979-09-02,19:30,22,3,Regulier,2,1
5015,1979-09-02,20:00,47,522,Regulier,1,0
5016,1979-09-02,20:00,37,28,Regulier,1,1
5017,1979-09-02,20:00,322,1,Regulier,0,0
5018,1979-09-02,20:00,13,4,Regulier,2,1
5019,1979-09-05,19:30,22,1,Regulier,0,0
5020,1979-09-05,20:00,3,522,Regulier,1,0
5021,1979-09-05,20:00,13,4451,Regulier,1,1
5022,1979-09-05,20:00,322,2300,Regulier,1,1
5023,1979-09-05,20:00,30,28,Regulier,1,2
5024,1979-09-05,20:00,47,4,Regulier,2,1
5025,1979-09-05,20:00,16,35,Regulier,5,2
5026,1979-09-05,20:00,282,553,Regulier,1,0
5027,1979-09-05,20:00,37,12,Regulier,2,1
5028,1979-09-09,20:00,1,47,Regulier,0,2
5029,1979-09-09,20:00,4451,282,Regulier,0,0
5030,1979-09-09,20:00,28,12,Regulier,1,3
5031,1979-09-09,20:00,3,37,Regulier,4,0
5032,1979-09-09,20:00,35,30,Regulier,4,0
5033,1979-09-09,20:00,4,322,Regulier,0,0
5034,1979-09-09,20:00,2300,13,Regulier,0,0
5035,1979-09-09,20:00,553,16,Regulier,1,3
5036,1979-09-09,20:00,522,22,Regulier,6,0
5037,1979-09-16,15:00,37,22,Regulier,3,0
5038,1979-09-16,15:00,12,553,Regulier,3,0
5039,1979-09-16,15:00,28,35,Regulier,2,3
5040,1979-09-16,15:00,282,4,Regulier,4,1
5041,1979-09-16,15:00,30,4451,Regulier,6,1
5042,1979-09-16,20:00,16,2300,Regulier,3,3
5043,1979-09-16,20:00,13,1,Regulier,1,1
5044,1979-09-16,20:00,322,522,Regulier,2,1
5045,1979-09-16,20:00,47,3,Regulier,0,0
5046,1979-09-23,15:00,522,13,Regulier,1,2
5047,1979-09-23,15:00,3,322,Regulier,4,0
5048,1979-09-23,15:00,4451,12,Regulier,1,1
5049,1979-09-23,15:00,2300,30,Regulier,1,0
5050,1979-09-23,15:00,4,16,Regulier,1,1
5051,1979-09-23,20:00,1,282,Regulier,0,1
5052,1979-09-23,20:00,35,37,Regulier,1,0
5053,1979-09-23,20:00,22,47,Regulier,0,1
5054,1979-09-23,20:00,553,28,Regulier,1,1
5055,1979-09-30,15:00,30,4,Regulier,4,0
5056,1979-09-30,15:00,282,522,Regulier,3,0
5057,1979-09-30,15:00,28,4451,Regulier,0,0
5058,1979-09-30,15:00,12,2300,Regulier,3,1
5059,1979-09-30,15:00,16,1,Regulier,2,1
5060,1979-09-30,20:00,35,553,Regulier,5,0
5061,1979-09-30,20:00,37,47,Regulier,0,2
5062,1979-09-30,20:00,13,3,Regulier,2,1
5063,1979-09-30,20:00,322,22,Regulier,2,0
5064,1979-10-07,15:00,3,282,Regulier,2,0
5065,1979-10-07,15:00,522,16,Regulier,1,4
5066,1979-10-07,15:00,2300,28,Regulier,2,1
5067,1979-10-07,15:00,4,12,Regulier,5,1
5068,1979-10-07,15:00,4451,35,Regulier,1,1
5069,1979-10-07,17:00,22,13,Regulier,0,1
5070,1979-10-07,20:00,1,30,Regulier,3,1
5071,1979-10-07,20:00,47,322,Regulier,3,1
5072,1979-10-07,20:00,553,37,Regulier,4,0
5073,1979-10-14,15:00,28,4,Regulier,2,2
5074,1979-10-14,20:00,282,22,Regulier,2,0
5075,1979-10-14,20:00,12,1,Regulier,2,1
5076,1979-10-14,20:00,13,47,Regulier,1,1
5077,1979-10-14,20:00,16,3,Regulier,1,2
5078,1979-10-14,20:00,553,4451,Regulier,1,1
5079,1979-10-14,20:00,35,2300,Regulier,4,1
5080,1979-10-14,20:00,37,322,Regulier,1,3
5081,1979-10-14,20:00,30,522,Regulier,1,0
5082,1979-10-20,19:30,22,16,Regulier,2,1
5083,1979-10-20,20:00,322,13,Regulier,1,2
5084,1979-10-20,20:00,47,282,Regulier,1,1
5085,1979-10-20,20:00,522,12,Regulier,0,0
5086,1979-10-20,20:00,4451,37,Regulier,1,0
5087,1979-10-21,15:00,4,35,Regulier,1,0
5088,1979-10-21,15:00,2300,553,Regulier,0,0
5089,1979-10-21,15:00,3,30,Regulier,4,1
5090,1979-10-21,15:00,1,28,Regulier,1,1
5091,1979-10-27,20:00,553,1,Regulier,2,3
5092,1979-10-27,20:00,35,522,Regulier,3,0
5093,1979-10-27,20:00,4451,4,Regulier,4,1
5094,1979-10-27,20:00,37,2300,Regulier,1,3
5095,1979-10-28,15:00,28,3,Regulier,1,5
5096,1979-10-28,15:00,282,13,Regulier,4,0
5097,1979-10-28,15:00,12,22,Regulier,6,0
5098,1979-10-28,15:00,16,322,Regulier,12,0
5099,1979-10-28,15:00,30,47,Regulier,0,0
5100,1979-11-03,19:30,22,30,Regulier,2,3
5101,1979-11-03,20:00,13,37,Regulier,4,0
5102,1979-11-04,15:00,47,16,Regulier,0,1
5103,1979-11-04,15:00,4,553,Regulier,2,0
5104,1979-11-04,15:00,3,12,Regulier,2,0
5105,1979-11-04,15:00,1,35,Regulier,0,0
5106,1979-11-04,15:00,2300,4451,Regulier,0,0
5107,1979-11-04,15:00,522,28,Regulier,1,0
5108,1979-11-04,19:00,322,282,Regulier,0,3
5109,1979-11-10,20:00,553,3,Regulier,1,1
5110,1979-11-10,20:00,35,22,Regulier,1,0
5111,1979-11-11,15:00,30,13,Regulier,1,0
5112,1979-11-11,15:00,28,47,Regulier,3,3
5113,1979-11-11,15:00,2300,1,Regulier,0,0
5114,1979-11-11,15:00,12,322,Regulier,1,1
5115,1979-11-11,15:00,4451,522,Regulier,1,1
5116,1979-11-11,15:00,37,4,Regulier,0,2
5117,1979-11-11,15:00,16,282,Regulier,2,1
5118,1979-11-16,20:00,322,30,Regulier,0,2
5119,1979-11-17,19:30,22,28,Regulier,0,0
5120,1979-11-17,20:00,47,12,Regulier,3,1
5121,1979-11-17,20:00,3,35,Regulier,3,0
5122,1979-11-17,20:00,282,37,Regulier,10,1
5123,1979-11-17,20:00,522,553,Regulier,1,2
5124,1979-11-17,20:00,13,16,Regulier,1,1
5125,1979-11-17,20:00,4,2300,Regulier,0,0
5126,1979-11-17,20:00,1,4451,Regulier,1,0
5127,1979-11-24,20:00,35,322,Regulier,5,0
5128,1979-11-24,20:00,553,47,Regulier,1,1
5129,1979-11-25,15:00,12,282,Regulier,2,4
5130,1979-11-25,15:00,4451,22,Regulier,3,0
5131,1979-11-25,15:00,4,522,Regulier,1,2
5132,1979-11-25,15:00,2300,3,Regulier,2,1
5133,1979-11-25,15:00,28,13,Regulier,2,0
5134,1979-11-25,15:00,37,1,Regulier,1,5
5135,1979-11-25,15:00,30,16,Regulier,3,1
5136,1979-12-01,19:30,22,553,Regulier,0,1
5137,1979-12-01,20:00,13,12,Regulier,1,1
5138,1979-12-01,20:00,322,28,Regulier,2,2
5139,1979-12-01,20:00,47,35,Regulier,2,1
5140,1979-12-02,15:00,1,4,Regulier,3,1
5141,1979-12-02,15:00,282,30,Regulier,3,1
5142,1979-12-02,15:00,522,2300,Regulier,1,1
5143,1979-12-02,15:00,3,4451,Regulier,1,0
5144,1979-12-02,15:00,16,37,Regulier,0,0
5145,1979-12-07,20:00,35,13,Regulier,3,1
5146,1979-12-08,20:00,553,322,Regulier,2,0
5147,1979-12-09,15:00,12,16,Regulier,3,2
5148,1979-12-09,15:00,28,282,Regulier,2,3
5149,1979-12-09,15:00,4451,47,Regulier,2,0
5150,1979-12-09,15:00,37,30,Regulier,0,3
5151,1979-12-09,15:00,1,522,Regulier,4,0
5152,1979-12-09,15:00,2300,22,Regulier,1,1
5153,1979-12-09,15:00,4,3,Regulier,3,0
5154,1980-01-05,20:00,35,12,Regulier,3,0
5155,1980-01-05,20:00,3,22,Regulier,7,0
5156,1980-01-06,15:00,1,322,Regulier,1,2
5157,1980-01-06,15:00,2300,282,Regulier,1,0
5158,1980-01-06,15:00,28,37,Regulier,1,0
5159,1980-01-06,15:00,4,13,Regulier,2,1
5160,1980-01-06,15:00,522,47,Regulier,1,1
5161,1980-01-06,17:00,4451,16,Regulier,0,4
5162,1980-01-06,20:00,553,30,Regulier,2,1
5163,1980-01-12,19:30,22,522,Regulier,0,3
5164,1980-01-12,20:00,322,4,Regulier,1,1
5165,1980-01-13,15:00,16,553,Regulier,2,0
5166,1980-01-13,15:00,282,4451,Regulier,2,1
5167,1980-01-13,15:00,13,2300,Regulier,3,0
5168,1980-01-13,15:00,12,28,Regulier,1,0
5169,1980-01-13,15:00,30,35,Regulier,0,0
5170,1980-01-13,15:00,47,1,Regulier,2,1
5171,1980-01-13,15:00,37,3,Regulier,2,4
5172,1980-01-19,19:30,22,37,Regulier,2,0
5173,1980-01-19,20:00,35,28,Regulier,3,0
5174,1980-01-20,15:00,4,282,Regulier,1,0
5175,1980-01-20,15:00,553,12,Regulier,3,1
5176,1980-01-20,15:00,2300,16,Regulier,0,0
5177,1980-01-20,15:00,3,47,Regulier,1,2
5178,1980-01-20,15:00,522,322,Regulier,0,2
5179,1980-01-20,15:00,4451,30,Regulier,0,0
5180,1980-01-20,15:00,1,13,Regulier,1,1
5181,1980-01-26,20:00,322,3,Regulier,1,1
5182,1980-01-27,15:00,12,4451,Regulier,2,1
5183,1980-01-27,15:00,282,1,Regulier,1,0
5184,1980-01-27,15:00,28,553,Regulier,1,1
5185,1980-01-27,15:00,16,4,Regulier,1,0
5186,1980-01-27,15:00,37,35,Regulier,0,2
5187,1980-01-27,15:00,30,2300,Regulier,5,2
5188,1980-01-27,15:00,13,522,Regulier,0,0
5189,1980-01-27,15:00,47,22,Regulier,4,0
5190,1980-02-02,19:30,22,322,Regulier,1,1
5191,1980-02-02,20:00,553,35,Regulier,0,1
5192,1980-02-03,15:00,3,13,Regulier,2,1
5193,1980-02-03,15:00,4451,28,Regulier,2,1
5194,1980-02-03,15:00,1,16,Regulier,0,2
5195,1980-02-03,15:00,522,282,Regulier,2,1
5196,1980-02-03,15:00,47,37,Regulier,4,0
5197,1980-02-03,15:00,4,30,Regulier,3,0
5198,1980-02-03,15:00,2300,12,Regulier,1,2
5199,1980-02-09,19:00,35,4451,Regulier,6,0
5200,1980-02-09,20:00,322,47,Regulier,1,0
5201,1980-02-09,20:00,13,22,Regulier,1,2
5202,1980-02-10,15:00,282,3,Regulier,0,1
5203,1980-02-10,15:00,16,522,Regulier,4,0
5204,1980-02-10,15:00,28,2300,Regulier,0,2
5205,1980-02-10,15:00,12,4,Regulier,2,1
5206,1980-02-10,15:00,37,553,Regulier,0,3
5207,1980-02-10,15:00,30,1,Regulier,6,1
5208,1980-02-16,19:30,22,282,Regulier,0,0
5209,1980-02-17,15:00,4,28,Regulier,4,1
5210,1980-02-17,15:00,322,37,Regulier,1,1
5211,1980-02-17,15:00,47,13,Regulier,4,2
5212,1980-02-17,15:00,3,16,Regulier,1,1
5213,1980-02-17,15:00,4451,553,Regulier,1,1
5214,1980-02-17,15:00,2300,35,Regulier,3,0
5215,1980-02-17,15:00,1,12,Regulier,3,1
5216,1980-02-17,15:00,522,30,Regulier,0,3
5217,1980-03-01,20:00,35,4,Regulier,0,0
5218,1980-03-01,20:00,13,322,Regulier,1,2
5219,1980-03-01,20:00,553,2300,Regulier,3,1
5220,1980-03-02,15:00,28,1,Regulier,1,3
5221,1980-03-02,15:00,282,47,Regulier,0,0
5222,1980-03-02,15:00,16,22,Regulier,4,1
5223,1980-03-02,15:00,30,3,Regulier,2,2
5224,1980-03-02,15:00,37,4451,Regulier,0,2
5225,1980-03-02,15:00,12,522,Regulier,1,2
5226,1980-03-08,19:30,22,12,Regulier,2,0
5227,1980-03-08,20:00,322,16,Regulier,1,0
5228,1980-03-08,20:00,13,282,Regulier,0,2
5229,1980-03-09,15:00,2300,37,Regulier,1,0
5230,1980-03-09,15:00,47,30,Regulier,1,0
5231,1980-03-09,15:00,3,28,Regulier,4,2
5232,1980-03-09,15:00,4,4451,Regulier,2,0
5233,1980-03-09,15:00,522,35,Regulier,3,2
5234,1980-03-09,15:00,1,553,Regulier,0,2
5235,1980-03-15,20:00,35,1,Regulier,3,1
5236,1980-03-15,20:00,4451,2300,Regulier,1,0
5237,1980-03-15,20:00,553,4,Regulier,4,0
5238,1980-03-15,20:00,37,13,Regulier,1,2
5239,1980-03-15,20:00,30,22,Regulier,3,0
5240,1980-03-15,20:00,282,322,Regulier,1,2
5241,1980-03-16,15:00,16,47,Regulier,3,1
5242,1980-03-16,15:00,28,522,Regulier,1,0
5243,1980-03-16,15:00,12,3,Regulier,2,3
5244,1980-03-29,19:30,22,35,Regulier,0,3
5245,1980-03-29,20:00,322,12,Regulier,1,1
5246,1980-03-29,20:00,13,30,Regulier,0,2
5247,1980-03-29,20:00,522,4451,Regulier,2,2
5248,1980-03-29,20:00,47,28,Regulier,2,0
5249,1980-03-30,15:00,3,553,Regulier,3,1
5250,1980-03-30,15:00,282,16,Regulier,0,1
5251,1980-03-30,15:00,4,37,Regulier,7,2
5252,1980-03-30,15:00,1,2300,Regulier,0,2
5253,1980-04-04,20:00,30,322,Regulier,5,0
5254,1980-04-05,20:00,553,522,Regulier,3,0
5255,1980-04-06,15:00,12,47,Regulier,0,4
5256,1980-04-06,15:00,4451,1,Regulier,2,0
5257,1980-04-06,15:00,2300,4,Regulier,1,3
5258,1980-04-06,15:00,37,282,Regulier,1,1
5259,1980-04-06,15:00,28,22,Regulier,2,0
5260,1980-04-06,20:00,16,13,Regulier,4,1
5261,1980-04-06,20:00,35,3,Regulier,0,1
5262,1980-04-11,20:00,522,4,Regulier,1,0
5263,1980-04-12,19:30,22,4451,Regulier,2,0
5264,1980-04-12,20:00,322,35,Regulier,2,1
5265,1980-04-12,20:00,13,28,Regulier,1,2
5266,1980-04-12,20:00,47,553,Regulier,2,0
5267,1980-04-13,15:00,1,37,Regulier,4,0
5268,1980-04-13,15:00,282,12,Regulier,2,1
5269,1980-04-13,15:00,3,2300,Regulier,3,2
5270,1980-04-13,15:00,16,30,Regulier,5,2
5271,1980-04-19,20:00,553,22,Regulier,3,0
5272,1980-04-19,20:00,2300,522,Regulier,1,0
5273,1980-04-19,20:00,35,47,Regulier,1,1
5274,1980-04-19,20:00,30,282,Regulier,2,0
5275,1980-04-20,15:00,12,13,Regulier,1,1
5276,1980-04-20,15:00,28,322,Regulier,2,2
5277,1980-04-20,15:00,4451,3,Regulier,0,2
5278,1980-04-20,15:00,4,1,Regulier,1,1
5279,1980-04-20,15:00,37,16,Regulier,0,3
5280,1980-04-26,19:30,22,2300,Regulier,2,0
5281,1980-04-26,20:00,13,35,Regulier,2,2
5282,1980-04-26,20:00,322,553,Regulier,0,3
5283,1980-04-26,20:00,47,4451,Regulier,2,0
5284,1980-04-27,15:00,3,4,Regulier,2,1
5285,1980-04-27,15:00,282,28,Regulier,6,1
5286,1980-04-27,15:00,522,1,Regulier,2,0
5287,1980-04-27,15:00,30,37,Regulier,7,0
5288,1980-04-27,15:00,16,12,Regulier,3,0
5289,1980-05-03,20:00,28,30,Regulier,2,0
5290,1980-05-03,20:00,553,282,Regulier,0,0
5291,1980-05-03,20:00,35,16,Regulier,1,1
5292,1980-05-03,20:00,12,37,Regulier,3,1
5293,1980-05-03,20:00,1,22,Regulier,2,1
5294,1980-05-03,20:00,4,47,Regulier,2,2
5295,1980-05-03,20:00,4451,13,Regulier,2,0
5296,1980-05-03,20:00,522,3,Regulier,0,1
5297,1980-05-03,20:00,2300,322,Regulier,1,2
5298,1980-05-11,15:00,47,2300,Regulier,3,0
5299,1980-05-11,15:00,16,28,Regulier,1,1
5300,1980-05-11,15:00,322,4451,Regulier,1,0
5301,1980-05-11,15:00,3,1,Regulier,5,1
5302,1980-05-11,15:00,282,35,Regulier,0,1
5303,1980-05-11,15:00,37,522,Regulier,2,2
5304,1980-05-11,15:00,30,12,Regulier,3,1
5305,1980-05-11,15:00,22,4,Regulier,1,1
5306,1980-05-11,15:00,13,553,Regulier,0,3
5307,1980-08-31,20:00,47,322,Regulier,1,0
5308,1980-08-31,20:00,3,4451,Regulier,2,0
5309,1980-08-31,20:00,19,12,Regulier,1,4
5310,1980-08-31,20:00,13,28,Regulier,0,2
5311,1980-08-31,20:00,1,30,Regulier,0,0
5312,1980-08-31,20:00,4,2300,Regulier,0,1
5313,1980-08-31,20:00,522,16,Regulier,2,2
5314,1980-08-31,20:00,553,35,Regulier,2,4
5315,1980-08-31,20:00,282,7,Regulier,1,0
5316,1980-09-03,20:00,35,1,Regulier,5,1
5317,1980-09-03,20:00,16,282,Regulier,2,1
5318,1980-09-03,20:00,7,3,Regulier,0,0
5319,1980-09-03,20:00,322,19,Regulier,2,3
5320,1980-09-03,20:00,2300,522,Regulier,2,1
5321,1980-09-03,20:00,4451,553,Regulier,2,0
5322,1980-09-03,20:00,30,47,Regulier,2,2
5323,1980-09-03,20:00,28,4,Regulier,3,1
5324,1980-09-03,20:00,12,13,Regulier,3,2
5325,1980-09-07,15:00,282,2300,Regulier,2,0
5326,1980-09-07,15:00,19,30,Regulier,3,1
5327,1980-09-07,15:00,3,16,Regulier,1,7
5328,1980-09-07,15:00,4,12,Regulier,2,2
5329,1980-09-07,15:00,1,47,Regulier,0,2
5330,1980-09-07,15:00,522,28,Regulier,0,1
5331,1980-09-07,20:00,13,322,Regulier,1,2
5332,1980-09-07,20:00,35,4451,Regulier,4,0
5333,1980-09-07,20:00,553,7,Regulier,2,0
5334,1980-09-14,15:00,4451,1,Regulier,4,0
5335,1980-09-14,15:00,28,282,Regulier,1,1
5336,1980-09-14,15:00,16,553,Regulier,3,2
5337,1980-09-14,15:00,12,522,Regulier,3,1
5338,1980-09-14,20:00,30,13,Regulier,4,3
5339,1980-09-14,20:00,47,19,Regulier,1,0
5340,1980-09-14,20:00,322,4,Regulier,3,1
5341,1980-09-14,20:00,7,35,Regulier,0,1
5342,1980-09-14,20:00,2300,3,Regulier,3,2
5343,1980-09-21,15:00,1,19,Regulier,1,0
5344,1980-09-21,15:00,4,30,Regulier,0,2
5345,1980-09-21,15:00,3,28,Regulier,4,0
5346,1980-09-21,15:00,4451,7,Regulier,3,0
5347,1980-09-21,15:00,282,12,Regulier,5,0
5348,1980-09-21,15:00,553,2300,Regulier,1,0
5349,1980-09-21,20:00,522,322,Regulier,4,2
5350,1980-09-21,20:00,35,16,Regulier,1,1
5351,1980-09-21,20:00,13,47,Regulier,1,0
5352,1980-09-28,15:00,28,553,Regulier,2,2
5353,1980-09-28,15:00,7,1,Regulier,1,1
5354,1980-09-28,15:00,19,13,Regulier,0,0
5355,1980-09-28,20:00,16,4451,Regulier,2,1
5356,1980-09-28,20:00,12,3,Regulier,1,2
5357,1980-09-28,20:00,2300,35,Regulier,4,1
5358,1980-09-28,20:00,47,4,Regulier,2,1
5359,1980-09-28,20:00,30,522,Regulier,5,0
5360,1980-09-28,20:00,322,282,Regulier,2,0
5361,1980-10-05,15:00,7,16,Regulier,2,1
5362,1980-10-05,15:00,522,47,Regulier,1,1
5363,1980-10-05,15:00,4451,2300,Regulier,0,2
5364,1980-10-05,15:00,4,19,Regulier,1,3
5365,1980-10-05,15:00,1,13,Regulier,3,2
5366,1980-10-05,15:00,282,30,Regulier,1,0
5367,1980-10-05,15:00,3,322,Regulier,1,2
5368,1980-10-05,15:00,553,12,Regulier,5,2
5369,1980-10-05,20:00,35,28,Regulier,4,1
5370,1980-10-12,15:00,322,553,Regulier,0,1
5371,1980-10-12,20:00,28,4451,Regulier,1,1
5372,1980-10-12,20:00,19,522,Regulier,2,0
5373,1980-10-12,20:00,16,1,Regulier,5,1
5374,1980-10-12,20:00,47,282,Regulier,3,1
5375,1980-10-12,20:00,12,35,Regulier,0,2
5376,1980-10-12,20:00,13,4,Regulier,2,1
5377,1980-10-12,20:00,2300,7,Regulier,5,0
5378,1980-10-12,20:00,30,3,Regulier,1,1
5379,1980-10-19,15:00,522,13,Regulier,1,0
5380,1980-10-19,15:00,4451,12,Regulier,3,2
5381,1980-10-19,15:00,7,28,Regulier,3,0
5382,1980-10-19,15:00,1,4,Regulier,2,0
5383,1980-10-19,15:00,3,47,Regulier,3,1
5384,1980-10-19,20:00,553,30,Regulier,3,4
5385,1980-10-19,20:00,35,322,Regulier,2,0
5386,1980-10-19,20:00,282,19,Regulier,5,1
5387,1980-10-19,20:00,16,2300,Regulier,1,1
5388,1980-10-25,20:00,322,4451,Regulier,3,1
5389,1980-10-25,20:00,13,282,Regulier,0,2
5390,1980-10-26,15:00,19,3,Regulier,1,0
5391,1980-10-26,15:00,47,553,Regulier,3,2
5392,1980-10-26,15:00,12,7,Regulier,1,1
5393,1980-10-26,15:00,4,522,Regulier,5,1
5394,1980-10-26,15:00,2300,1,Regulier,1,1
5395,1980-10-26,15:00,28,16,Regulier,3,0
5396,1980-10-26,15:00,30,35,Regulier,0,2
5397,1980-11-08,20:00,35,47,Regulier,4,0
5398,1980-11-08,20:00,553,19,Regulier,0,5
5399,1980-11-09,15:00,1,522,Regulier,2,2
5400,1980-11-09,15:00,282,4,Regulier,1,0
5401,1980-11-09,15:00,4451,30,Regulier,1,1
5402,1980-11-09,15:00,7,322,Regulier,3,0
5403,1980-11-09,15:00,16,12,Regulier,3,0
5404,1980-11-09,15:00,2300,28,Regulier,2,0
5405,1980-11-09,15:00,3,13,Regulier,4,0
5406,1980-11-14,20:00,522,282,Regulier,0,1
5407,1980-11-15,20:00,13,553,Regulier,2,0
5408,1980-11-15,20:00,19,35,Regulier,0,1
5409,1980-11-15,20:00,30,7,Regulier,3,2
5410,1980-11-15,20:00,47,4451,Regulier,0,1
5411,1980-11-15,20:00,4,3,Regulier,1,0
5412,1980-11-15,20:00,12,2300,Regulier,1,1
5413,1980-11-15,20:00,28,1,Regulier,1,1
5414,1980-11-15,20:00,322,16,Regulier,2,0
5415,1980-11-22,20:00,553,522,Regulier,5,1
5416,1980-11-22,20:00,35,4,Regulier,1,0
5417,1980-11-22,20:00,2300,30,Regulier,3,0
5418,1980-11-23,15:00,4451,13,Regulier,2,0
5419,1980-11-23,15:00,1,12,Regulier,1,2
5420,1980-11-23,15:00,28,322,Regulier,0,0
5421,1980-11-23,15:00,7,19,Regulier,6,0
5422,1980-11-23,15:00,16,47,Regulier,3,2
5423,1980-11-23,15:00,3,282,Regulier,3,2
5424,1980-11-29,20:00,322,2300,Regulier,1,2
5425,1980-11-29,20:00,13,35,Regulier,0,1
5426,1980-11-30,15:00,522,3,Regulier,1,3
5427,1980-11-30,15:00,12,28,Regulier,1,0
5428,1980-11-30,15:00,47,7,Regulier,1,0
5429,1980-11-30,15:00,4,553,Regulier,3,0
5430,1980-11-30,15:00,282,1,Regulier,1,4
5431,1980-11-30,15:00,19,4451,Regulier,3,1
5432,1980-11-30,15:00,30,16,Regulier,0,1
5433,1980-12-06,20:00,553,282,Regulier,1,1
5434,1980-12-06,20:00,35,522,Regulier,2,1
5435,1980-12-06,20:00,16,19,Regulier,1,1
5436,1980-12-06,20:00,2300,47,Regulier,3,0
5437,1980-12-07,15:00,12,322,Regulier,0,1
5438,1980-12-07,15:00,4451,4,Regulier,1,1
5439,1980-12-07,15:00,7,13,Regulier,1,1
5440,1980-12-07,20:00,28,30,Regulier,1,6
5441,1980-12-07,20:00,1,3,Regulier,3,2
5442,1980-12-13,20:00,13,16,Regulier,0,2
5443,1980-12-13,20:00,322,1,Regulier,1,3
5444,1980-12-14,15:00,4,7,Regulier,3,4
5445,1980-12-14,15:00,19,2300,Regulier,0,1
5446,1980-12-14,15:00,3,553,Regulier,7,3
5447,1980-12-14,15:00,522,4451,Regulier,3,1
5448,1980-12-14,15:00,282,35,Regulier,2,0
5449,1980-12-14,15:00,47,28,Regulier,3,1
5450,1980-12-14,15:00,30,12,Regulier,1,1
5451,1981-01-10,20:00,322,30,Regulier,0,0
5452,1981-01-10,20:00,35,3,Regulier,1,0
5453,1981-01-10,20:00,1,553,Regulier,2,0
5454,1981-01-11,15:00,12,47,Regulier,4,2
5455,1981-01-11,15:00,7,522,Regulier,4,0
5456,1981-01-11,15:00,4451,282,Regulier,1,0
5457,1981-01-11,15:00,16,4,Regulier,1,1
5458,1981-01-11,15:00,2300,13,Regulier,1,0
5459,1981-01-11,15:00,28,19,Regulier,1,1
5460,1981-01-17,20:00,322,13,Regulier,2,1
5461,1981-01-18,15:00,4451,35,Regulier,0,0
5462,1981-01-18,15:00,16,3,Regulier,2,1
5463,1981-01-18,15:00,28,522,Regulier,0,4
5464,1981-01-18,15:00,47,1,Regulier,2,1
5465,1981-01-18,15:00,30,19,Regulier,2,0
5466,1981-01-18,15:00,2300,282,Regulier,1,1
5467,1981-01-18,15:00,7,553,Regulier,6,3
5468,1981-01-18,15:00,12,4,Regulier,2,3
5469,1981-01-24,20:00,553,16,Regulier,1,2
5470,1981-01-24,20:00,13,30,Regulier,1,1
5471,1981-01-24,20:00,35,7,Regulier,2,0
5472,1981-01-25,15:00,1,4451,Regulier,0,0
5473,1981-01-25,15:00,19,47,Regulier,0,3
5474,1981-01-25,15:00,282,28,Regulier,10,1
5475,1981-01-25,15:00,4,322,Regulier,5,0
5476,1981-01-25,15:00,522,12,Regulier,2,1
5477,1981-01-25,15:00,3,2300,Regulier,3,0
5478,1981-01-31,20:00,322,522,Regulier,2,1
5479,1981-02-01,15:00,47,13,Regulier,1,1
5480,1981-02-01,15:00,7,4451,Regulier,1,1
5481,1981-02-01,15:00,16,35,Regulier,0,1
5482,1981-02-01,15:00,28,3,Regulier,1,1
5483,1981-02-01,15:00,30,4,Regulier,1,1
5484,1981-02-01,15:00,19,1,Regulier,0,0
5485,1981-02-01,15:00,2300,553,Regulier,2,0
5486,1981-02-01,15:00,12,282,Regulier,1,1
5487,1981-02-07,20:00,553,28,Regulier,4,0
5488,1981-02-07,20:00,13,19,Regulier,2,0
5489,1981-02-07,20:00,35,2300,Regulier,2,0
5490,1981-02-08,15:00,4,47,Regulier,1,0
5491,1981-02-08,15:00,4451,16,Regulier,2,3
5492,1981-02-08,15:00,3,12,Regulier,8,1
5493,1981-02-08,15:00,282,322,Regulier,4,1
5494,1981-02-08,15:00,522,30,Regulier,0,3
5495,1981-02-08,15:00,1,7,Regulier,2,2
5496,1981-02-13,20:00,13,1,Regulier,0,1
5497,1981-02-14,20:00,47,522,Regulier,0,1
5498,1981-02-14,20:00,19,4,Regulier,0,1
5499,1981-02-14,20:00,16,7,Regulier,0,1
5500,1981-02-14,20:00,2300,4451,Regulier,3,1
5501,1981-02-14,20:00,30,282,Regulier,1,2
5502,1981-02-14,20:00,12,553,Regulier,2,3
5503,1981-02-14,20:00,28,35,Regulier,0,2
5504,1981-02-14,20:00,322,3,Regulier,2,0
5505,1981-02-28,20:00,35,12,Regulier,2,1
5506,1981-02-28,20:00,522,19,Regulier,1,1
5507,1981-02-28,20:00,282,47,Regulier,5,3
5508,1981-03-01,15:00,3,30,Regulier,3,1
5509,1981-03-01,15:00,1,16,Regulier,5,1
5510,1981-03-01,15:00,4451,28,Regulier,3,0
5511,1981-03-01,15:00,7,2300,Regulier,1,0
5512,1981-03-01,15:00,4,13,Regulier,0,1
5513,1981-03-01,20:00,553,322,Regulier,1,1
5514,1981-03-07,20:00,30,553,Regulier,2,0
5515,1981-03-07,20:00,13,522,Regulier,2,2
5516,1981-03-07,20:00,322,35,Regulier,1,1
5517,1981-03-07,20:00,47,3,Regulier,2,2
5518,1981-03-08,15:00,2300,16,Regulier,2,0
5519,1981-03-08,15:00,4,1,Regulier,4,0
5520,1981-03-08,15:00,12,4451,Regulier,2,1
5521,1981-03-08,15:00,19,282,Regulier,4,2
5522,1981-03-08,15:00,28,7,Regulier,0,0
5523,1981-03-14,20:00,35,30,Regulier,6,2
5524,1981-03-14,20:00,553,47,Regulier,0,2
5525,1981-03-15,15:00,7,12,Regulier,2,0
5526,1981-03-15,15:00,522,4,Regulier,1,1
5527,1981-03-15,15:00,4451,322,Regulier,1,1
5528,1981-03-15,15:00,1,2300,Regulier,2,1
5529,1981-03-15,15:00,16,28,Regulier,7,1
5530,1981-03-15,15:00,3,19,Regulier,2,0
5531,1981-03-15,20:00,282,13,Regulier,0,0
5532,1981-03-20,20:00,13,3,Regulier,4,1
5533,1981-03-21,20:00,47,35,Regulier,0,0
5534,1981-03-21,20:00,19,553,Regulier,1,1
5535,1981-03-21,20:00,28,2300,Regulier,1,1
5536,1981-03-21,20:00,30,4451,Regulier,1,1
5537,1981-03-21,20:00,4,282,Regulier,0,0
5538,1981-03-21,20:00,12,16,Regulier,3,0
5539,1981-03-21,20:00,522,1,Regulier,0,0
5540,1981-03-21,20:00,322,7,Regulier,3,0
5541,1981-03-28,20:00,2300,12,Regulier,2,1
5542,1981-03-28,20:00,35,19,Regulier,6,0
5543,1981-03-28,20:00,553,13,Regulier,2,1
5544,1981-03-28,20:00,4451,47,Regulier,2,0
5545,1981-03-29,15:00,7,30,Regulier,1,1
5546,1981-03-29,15:00,282,522,Regulier,2,0
5547,1981-03-29,15:00,16,322,Regulier,1,0
5548,1981-03-29,15:00,3,4,Regulier,4,3
5549,1981-03-29,15:00,1,28,Regulier,0,1
5550,1981-04-04,20:00,30,2300,Regulier,2,2
5551,1981-04-04,20:00,47,16,Regulier,2,0
5552,1981-04-04,20:00,522,553,Regulier,0,1
5553,1981-04-05,15:00,13,4451,Regulier,3,0
5554,1981-04-05,15:00,4,35,Regulier,1,1
5555,1981-04-05,15:00,12,1,Regulier,0,0
5556,1981-04-05,15:00,19,7,Regulier,4,2
5557,1981-04-05,15:00,282,3,Regulier,3,1
5558,1981-04-05,18:00,322,28,Regulier,2,1
5559,1981-04-11,20:00,553,4,Regulier,0,2
5560,1981-04-11,20:00,4451,19,Regulier,0,0
5561,1981-04-11,20:00,35,13,Regulier,8,2
5562,1981-04-11,20:00,2300,322,Regulier,0,2
5563,1981-04-12,15:00,7,47,Regulier,2,1
5564,1981-04-12,15:00,3,522,Regulier,2,0
5565,1981-04-12,15:00,28,12,Regulier,0,2
5566,1981-04-12,15:00,16,30,Regulier,2,0
5567,1981-04-12,15:00,1,282,Regulier,0,1
5568,1981-04-15,20:00,47,2300,Regulier,1,1
5569,1981-04-17,20:00,30,28,Regulier,6,2
5570,1981-04-18,20:00,522,35,Regulier,2,1
5571,1981-04-18,20:00,13,7,Regulier,1,0
5572,1981-04-19,15:00,19,16,Regulier,1,4
5573,1981-04-19,15:00,282,553,Regulier,5,1
5574,1981-04-19,15:00,3,1,Regulier,5,1
5575,1981-04-19,18:00,322,12,Regulier,3,0
5576,1981-04-19,20:00,4,4451,Regulier,0,0
5577,1981-04-25,20:00,7,4,Regulier,3,1
5578,1981-04-25,20:00,553,3,Regulier,2,2
5579,1981-04-25,20:00,28,47,Regulier,1,3
5580,1981-04-25,20:00,35,282,Regulier,3,1
5581,1981-04-25,20:00,12,30,Regulier,2,1
5582,1981-04-25,20:00,4451,522,Regulier,2,1
5583,1981-04-25,20:00,16,13,Regulier,3,0
5584,1981-04-25,20:00,2300,19,Regulier,1,1
5585,1981-04-25,20:00,1,322,Regulier,1,1
5586,1981-05-02,20:00,553,1,Regulier,2,3
5587,1981-05-02,20:00,13,2300,Regulier,1,0
5588,1981-05-02,20:00,47,12,Regulier,2,2
5589,1981-05-03,15:00,3,35,Regulier,1,5
5590,1981-05-03,15:00,30,322,Regulier,2,0
5591,1981-05-03,15:00,522,7,Regulier,1,0
5592,1981-05-03,15:00,19,28,Regulier,3,0
5593,1981-05-03,15:00,282,4451,Regulier,4,0
5594,1981-05-03,15:00,4,16,Regulier,2,2
5595,1981-05-10,15:00,4451,3,Regulier,2,1
5596,1981-05-10,15:00,2300,4,Regulier,0,1
5597,1981-05-10,15:00,35,553,Regulier,4,1
5598,1981-05-10,15:00,12,19,Regulier,1,3
5599,1981-05-10,15:00,16,522,Regulier,3,0
5600,1981-05-10,15:00,28,13,Regulier,2,6
5601,1981-05-10,15:00,322,47,Regulier,3,1
5602,1981-05-10,15:00,7,282,Regulier,1,4
5603,1981-05-10,15:00,30,1,Regulier,1,0
5604,1981-05-17,15:00,4,28,Regulier,6,0
5605,1981-05-17,15:00,553,4451,Regulier,3,1
5606,1981-05-17,15:00,13,12,Regulier,2,3
5607,1981-05-17,15:00,3,7,Regulier,2,0
5608,1981-05-17,15:00,522,2300,Regulier,0,0
5609,1981-05-17,15:00,19,322,Regulier,0,1
5610,1981-05-17,15:00,282,16,Regulier,2,0
5611,1981-05-17,15:00,47,30,Regulier,2,1
5612,1981-05-17,15:00,1,35,Regulier,0,3
5613,1981-08-23,20:00,30,7,Regulier,3,1
5614,1981-08-23,20:00,522,47,Regulier,2,1
5615,1981-08-23,20:00,54,25,Regulier,2,1
5616,1981-08-23,20:00,322,553,Regulier,3,1
5617,1981-08-23,20:00,16,12,Regulier,2,2
5618,1981-08-23,20:00,3,4,Regulier,4,1
5619,1981-08-23,20:00,35,1,Regulier,1,1
5620,1981-08-23,20:00,282,4451,Regulier,1,1
5621,1981-08-23,20:00,19,2300,Regulier,0,2
5622,1981-08-30,20:00,4,322,Regulier,3,1
5623,1981-08-30,20:00,7,522,Regulier,3,0
5624,1981-08-30,20:00,47,3,Regulier,2,1
5625,1981-08-30,20:00,2300,30,Regulier,0,0
5626,1981-08-30,20:00,553,16,Regulier,1,1
5627,1981-08-30,20:00,25,282,Regulier,1,2
5628,1981-08-30,20:00,1,54,Regulier,1,0
5629,1981-08-30,20:00,12,35,Regulier,1,2
5630,1981-08-30,20:00,4451,19,Regulier,0,0
5631,1981-09-06,20:00,522,2300,Regulier,2,2
5632,1981-09-06,20:00,30,4451,Regulier,1,0
5633,1981-09-06,20:00,4,47,Regulier,3,0
5634,1981-09-06,20:00,35,553,Regulier,5,1
5635,1981-09-06,20:00,282,1,Regulier,1,0
5636,1981-09-06,20:00,54,12,Regulier,4,2
5637,1981-09-06,20:00,19,25,Regulier,1,1
5638,1981-09-06,20:00,322,16,Regulier,0,3
5639,1981-09-06,20:00,3,7,Regulier,1,2
5640,1981-09-13,15:00,12,282,Regulier,0,2
5641,1981-09-13,15:00,1,19,Regulier,0,1
5642,1981-09-13,15:00,4451,522,Regulier,3,0
5643,1981-09-13,15:00,7,4,Regulier,1,0
5644,1981-09-13,20:00,16,35,Regulier,2,0
5645,1981-09-13,20:00,2300,3,Regulier,2,0
5646,1981-09-13,20:00,47,322,Regulier,1,1
5647,1981-09-13,20:00,25,30,Regulier,0,2
5648,1981-09-13,20:00,553,54,Regulier,2,2
5649,1981-09-20,15:00,282,16,Regulier,0,2
5650,1981-09-20,15:00,19,553,Regulier,2,1
5651,1981-09-20,15:00,54,35,Regulier,0,2
5652,1981-09-20,15:00,3,25,Regulier,2,2
5653,1981-09-20,15:00,322,7,Regulier,0,3
5654,1981-09-20,20:00,4,4451,Regulier,2,1
5655,1981-09-20,20:00,47,2300,Regulier,1,0
5656,1981-09-20,20:00,30,12,Regulier,2,4
5657,1981-09-20,20:00,522,1,Regulier,0,1
5658,1981-09-27,15:00,4451,3,Regulier,1,2
5659,1981-09-27,15:00,7,47,Regulier,2,1
5660,1981-09-27,15:00,1,30,Regulier,4,1
5661,1981-09-27,15:00,16,54,Regulier,2,2
5662,1981-09-27,15:00,12,19,Regulier,1,2
5663,1981-09-27,20:00,553,282,Regulier,1,0
5664,1981-09-27,20:00,2300,4,Regulier,0,4
5665,1981-09-27,20:00,35,322,Regulier,4,0
5666,1981-09-27,20:00,25,522,Regulier,1,2
5667,1981-10-04,15:00,522,553,Regulier,3,1
5668,1981-10-04,15:00,282,54,Regulier,1,0
5669,1981-10-04,15:00,7,4451,Regulier,1,0
5670,1981-10-04,15:00,30,16,Regulier,3,1
5671,1981-10-04,15:00,4,1,Regulier,0,0
5672,1981-10-04,15:00,3,12,Regulier,2,3
5673,1981-10-04,15:00,19,35,Regulier,2,3
5674,1981-10-04,18:00,322,2300,Regulier,1,0
5675,1981-10-04,20:00,47,25,Regulier,4,2
5676,1981-10-11,20:00,4451,47,Regulier,1,0
5677,1981-10-11,20:00,16,19,Regulier,3,0
5678,1981-10-11,20:00,12,522,Regulier,3,2
5679,1981-10-11,20:00,25,4,Regulier,0,0
5680,1981-10-11,20:00,35,282,Regulier,3,2
5681,1981-10-11,20:00,54,322,Regulier,1,0
5682,1981-10-11,20:00,1,3,Regulier,3,0
5683,1981-10-11,20:00,2300,7,Regulier,0,0
5684,1981-10-11,20:00,553,30,Regulier,0,0
5685,1981-10-18,15:00,47,1,Regulier,4,2
5686,1981-10-18,15:00,7,25,Regulier,2,0
5687,1981-10-18,15:00,3,553,Regulier,1,2
5688,1981-10-18,15:00,4,12,Regulier,1,1
5689,1981-10-18,15:00,19,54,Regulier,4,1
5690,1981-10-18,15:00,30,35,Regulier,2,1
5691,1981-10-18,20:00,522,16,Regulier,0,0
5692,1981-10-18,20:00,2300,4451,Regulier,1,0
5693,1981-10-18,20:00,322,282,Regulier,0,0
5694,1981-10-24,20:00,553,4,Regulier,1,0
5695,1981-10-24,20:00,35,522,Regulier,0,0
5696,1981-10-25,15:00,16,3,Regulier,1,0
5697,1981-10-25,15:00,54,30,Regulier,0,1
5698,1981-10-25,15:00,4451,322,Regulier,1,1
5699,1981-10-25,15:00,25,2300,Regulier,0,0
5700,1981-10-25,15:00,1,7,Regulier,1,1
5701,1981-10-25,15:00,282,19,Regulier,1,2
5702,1981-10-25,15:00,12,47,Regulier,1,2
5703,1981-11-07,20:00,47,553,Regulier,2,1
5704,1981-11-07,20:00,322,19,Regulier,1,2
5705,1981-11-07,20:00,522,54,Regulier,1,0
5706,1981-11-08,15:00,4,16,Regulier,0,2
5707,1981-11-08,15:00,2300,1,Regulier,1,1
5708,1981-11-08,15:00,7,12,Regulier,3,1
5709,1981-11-08,15:00,30,282,Regulier,3,1
5710,1981-11-08,15:00,3,35,Regulier,0,0
5711,1981-11-08,16:00,4451,25,Regulier,1,0
5712,1981-11-11,15:00,25,322,Regulier,0,1
5713,1981-11-11,15:00,12,2300,Regulier,0,0
5714,1981-11-11,15:00,54,3,Regulier,3,3
5715,1981-11-11,15:00,16,47,Regulier,2,0
5716,1981-11-11,15:00,19,30,Regulier,1,2
5717,1981-11-11,15:00,553,7,Regulier,2,2
5718,1981-11-11,15:00,1,4451,Regulier,2,0
5719,1981-11-11,15:00,282,522,Regulier,2,0
5720,1981-11-11,20:00,35,4,Regulier,2,1
5721,1981-11-14,20:00,522,19,Regulier,0,1
5722,1981-11-14,20:00,322,30,Regulier,0,0
5723,1981-11-15,15:00,3,282,Regulier,0,2
5724,1981-11-15,15:00,4,54,Regulier,0,0
5725,1981-11-15,15:00,4451,12,Regulier,2,0
5726,1981-11-15,15:00,7,16,Regulier,0,0
5727,1981-11-15,15:00,47,35,Regulier,1,2
5728,1981-11-15,15:00,25,1,Regulier,1,2
5729,1981-11-15,15:00,2300,553,Regulier,3,1
5730,1981-11-21,20:00,35,7,Regulier,2,1
5731,1981-11-21,20:00,282,4,Regulier,3,1
5732,1981-11-21,20:00,553,4451,Regulier,1,1
5733,1981-11-22,15:00,54,47,Regulier,2,1
5734,1981-11-22,15:00,16,2300,Regulier,0,3
5735,1981-11-22,15:00,12,25,Regulier,2,1
5736,1981-11-22,15:00,1,322,Regulier,3,0
5737,1981-11-22,15:00,30,522,Regulier,1,1
5738,1981-11-22,15:00,19,3,Regulier,3,1
5739,1981-11-29,15:00,25,16,Regulier,3,1
5740,1981-11-29,15:00,4,30,Regulier,3,1
5741,1981-11-29,15:00,7,282,Regulier,1,1
5742,1981-11-29,15:00,4451,35,Regulier,3,1
5743,1981-11-29,15:00,1,553,Regulier,3,0
5744,1981-11-29,15:00,2300,54,Regulier,3,1
5745,1981-11-29,15:00,47,19,Regulier,0,2
5746,1981-11-29,15:00,3,522,Regulier,2,0
5747,1981-11-29,20:00,322,12,Regulier,1,0
5748,1981-12-05,20:00,35,2300,Regulier,2,1
5749,1981-12-05,20:00,282,47,Regulier,1,1
5750,1981-12-05,20:00,553,25,Regulier,1,0
5751,1981-12-06,15:00,19,4,Regulier,3,1
5752,1981-12-06,15:00,12,1,Regulier,0,1
5753,1981-12-06,15:00,54,7,Regulier,1,0
5754,1981-12-06,15:00,522,322,Regulier,2,1
5755,1981-12-06,15:00,30,3,Regulier,2,1
5756,1981-12-06,20:00,16,4451,Regulier,1,0
5757,1981-12-12,20:00,25,35,Regulier,0,1
5758,1981-12-13,15:00,47,30,Regulier,2,0
5759,1981-12-13,15:00,2300,282,Regulier,1,1
5760,1981-12-13,15:00,4451,54,Regulier,3,3
5761,1981-12-13,15:00,7,19,Regulier,3,0
5762,1981-12-13,15:00,1,16,Regulier,1,2
5763,1981-12-13,15:00,12,553,Regulier,2,3
5764,1981-12-13,15:00,4,522,Regulier,1,4
5765,1981-12-13,20:00,322,3,Regulier,0,0
5766,1982-01-09,20:00,25,19,Regulier,3,1
5767,1982-01-10,15:00,47,4,Regulier,4,0
5768,1982-01-10,15:00,12,54,Regulier,4,0
5769,1982-01-10,15:00,16,322,Regulier,2,1
5770,1982-01-10,15:00,7,3,Regulier,2,1
5771,1982-01-10,15:00,4451,30,Regulier,3,2
5772,1982-01-10,15:00,2300,522,Regulier,3,1
5773,1982-01-10,20:00,1,282,Regulier,1,0
5774,1982-01-10,20:00,553,35,Regulier,2,1
5775,1982-01-17,20:00,522,4451,Regulier,0,0
5776,1982-01-17,20:00,30,25,Regulier,2,0
5777,1982-01-17,20:00,54,553,Regulier,0,0
5778,1982-01-17,20:00,322,47,Regulier,2,1
5779,1982-01-17,20:00,3,2300,Regulier,1,2
5780,1982-01-17,20:00,35,16,Regulier,1,1
5781,1982-01-17,20:00,19,1,Regulier,0,0
5782,1982-01-17,20:00,282,12,Regulier,6,2
5783,1982-01-17,20:00,4,7,Regulier,0,0
5784,1982-01-23,20:00,35,54,Regulier,4,0
5785,1982-01-24,15:00,12,30,Regulier,2,2
5786,1982-01-24,15:00,4451,4,Regulier,1,0
5787,1982-01-24,15:00,1,522,Regulier,2,0
5788,1982-01-24,15:00,16,282,Regulier,2,2
5789,1982-01-24,15:00,553,19,Regulier,0,1
5790,1982-01-24,15:00,2300,47,Regulier,1,2
5791,1982-01-24,15:00,7,322,Regulier,0,0
5792,1982-01-24,15:00,25,3,Regulier,0,3
5793,1982-01-30,20:00,30,1,Regulier,1,0
5794,1982-01-30,20:00,322,35,Regulier,0,1
5795,1982-01-31,15:00,522,25,Regulier,0,2
5796,1982-01-31,15:00,19,12,Regulier,1,1
5797,1982-01-31,15:00,282,553,Regulier,5,2
5798,1982-01-31,15:00,54,16,Regulier,1,1
5799,1982-01-31,15:00,47,7,Regulier,0,0
5800,1982-01-31,15:00,4,2300,Regulier,0,1
5801,1982-01-31,15:00,3,4451,Regulier,1,1
5802,1982-02-06,20:00,35,19,Regulier,0,0
5803,1982-02-06,20:00,25,47,Regulier,1,0
5804,1982-02-07,15:00,4451,7,Regulier,1,2
5805,1982-02-07,15:00,16,30,Regulier,3,0
5806,1982-02-07,15:00,54,282,Regulier,1,3
5807,1982-02-07,15:00,2300,322,Regulier,0,0
5808,1982-02-07,15:00,553,522,Regulier,2,0
5809,1982-02-07,15:00,1,4,Regulier,0,2
5810,1982-02-07,15:00,12,3,Regulier,2,2
5811,1982-02-13,20:00,30,553,Regulier,0,4
5812,1982-02-13,20:00,322,54,Regulier,3,1
5813,1982-02-14,15:00,7,2300,Regulier,0,0
5814,1982-02-14,15:00,282,35,Regulier,1,1
5815,1982-02-14,15:00,4,25,Regulier,5,2
5816,1982-02-14,15:00,19,16,Regulier,0,0
5817,1982-02-14,15:00,47,4451,Regulier,0,0
5818,1982-02-14,15:00,522,12,Regulier,1,1
5819,1982-02-14,15:00,3,1,Regulier,2,1
5820,1982-02-20,20:00,35,30,Regulier,2,0
5821,1982-02-20,20:00,54,19,Regulier,1,0
5822,1982-02-21,15:00,25,7,Regulier,1,0
5823,1982-02-21,15:00,16,522,Regulier,3,1
5824,1982-02-21,15:00,282,322,Regulier,1,0
5825,1982-02-21,15:00,553,3,Regulier,2,2
5826,1982-02-21,15:00,1,47,Regulier,1,0
5827,1982-02-21,15:00,12,4,Regulier,3,0
5828,1982-02-21,15:00,4451,2300,Regulier,1,0
5829,1982-03-06,20:00,2300,25,Regulier,5,1
5830,1982-03-06,20:00,322,4451,Regulier,1,0
5831,1982-03-07,15:00,3,16,Regulier,0,3
5832,1982-03-07,15:00,47,12,Regulier,3,0
5833,1982-03-07,15:00,19,282,Regulier,1,1
5834,1982-03-07,15:00,4,553,Regulier,2,1
5835,1982-03-07,15:00,30,54,Regulier,5,1
5836,1982-03-07,15:00,522,35,Regulier,2,2
5837,1982-03-07,15:00,7,1,Regulier,0,0
5838,1982-03-13,20:00,16,4,Regulier,0,0
5839,1982-03-13,20:00,35,3,Regulier,2,1
5840,1982-03-13,20:00,25,4451,Regulier,0,1
5841,1982-03-14,15:00,19,322,Regulier,0,1
5842,1982-03-14,15:00,1,2300,Regulier,2,0
5843,1982-03-14,15:00,282,30,Regulier,4,0
5844,1982-03-14,15:00,12,7,Regulier,0,0
5845,1982-03-14,15:00,553,47,Regulier,2,1
5846,1982-03-14,15:00,54,522,Regulier,1,0
5847,1982-03-20,20:00,2300,12,Regulier,1,2
5848,1982-03-20,20:00,322,25,Regulier,3,1
5849,1982-03-21,15:00,522,282,Regulier,0,2
5850,1982-03-21,15:00,3,54,Regulier,0,0
5851,1982-03-21,15:00,4,35,Regulier,0,3
5852,1982-03-21,15:00,47,16,Regulier,1,3
5853,1982-03-21,15:00,4451,1,Regulier,1,1
5854,1982-03-21,15:00,30,19,Regulier,2,2
5855,1982-03-21,15:00,7,553,Regulier,2,0
5856,1982-03-27,20:00,35,47,Regulier,0,1
5857,1982-03-27,20:00,553,2300,Regulier,0,1
5858,1982-03-28,15:00,30,322,Regulier,3,1
5859,1982-03-28,15:00,16,7,Regulier,3,1
5860,1982-03-28,15:00,12,4451,Regulier,2,1
5861,1982-03-28,15:00,54,4,Regulier,1,3
5862,1982-03-28,15:00,282,3,Regulier,0,2
5863,1982-03-28,15:00,19,522,Regulier,4,0
5864,1982-03-28,15:00,1,25,Regulier,3,0
5865,1982-04-03,20:00,25,12,Regulier,2,1
5866,1982-04-03,20:00,2300,16,Regulier,3,2
5867,1982-04-03,20:00,322,1,Regulier,0,0
5868,1982-04-03,20:00,7,35,Regulier,1,0
5869,1982-04-03,20:00,4451,553,Regulier,0,1
5870,1982-04-03,20:00,522,30,Regulier,2,1
5871,1982-04-04,15:00,3,19,Regulier,1,0
5872,1982-04-04,15:00,47,54,Regulier,0,3
5873,1982-04-04,15:00,4,282,Regulier,0,4
5874,1982-04-10,20:00,54,2300,Regulier,1,0
5875,1982-04-10,20:00,522,3,Regulier,1,0
5876,1982-04-10,20:00,30,4,Regulier,1,1
5877,1982-04-10,20:00,553,1,Regulier,1,2
5878,1982-04-10,20:00,282,7,Regulier,0,0
5879,1982-04-11,15:00,12,322,Regulier,8,0
5880,1982-04-11,18:00,19,47,Regulier,2,1
5881,1982-04-11,20:00,35,4451,Regulier,3,0
5882,1982-04-11,20:00,16,25,Regulier,6,0
5883,1982-04-17,20:00,2300,35,Regulier,3,0
5884,1982-04-17,20:00,4,19,Regulier,0,0
5885,1982-04-17,20:00,25,553,Regulier,1,1
5886,1982-04-17,20:00,322,522,Regulier,0,0
5887,1982-04-18,15:00,7,54,Regulier,1,0
5888,1982-04-18,15:00,1,12,Regulier,4,1
5889,1982-04-18,15:00,3,30,Regulier,1,0
5890,1982-04-18,15:00,47,282,Regulier,1,1
5891,1982-04-18,18:00,4451,16,Regulier,1,0
5892,1982-04-24,20:00,553,12,Regulier,2,4
5893,1982-04-24,20:00,54,4451,Regulier,2,1
5894,1982-04-24,20:00,35,25,Regulier,2,0
5895,1982-04-24,20:00,30,47,Regulier,2,2
5896,1982-04-25,15:00,19,7,Regulier,0,0
5897,1982-04-25,15:00,282,2300,Regulier,2,1
5898,1982-04-25,15:00,3,322,Regulier,4,0
5899,1982-04-25,15:00,522,4,Regulier,4,1
5900,1982-04-25,15:00,16,1,Regulier,1,0
5901,1982-05-01,20:00,7,30,Regulier,1,0
5902,1982-05-01,20:00,553,322,Regulier,3,0
5903,1982-05-01,20:00,1,35,Regulier,0,0
5904,1982-05-01,20:00,4451,282,Regulier,0,1
5905,1982-05-01,20:00,12,16,Regulier,0,1
5906,1982-05-01,20:00,2300,19,Regulier,3,0
5907,1982-05-01,20:00,25,54,Regulier,0,4
5908,1982-05-01,20:00,47,522,Regulier,1,1
5909,1982-05-01,20:00,4,3,Regulier,1,0
5910,1982-05-08,20:00,54,1,Regulier,1,2
5911,1982-05-08,20:00,322,4,Regulier,1,0
5912,1982-05-08,20:00,16,553,Regulier,3,1
5913,1982-05-08,20:00,3,47,Regulier,5,0
5914,1982-05-08,20:00,522,7,Regulier,1,2
5915,1982-05-08,20:00,30,2300,Regulier,4,2
5916,1982-05-08,20:00,19,4451,Regulier,1,0
5917,1982-05-08,20:00,35,12,Regulier,3,1
5918,1982-05-08,20:00,282,25,Regulier,2,1
5919,1982-08-18,20:00,47,3,Regulier,2,1
5920,1982-08-18,20:00,4,17,Regulier,0,0
5921,1982-08-18,20:00,30,54,Regulier,1,0
5922,1982-08-18,20:00,2300,19,Regulier,2,0
5923,1982-08-18,20:00,1,553,Regulier,2,0
5924,1982-08-18,20:00,12,35,Regulier,2,4
5925,1982-08-18,20:00,16,7,Regulier,2,1
5926,1982-08-18,20:00,322,13,Regulier,0,1
5927,1982-08-18,20:00,4451,282,Regulier,2,0
5928,1982-08-22,15:00,3,30,Regulier,2,0
5929,1982-08-22,15:00,282,16,Regulier,2,0
5930,1982-08-22,15:00,54,322,Regulier,0,2
5931,1982-08-22,15:00,19,1,Regulier,2,1
5932,1982-08-22,15:00,7,2300,Regulier,1,1
5933,1982-08-22,19:30,17,12,Regulier,1,1
5934,1982-08-22,20:00,35,47,Regulier,2,0
5935,1982-08-22,20:00,553,4,Regulier,4,0
5936,1982-08-22,20:00,13,4451,Regulier,2,1
5937,1982-08-25,20:00,7,19,Regulier,2,2
5938,1982-08-25,20:00,322,282,Regulier,0,1
5939,1982-08-25,20:00,4451,16,Regulier,1,4
5940,1982-08-25,20:00,4,35,Regulier,0,0
5941,1982-08-25,20:00,2300,553,Regulier,0,0
5942,1982-08-25,20:00,12,3,Regulier,0,1
5943,1982-08-25,20:00,1,17,Regulier,2,0
5944,1982-08-25,20:00,47,54,Regulier,3,1
5945,1982-08-25,20:00,30,13,Regulier,1,1
5946,1982-09-01,20:00,17,19,Regulier,2,2
5947,1982-09-01,20:00,35,2300,Regulier,1,2
5948,1982-09-01,20:00,13,12,Regulier,3,2
5949,1982-09-01,20:00,282,47,Regulier,2,1
5950,1982-09-01,20:00,4451,322,Regulier,2,0
5951,1982-09-01,20:00,54,4,Regulier,1,1
5952,1982-09-01,20:00,3,1,Regulier,3,1
5953,1982-09-01,20:00,16,30,Regulier,7,0
5954,1982-09-01,20:00,553,7,Regulier,0,0
5955,1982-09-05,15:00,54,16,Regulier,2,2
5956,1982-09-05,15:00,3,4451,Regulier,2,1
5957,1982-09-05,19:00,19,12,Regulier,2,1
5958,1982-09-05,19:30,17,30,Regulier,0,2
5959,1982-09-05,20:00,35,322,Regulier,2,1
5960,1982-09-05,20:00,7,1,Regulier,1,1
5961,1982-09-05,20:00,553,47,Regulier,1,1
5962,1982-09-05,20:00,13,282,Regulier,2,2
5963,1982-09-05,20:00,2300,4,Regulier,6,0
5964,1982-09-12,15:00,47,17,Regulier,1,1
5965,1982-09-12,15:00,4,19,Regulier,1,0
5966,1982-09-12,15:00,4451,54,Regulier,0,2
5967,1982-09-12,15:00,1,2300,Regulier,2,1
5968,1982-09-12,15:00,12,553,Regulier,1,2
5969,1982-09-12,20:00,30,35,Regulier,0,2
5970,1982-09-12,20:00,16,13,Regulier,1,2
5971,1982-09-12,20:00,282,7,Regulier,2,1
5972,1982-09-12,20:00,322,3,Regulier,1,1
5973,1982-09-19,15:00,3,282,Regulier,1,0
5974,1982-09-19,15:00,54,13,Regulier,4,2
5975,1982-09-19,15:00,7,4,Regulier,1,0
5976,1982-09-19,15:00,1,12,Regulier,2,0
5977,1982-09-19,15:00,19,30,Regulier,1,2
5978,1982-09-19,19:30,17,4451,Regulier,2,0
5979,1982-09-19,20:00,553,322,Regulier,2,1
5980,1982-09-19,20:00,2300,47,Regulier,4,0
5981,1982-09-19,20:00,35,16,Regulier,1,4
5982,1982-09-26,15:00,12,2300,Regulier,0,0
5983,1982-09-26,15:00,4451,35,Regulier,2,1
5984,1982-09-26,15:00,47,19,Regulier,0,0
5985,1982-09-26,15:00,4,1,Regulier,1,1
5986,1982-09-26,20:00,13,7,Regulier,1,2
5987,1982-09-26,20:00,30,553,Regulier,4,1
5988,1982-09-26,20:00,16,3,Regulier,2,0
5989,1982-09-26,20:00,282,54,Regulier,3,1
5990,1982-09-26,20:00,322,17,Regulier,2,2
5991,1982-10-10,15:00,19,4451,Regulier,1,0
5992,1982-10-10,15:00,3,54,Regulier,2,0
5993,1982-10-10,15:00,1,30,Regulier,1,0
5994,1982-10-10,15:00,553,16,Regulier,2,1
5995,1982-10-10,15:00,4,47,Regulier,2,1
5996,1982-10-10,15:00,7,12,Regulier,1,1
5997,1982-10-10,20:00,17,282,Regulier,0,0
5998,1982-10-10,20:00,35,13,Regulier,3,1
5999,1982-10-10,20:00,2300,322,Regulier,7,2
6000,1982-10-16,20:00,16,17,Regulier,4,2
6001,1982-10-16,20:00,282,35,Regulier,1,1
6002,1982-10-16,20:00,13,3,Regulier,2,2
6003,1982-10-16,20:00,322,19,Regulier,0,0
6004,1982-10-17,15:00,54,7,Regulier,1,3
6005,1982-10-17,15:00,12,4,Regulier,5,2
6006,1982-10-17,15:00,47,1,Regulier,3,0
6007,1982-10-17,15:00,4451,553,Regulier,0,0
6008,1982-10-17,15:00,30,2300,Regulier,0,0
6009,1982-10-23,20:00,553,282,Regulier,2,0
6010,1982-10-23,20:00,2300,4451,Regulier,2,2
6011,1982-10-23,20:00,35,54,Regulier,6,0
6012,1982-10-23,20:00,17,13,Regulier,1,0
6013,1982-10-24,15:00,4,30,Regulier,2,1
6014,1982-10-24,15:00,1,322,Regulier,2,1
6015,1982-10-24,15:00,7,3,Regulier,3,1
6016,1982-10-24,15:00,12,47,Regulier,0,0
6017,1982-10-24,15:00,19,16,Regulier,0,0
6018,1982-11-06,20:00,13,553,Regulier,2,3
6019,1982-11-06,20:00,322,4,Regulier,2,0
6020,1982-11-07,15:00,16,2300,Regulier,2,0
6021,1982-11-07,15:00,282,19,Regulier,4,0
6022,1982-11-07,15:00,54,17,Regulier,0,0
6023,1982-11-07,15:00,47,7,Regulier,0,0
6024,1982-11-07,15:00,3,35,Regulier,1,1
6025,1982-11-07,15:00,30,12,Regulier,0,0
6026,1982-11-07,16:00,4451,1,Regulier,0,0
6027,1982-11-13,20:00,17,35,Regulier,1,2
6028,1982-11-13,20:00,12,4451,Regulier,2,1
6029,1982-11-13,20:00,553,3,Regulier,0,0
6030,1982-11-14,15:00,2300,13,Regulier,7,0
6031,1982-11-14,15:00,1,282,Regulier,0,0
6032,1982-11-14,15:00,7,30,Regulier,3,2
6033,1982-11-14,15:00,47,322,Regulier,1,0
6034,1982-11-14,15:00,4,16,Regulier,1,5
6035,1982-11-14,15:00,19,54,Regulier,3,2
6036,1982-11-20,20:00,322,12,Regulier,4,0
6037,1982-11-20,20:00,13,19,Regulier,3,2
6038,1982-11-20,20:00,35,7,Regulier,3,1
6039,1982-11-21,15:00,282,2300,Regulier,2,1
6040,1982-11-21,15:00,3,17,Regulier,4,0
6041,1982-11-21,15:00,54,553,Regulier,1,2
6042,1982-11-21,15:00,4451,4,Regulier,2,1
6043,1982-11-21,15:00,30,47,Regulier,0,2
6044,1982-11-21,15:00,16,1,Regulier,4,1
6045,1982-11-27,20:00,553,35,Regulier,1,1
6046,1982-11-27,20:00,7,17,Regulier,5,1
6047,1982-11-28,15:00,1,13,Regulier,2,1
6048,1982-11-28,15:00,30,322,Regulier,2,0
6049,1982-11-28,15:00,47,4451,Regulier,2,0
6050,1982-11-28,15:00,2300,54,Regulier,1,1
6051,1982-11-28,15:00,4,282,Regulier,1,3
6052,1982-11-28,15:00,12,16,Regulier,3,1
6053,1982-11-28,15:00,19,3,Regulier,1,1
6054,1982-12-04,20:00,17,553,Regulier,2,7
6055,1982-12-04,20:00,322,7,Regulier,1,1
6056,1982-12-04,20:00,13,4,Regulier,0,0
6057,1982-12-04,20:00,35,19,Regulier,2,2
6058,1982-12-05,15:00,16,47,Regulier,3,2
6059,1982-12-05,15:00,282,12,Regulier,0,0
6060,1982-12-05,15:00,3,2300,Regulier,3,0
6061,1982-12-05,15:00,54,1,Regulier,0,1
6062,1982-12-05,15:00,4451,30,Regulier,2,2
6063,1982-12-19,15:00,1,35,Regulier,1,3
6064,1982-12-19,15:00,4,3,Regulier,2,2
6065,1982-12-19,15:00,2300,17,Regulier,3,3
6066,1982-12-19,15:00,30,282,Regulier,1,0
6067,1982-12-19,15:00,12,54,Regulier,3,1
6068,1982-12-19,15:00,47,13,Regulier,0,0
6069,1982-12-19,15:00,7,4451,Regulier,0,0
6070,1982-12-19,15:00,19,553,Regulier,2,0
6071,1982-12-19,18:00,322,16,Regulier,1,1
6072,1983-01-15,20:00,322,35,Regulier,1,2
6073,1983-01-15,20:00,16,54,Regulier,3,1
6074,1983-01-16,15:00,282,13,Regulier,1,3
6075,1983-01-16,15:00,30,17,Regulier,3,1
6076,1983-01-16,15:00,4,2300,Regulier,1,1
6077,1983-01-16,15:00,12,19,Regulier,1,0
6078,1983-01-16,15:00,1,7,Regulier,5,1
6079,1983-01-16,15:00,4451,3,Regulier,2,3
6080,1983-01-16,15:00,47,553,Regulier,2,0
6081,1983-01-22,20:00,553,12,Regulier,1,3
6082,1983-01-22,20:00,13,16,Regulier,0,0
6083,1983-01-22,20:00,35,30,Regulier,2,0
6084,1983-01-22,20:00,17,47,Regulier,1,1
6085,1983-01-23,15:00,54,4451,Regulier,3,2
6086,1983-01-23,15:00,3,322,Regulier,3,1
6087,1983-01-23,15:00,19,4,Regulier,1,1
6088,1983-01-23,15:00,2300,1,Regulier,1,2
6089,1983-01-23,15:00,7,282,Regulier,2,1
6090,1983-01-29,20:00,4,7,Regulier,1,0
6091,1983-01-29,20:00,13,54,Regulier,1,1
6092,1983-01-29,20:00,322,553,Regulier,2,3
6093,1983-01-30,15:00,16,35,Regulier,1,1
6094,1983-01-30,15:00,282,3,Regulier,2,0
6095,1983-01-30,15:00,12,1,Regulier,0,2
6096,1983-01-30,15:00,4451,17,Regulier,4,1
6097,1983-01-30,15:00,47,2300,Regulier,0,1
6098,1983-01-30,15:00,30,19,Regulier,0,1
6099,1983-02-05,20:00,553,30,Regulier,3,0
6100,1983-02-05,20:00,35,4451,Regulier,4,1
6101,1983-02-06,15:00,3,16,Regulier,0,1
6102,1983-02-06,15:00,1,4,Regulier,3,0
6103,1983-02-06,15:00,19,47,Regulier,1,1
6104,1983-02-06,15:00,2300,12,Regulier,3,0
6105,1983-02-06,15:00,54,282,Regulier,0,1
6106,1983-02-06,15:00,7,13,Regulier,2,1
6107,1983-02-06,15:00,17,322,Regulier,0,0
6108,1983-02-12,20:00,54,3,Regulier,2,3
6109,1983-02-12,20:00,13,35,Regulier,1,4
6110,1983-02-12,20:00,322,2300,Regulier,0,3
6111,1983-02-13,15:00,282,17,Regulier,2,2
6112,1983-02-13,15:00,47,4,Regulier,1,1
6113,1983-02-13,15:00,4451,19,Regulier,1,2
6114,1983-02-13,15:00,30,1,Regulier,0,2
6115,1983-02-13,15:00,12,7,Regulier,1,1
6116,1983-02-13,15:00,16,553,Regulier,2,2
6117,1983-02-19,20:00,4,12,Regulier,2,1
6118,1983-02-19,20:00,553,4451,Regulier,1,0
6119,1983-02-19,20:00,35,282,Regulier,1,0
6120,1983-02-19,20:00,7,54,Regulier,3,0
6121,1983-02-20,15:00,19,322,Regulier,5,0
6122,1983-02-20,15:00,3,13,Regulier,1,0
6123,1983-02-20,15:00,1,47,Regulier,2,0
6124,1983-02-20,15:00,2300,30,Regulier,2,2
6125,1983-02-20,15:00,17,16,Regulier,0,4
6126,1983-03-05,20:00,322,1,Regulier,0,3
6127,1983-03-05,20:00,13,17,Regulier,3,0
6128,1983-03-05,20:00,30,4,Regulier,1,0
6129,1983-03-06,15:00,47,12,Regulier,2,0
6130,1983-03-06,15:00,4451,2300,Regulier,2,0
6131,1983-03-06,15:00,3,7,Regulier,2,2
6132,1983-03-06,15:00,16,19,Regulier,2,1
6133,1983-03-06,15:00,282,553,Regulier,3,0
6134,1983-03-06,15:00,54,35,Regulier,1,1
6135,1983-03-12,20:00,35,3,Regulier,5,2
6136,1983-03-12,20:00,553,13,Regulier,1,0
6137,1983-03-12,20:00,17,54,Regulier,3,0
6138,1983-03-13,15:00,19,282,Regulier,0,3
6139,1983-03-13,15:00,7,47,Regulier,2,0
6140,1983-03-13,15:00,4,322,Regulier,1,1
6141,1983-03-13,15:00,2300,16,Regulier,4,1
6142,1983-03-13,15:00,12,30,Regulier,1,1
6143,1983-03-13,15:00,1,4451,Regulier,3,1
6144,1983-03-19,20:00,35,17,Regulier,4,0
6145,1983-03-19,20:00,13,2300,Regulier,2,3
6146,1983-03-19,20:00,282,1,Regulier,1,1
6147,1983-03-19,20:00,30,7,Regulier,1,2
6148,1983-03-19,20:00,322,47,Regulier,1,1
6149,1983-03-20,15:00,54,19,Regulier,2,0
6150,1983-03-20,15:00,4451,12,Regulier,1,1
6151,1983-03-20,15:00,3,553,Regulier,2,2
6152,1983-03-20,15:00,16,4,Regulier,1,0
6153,1983-03-31,20:00,47,30,Regulier,2,0
6154,1983-04-01,20:00,553,54,Regulier,2,0
6155,1983-04-02,20:00,2300,282,Regulier,2,1
6156,1983-04-02,20:00,17,3,Regulier,1,2
6157,1983-04-02,20:00,7,35,Regulier,2,1
6158,1983-04-03,15:00,1,16,Regulier,0,2
6159,1983-04-03,15:00,12,322,Regulier,2,2
6160,1983-04-03,20:00,4,4451,Regulier,3,0
6161,1983-04-03,20:00,19,13,Regulier,1,3
6162,1983-04-09,20:00,4451,47,Regulier,0,0
6163,1983-04-09,20:00,3,19,Regulier,2,1
6164,1983-04-09,20:00,322,30,Regulier,3,1
6165,1983-04-09,20:00,35,553,Regulier,4,0
6166,1983-04-09,20:00,13,1,Regulier,0,1
6167,1983-04-09,20:00,17,7,Regulier,3,0
6168,1983-04-10,15:00,16,12,Regulier,6,1
6169,1983-04-10,15:00,54,2300,Regulier,0,2
6170,1983-04-10,15:00,282,4,Regulier,0,2
6171,1983-04-15,20:00,553,17,Regulier,0,3
6172,1983-04-16,20:00,2300,3,Regulier,4,0
6173,1983-04-16,20:00,4,13,Regulier,3,1
6174,1983-04-16,20:00,19,35,Regulier,1,5
6175,1983-04-16,20:00,1,54,Regulier,2,1
6176,1983-04-16,20:00,7,322,Regulier,2,1
6177,1983-04-16,20:00,30,4451,Regulier,1,1
6178,1983-04-17,15:00,12,282,Regulier,3,0
6179,1983-04-17,15:00,47,16,Regulier,0,2
6180,1983-04-30,20:00,35,1,Regulier,2,1
6181,1983-04-30,20:00,54,12,Regulier,0,0
6182,1983-04-30,20:00,13,47,Regulier,1,1
6183,1983-04-30,20:00,3,4,Regulier,3,1
6184,1983-04-30,20:00,17,2300,Regulier,3,1
6185,1983-04-30,20:00,553,19,Regulier,3,1
6186,1983-05-01,15:00,4451,7,Regulier,1,2
6187,1983-05-01,15:00,16,322,Regulier,3,0
6188,1983-05-01,15:00,282,30,Regulier,1,2
6189,1983-05-07,20:00,322,4451,Regulier,0,0
6190,1983-05-07,20:00,30,16,Regulier,0,1
6191,1983-05-07,20:00,1,3,Regulier,6,0
6192,1983-05-08,15:00,19,17,Regulier,3,1
6193,1983-05-08,15:00,12,13,Regulier,2,2
6194,1983-05-08,15:00,7,553,Regulier,4,2
6195,1983-05-08,15:00,4,54,Regulier,2,1
6196,1983-05-08,15:00,47,282,Regulier,0,0
6197,1983-05-08,19:30,2300,35,Regulier,0,0
6198,1983-05-14,20:00,17,1,Regulier,1,0
6199,1983-05-14,20:00,553,2300,Regulier,0,2
6200,1983-05-14,20:00,3,12,Regulier,1,1
6201,1983-05-14,20:00,35,4,Regulier,1,2
6202,1983-05-14,20:00,13,30,Regulier,0,2
6203,1983-05-15,15:00,16,4451,Regulier,2,0
6204,1983-05-15,15:00,54,47,Regulier,2,1
6205,1983-05-15,15:00,19,7,Regulier,1,3
6206,1983-05-15,15:00,282,322,Regulier,2,1
6207,1983-05-23,20:00,2300,7,Regulier,1,3
6208,1983-05-23,20:00,4451,13,Regulier,2,0
6209,1983-05-23,20:00,16,282,Regulier,3,0
6210,1983-05-23,20:00,1,19,Regulier,3,0
6211,1983-05-23,20:00,47,35,Regulier,0,2
6212,1983-05-23,20:00,12,17,Regulier,0,0
6213,1983-05-23,20:00,4,553,Regulier,3,1
6214,1983-05-23,20:00,30,3,Regulier,1,2
6215,1983-05-23,20:00,322,54,Regulier,2,4
6216,1983-05-27,20:00,282,4451,Regulier,2,2
6217,1983-05-27,20:00,13,322,Regulier,2,3
6218,1983-05-27,20:00,3,47,Regulier,5,1
6219,1983-05-27,20:00,54,30,Regulier,4,1
6220,1983-05-27,20:00,553,1,Regulier,0,0
6221,1983-05-27,20:00,7,16,Regulier,3,1
6222,1983-05-27,20:00,19,2300,Regulier,2,1
6223,1983-05-27,20:00,35,12,Regulier,0,0
6224,1983-05-27,20:00,17,4,Regulier,3,0
6225,1983-08-17,20:00,7,16,Regulier,0,2
6226,1983-08-17,20:00,282,522,Regulier,4,1
6227,1983-08-17,20:00,4451,25,Regulier,1,1
6228,1983-08-17,20:00,4,17,Regulier,0,1
6229,1983-08-17,20:00,47,1,Regulier,0,0
6230,1983-08-17,20:00,13,35,Regulier,2,1
6231,1983-08-17,20:00,12,2300,Regulier,0,1
6232,1983-08-17,20:00,30,19,Regulier,0,1
6233,1983-08-17,20:00,553,3,Regulier,1,1
6234,1983-08-21,20:00,25,282,Regulier,1,1
6235,1983-08-21,20:00,2300,553,Regulier,2,2
6236,1983-08-21,20:00,35,7,Regulier,2,1
6237,1983-08-21,20:00,19,13,Regulier,1,1
6238,1983-08-21,20:00,17,30,Regulier,3,0
6239,1983-08-21,20:00,1,4451,Regulier,1,0
6240,1983-08-21,20:00,3,4,Regulier,2,1
6241,1983-08-21,20:00,522,12,Regulier,0,1
6242,1983-08-21,20:00,16,47,Regulier,3,0
6243,1983-08-31,20:00,553,19,Regulier,3,0
6244,1983-08-31,20:00,12,17,Regulier,2,2
6245,1983-08-31,20:00,4451,2300,Regulier,0,1
6246,1983-08-31,20:00,47,522,Regulier,2,0
6247,1983-08-31,20:00,282,3,Regulier,1,0
6248,1983-08-31,20:00,16,25,Regulier,0,0
6249,1983-08-31,20:00,30,13,Regulier,5,0
6250,1983-08-31,20:00,4,35,Regulier,2,2
6251,1983-08-31,20:00,1,7,Regulier,4,2
6252,1983-09-04,18:00,7,47,Regulier,0,0
6253,1983-09-04,19:00,12,25,Regulier,2,0
6254,1983-09-04,20:00,35,19,Regulier,1,0
6255,1983-09-04,20:00,4,2300,Regulier,2,3
6256,1983-09-04,20:00,4451,16,Regulier,2,1
6257,1983-09-04,20:00,282,1,Regulier,1,0
6258,1983-09-04,20:00,13,17,Regulier,2,1
6259,1983-09-04,20:00,30,3,Regulier,0,3
6260,1983-09-04,20:00,553,522,Regulier,3,1
6261,1983-09-07,20:00,19,4,Regulier,4,0
6262,1983-09-07,20:00,522,4451,Regulier,0,0
6263,1983-09-07,20:00,35,30,Regulier,2,0
6264,1983-09-07,20:00,3,12,Regulier,1,0
6265,1983-09-07,20:00,2300,282,Regulier,1,0
6266,1983-09-07,20:00,17,553,Regulier,2,1
6267,1983-09-07,20:00,25,47,Regulier,3,3
6268,1983-09-07,20:00,1,16,Regulier,2,0
6269,1983-09-07,20:00,7,13,Regulier,4,1
6270,1983-09-11,15:00,47,4451,Regulier,2,3
6271,1983-09-11,15:00,19,7,Regulier,0,3
6272,1983-09-11,15:00,3,13,Regulier,1,1
6273,1983-09-11,16:00,17,35,Regulier,1,1
6274,1983-09-11,20:00,16,282,Regulier,1,1
6275,1983-09-11,20:00,25,553,Regulier,2,1
6276,1983-09-11,20:00,2300,30,Regulier,1,0
6277,1983-09-11,20:00,522,4,Regulier,1,1
6278,1983-09-11,20:00,1,12,Regulier,0,1
6279,1983-09-18,15:00,553,1,Regulier,2,2
6280,1983-09-18,15:00,19,17,Regulier,0,2
6281,1983-09-18,15:00,282,47,Regulier,3,1
6282,1983-09-18,15:00,12,16,Regulier,2,3
6283,1983-09-18,15:00,4,25,Regulier,0,1
6284,1983-09-18,15:00,13,2300,Regulier,2,2
6285,1983-09-18,15:00,7,4451,Regulier,0,1
6286,1983-09-18,20:00,35,3,Regulier,6,1
6287,1983-09-18,20:00,30,522,Regulier,3,2
6288,1983-09-25,15:00,47,12,Regulier,0,1
6289,1983-09-25,15:00,4451,282,Regulier,3,0
6290,1983-09-25,15:00,3,19,Regulier,2,2
6291,1983-09-25,20:00,522,13,Regulier,3,2
6292,1983-09-25,20:00,17,7,Regulier,3,0
6293,1983-09-25,20:00,25,30,Regulier,4,1
6294,1983-09-25,20:00,2300,35,Regulier,2,1
6295,1983-09-25,20:00,16,553,Regulier,3,0
6296,1983-09-25,20:00,1,4,Regulier,4,0
6297,1983-10-02,15:00,30,1,Regulier,4,1
6298,1983-10-02,15:00,7,282,Regulier,1,0
6299,1983-10-02,15:00,12,4451,Regulier,1,0
6300,1983-10-02,15:00,19,2300,Regulier,1,1
6301,1983-10-02,15:00,4,16,Regulier,1,0
6302,1983-10-02,20:00,553,47,Regulier,1,1
6303,1983-10-02,20:00,13,25,Regulier,2,2
6304,1983-10-02,20:00,17,3,Regulier,2,1
6305,1983-10-02,20:00,35,522,Regulier,6,1
6306,1983-10-15,20:00,25,35,Regulier,1,1
6307,1983-10-15,20:00,1,13,Regulier,0,1
6308,1983-10-15,20:00,2300,17,Regulier,2,1
6309,1983-10-15,20:00,522,19,Regulier,1,0
6310,1983-10-16,15:00,47,4,Regulier,1,2
6311,1983-10-16,15:00,4451,553,Regulier,0,1
6312,1983-10-16,15:00,3,7,Regulier,1,1
6313,1983-10-16,15:00,16,30,Regulier,0,0
6314,1983-10-16,15:00,282,12,Regulier,0,1
6315,1983-10-22,20:00,17,522,Regulier,4,1
6316,1983-10-22,20:00,35,1,Regulier,2,2
6317,1983-10-22,20:00,553,282,Regulier,3,0
6318,1983-10-23,15:00,3,2300,Regulier,3,3
6319,1983-10-23,15:00,13,16,Regulier,2,2
6320,1983-10-23,15:00,4,4451,Regulier,0,2
6321,1983-10-23,15:00,19,25,Regulier,1,1
6322,1983-10-23,15:00,30,47,Regulier,2,0
6323,1983-10-23,15:00,7,12,Regulier,1,1
6324,1983-11-12,20:00,25,17,Regulier,2,2
6325,1983-11-12,20:00,2300,7,Regulier,3,1
6326,1983-11-13,15:00,4451,30,Regulier,6,2
6327,1983-11-13,15:00,282,4,Regulier,1,3
6328,1983-11-13,15:00,47,13,Regulier,0,0
6329,1983-11-13,15:00,522,3,Regulier,0,3
6330,1983-11-13,15:00,12,553,Regulier,0,1
6331,1983-11-13,15:00,1,19,Regulier,2,0
6332,1983-11-13,15:00,16,35,Regulier,2,3
6333,1983-11-19,20:00,35,47,Regulier,2,1
6334,1983-11-19,20:00,17,1,Regulier,3,1
6335,1983-11-19,20:00,13,4451,Regulier,0,0
6336,1983-11-19,20:00,2300,522,Regulier,4,1
6337,1983-11-20,15:00,30,282,Regulier,0,0
6338,1983-11-20,15:00,3,25,Regulier,4,0
6339,1983-11-20,15:00,4,12,Regulier,1,1
6340,1983-11-20,15:00,19,16,Regulier,2,0
6341,1983-11-20,15:00,7,553,Regulier,1,3
6342,1983-11-26,20:00,25,2300,Regulier,0,2
6343,1983-11-26,20:00,553,4,Regulier,0,1
6344,1983-11-27,15:00,522,7,Regulier,3,1
6345,1983-11-27,15:00,47,19,Regulier,2,2
6346,1983-11-27,15:00,4451,35,Regulier,2,2
6347,1983-11-27,15:00,1,3,Regulier,0,0
6348,1983-11-27,15:00,12,30,Regulier,1,2
6349,1983-11-27,15:00,282,13,Regulier,3,2
6350,1983-11-27,15:00,16,17,Regulier,2,1
6351,1983-12-03,20:00,17,47,Regulier,2,2
6352,1983-12-03,20:00,522,25,Regulier,0,0
6353,1983-12-03,20:00,13,12,Regulier,0,3
6354,1983-12-03,20:00,35,282,Regulier,4,2
6355,1983-12-04,15:00,30,553,Regulier,4,1
6356,1983-12-04,15:00,19,4451,Regulier,2,2
6357,1983-12-04,15:00,2300,1,Regulier,2,1
6358,1983-12-04,15:00,3,16,Regulier,0,0
6359,1983-12-04,15:00,7,4,Regulier,0,2
6360,1983-12-10,20:00,553,13,Regulier,2,2
6361,1983-12-10,20:00,4,30,Regulier,0,0
6362,1983-12-11,15:00,1,522,Regulier,1,1
6363,1983-12-11,15:00,282,19,Regulier,1,1
6364,1983-12-11,15:00,4451,17,Regulier,1,3
6365,1983-12-11,15:00,47,3,Regulier,1,2
6366,1983-12-11,15:00,16,2300,Regulier,2,1
6367,1983-12-11,15:00,25,7,Regulier,2,1
6368,1983-12-11,15:00,12,35,Regulier,2,1
6369,1983-12-16,20:00,35,553,Regulier,4,1
6370,1983-12-17,20:00,13,4,Regulier,1,1
6371,1983-12-17,20:00,522,16,Regulier,1,3
6372,1983-12-17,20:00,25,1,Regulier,1,1
6373,1983-12-18,15:00,19,12,Regulier,2,1
6374,1983-12-18,15:00,7,30,Regulier,2,0
6375,1983-12-18,15:00,17,282,Regulier,2,0
6376,1983-12-18,15:00,3,4451,Regulier,1,2
6377,1983-12-18,15:00,2300,47,Regulier,3,0
6378,1984-01-14,20:00,17,13,Regulier,3,0
6379,1984-01-14,20:00,25,12,Regulier,1,0
6380,1984-01-14,20:00,522,553,Regulier,1,0
6381,1984-01-15,15:00,1,282,Regulier,2,2
6382,1984-01-15,15:00,16,4451,Regulier,5,3
6383,1984-01-15,15:00,47,7,Regulier,0,0
6384,1984-01-15,15:00,19,35,Regulier,2,1
6385,1984-01-15,15:00,2300,4,Regulier,2,0
6386,1984-01-15,15:00,3,30,Regulier,4,0
6387,1984-01-21,20:00,35,17,Regulier,2,1
6388,1984-01-21,20:00,553,25,Regulier,1,0
6389,1984-01-21,20:00,13,3,Regulier,1,4
6390,1984-01-21,20:00,7,19,Regulier,0,1
6391,1984-01-22,15:00,12,1,Regulier,2,2
6392,1984-01-22,15:00,282,16,Regulier,0,1
6393,1984-01-22,15:00,30,2300,Regulier,1,2
6394,1984-01-22,15:00,4451,47,Regulier,0,2
6395,1984-01-22,20:00,4,522,Regulier,3,0
6396,1984-01-28,20:00,25,4,Regulier,1,0
6397,1984-01-28,20:00,17,19,Regulier,2,0
6398,1984-01-29,15:00,16,12,Regulier,2,0
6399,1984-01-29,15:00,3,35,Regulier,1,1
6400,1984-01-29,15:00,4451,7,Regulier,2,1
6401,1984-01-29,15:00,1,553,Regulier,4,2
6402,1984-01-29,15:00,2300,13,Regulier,3,2
6403,1984-01-29,15:00,47,282,Regulier,2,0
6404,1984-01-29,15:00,522,30,Regulier,2,1
6405,1984-02-04,20:00,13,522,Regulier,4,0
6406,1984-02-04,20:00,282,4451,Regulier,1,0
6407,1984-02-04,20:00,7,17,Regulier,1,2
6408,1984-02-04,20:00,35,2300,Regulier,2,2
6409,1984-02-04,20:00,30,25,Regulier,1,3
6410,1984-02-04,20:00,553,16,Regulier,0,2
6411,1984-02-05,15:00,12,47,Regulier,2,0
6412,1984-02-05,15:00,19,3,Regulier,0,1
6413,1984-02-05,15:00,4,1,Regulier,1,3
6414,1984-02-11,20:00,25,13,Regulier,0,1
6415,1984-02-12,15:00,2300,19,Regulier,2,1
6416,1984-02-12,15:00,522,35,Regulier,0,1
6417,1984-02-12,15:00,47,553,Regulier,0,0
6418,1984-02-12,15:00,4451,12,Regulier,2,1
6419,1984-02-12,15:00,282,7,Regulier,2,1
6420,1984-02-12,15:00,1,30,Regulier,3,0
6421,1984-02-12,15:00,3,17,Regulier,3,1
6422,1984-02-12,15:00,16,4,Regulier,0,2
6423,1984-02-18,20:00,553,4451,Regulier,1,0
6424,1984-02-18,20:00,4,47,Regulier,0,0
6425,1984-02-18,20:00,13,1,Regulier,1,4
6426,1984-02-18,20:00,35,25,Regulier,5,1
6427,1984-02-19,15:00,12,282,Regulier,0,0
6428,1984-02-19,15:00,17,2300,Regulier,1,1
6429,1984-02-19,15:00,30,16,Regulier,2,1
6430,1984-02-19,15:00,7,3,Regulier,1,0
6431,1984-02-19,15:00,19,522,Regulier,1,0
6432,1984-03-03,20:00,1,35,Regulier,0,3
6433,1984-03-03,20:00,25,19,Regulier,2,1
6434,1984-03-04,15:00,47,30,Regulier,4,0
6435,1984-03-04,15:00,2300,3,Regulier,1,2
6436,1984-03-04,15:00,282,553,Regulier,3,1
6437,1984-03-04,15:00,522,17,Regulier,2,0
6438,1984-03-04,15:00,12,7,Regulier,1,1
6439,1984-03-04,15:00,4451,4,Regulier,5,2
6440,1984-03-04,15:00,16,13,Regulier,5,1
6441,1984-03-10,20:00,30,4451,Regulier,2,2
6442,1984-03-10,20:00,4,282,Regulier,4,2
6443,1984-03-10,20:00,13,47,Regulier,1,0
6444,1984-03-10,20:00,7,2300,Regulier,1,0
6445,1984-03-11,15:00,19,1,Regulier,0,0
6446,1984-03-11,15:00,3,522,Regulier,4,1
6447,1984-03-11,15:00,35,16,Regulier,1,3
6448,1984-03-11,15:00,17,25,Regulier,3,2
6449,1984-03-11,20:00,553,12,Regulier,1,0
6450,1984-03-17,20:00,12,4,Regulier,1,0
6451,1984-03-17,20:00,47,35,Regulier,0,2
6452,1984-03-18,15:00,25,3,Regulier,4,0
6453,1984-03-18,15:00,282,30,Regulier,2,2
6454,1984-03-18,15:00,522,2300,Regulier,2,0
6455,1984-03-18,15:00,1,17,Regulier,3,1
6456,1984-03-18,15:00,16,19,Regulier,0,3
6457,1984-03-18,15:00,4451,13,Regulier,4,2
6458,1984-03-18,15:00,553,7,Regulier,1,2
6459,1984-03-24,20:00,4,553,Regulier,0,1
6460,1984-03-24,20:00,2300,25,Regulier,1,1
6461,1984-03-24,20:00,7,522,Regulier,1,1
6462,1984-03-24,20:00,13,282,Regulier,1,4
6463,1984-03-25,15:00,19,47,Regulier,2,1
6464,1984-03-25,15:00,30,12,Regulier,1,0
6465,1984-03-25,15:00,3,1,Regulier,5,0
6466,1984-03-25,15:00,35,4451,Regulier,3,0
6467,1984-03-25,15:00,17,16,Regulier,4,5
6468,1984-03-31,20:00,282,35,Regulier,0,1
6469,1984-03-31,20:00,25,522,Regulier,1,1
6470,1984-03-31,20:00,4,7,Regulier,1,4
6471,1984-03-31,20:00,4451,19,Regulier,1,0
6472,1984-03-31,20:00,553,30,Regulier,3,1
6473,1984-04-01,15:00,12,13,Regulier,2,2
6474,1984-04-01,15:00,47,17,Regulier,2,0
6475,1984-04-01,15:00,16,3,Regulier,2,2
6476,1984-04-01,15:00,1,2300,Regulier,0,1
6477,1984-04-06,20:00,35,12,Regulier,7,0
6478,1984-04-07,20:00,19,282,Regulier,0,3
6479,1984-04-07,20:00,17,4451,Regulier,1,4
6480,1984-04-07,20:00,2300,16,Regulier,2,0
6481,1984-04-07,20:00,522,1,Regulier,0,3
6482,1984-04-07,20:00,30,4,Regulier,1,1
6483,1984-04-07,20:00,13,553,Regulier,1,2
6484,1984-04-08,15:00,3,47,Regulier,6,1
6485,1984-04-08,15:00,7,25,Regulier,2,1
6486,1984-04-14,20:00,30,7,Regulier,0,0
6487,1984-04-14,20:00,16,522,Regulier,2,0
6488,1984-04-15,15:00,4451,3,Regulier,1,1
6489,1984-04-15,15:00,4,13,Regulier,1,1
6490,1984-04-15,15:00,282,17,Regulier,2,0
6491,1984-04-15,15:00,12,19,Regulier,3,1
6492,1984-04-15,15:00,47,2300,Regulier,2,0
6493,1984-04-15,15:00,1,25,Regulier,1,1
6494,1984-04-15,19:00,553,35,Regulier,1,0
6495,1984-04-20,20:00,17,12,Regulier,3,1
6496,1984-04-21,20:00,35,4,Regulier,3,1
6497,1984-04-21,20:00,13,30,Regulier,1,2
6498,1984-04-21,20:00,19,553,Regulier,3,2
6499,1984-04-21,20:00,2300,4451,Regulier,2,0
6500,1984-04-21,20:00,7,1,Regulier,2,0
6501,1984-04-21,20:00,522,47,Regulier,3,1
6502,1984-04-22,15:00,25,16,Regulier,2,0
6503,1984-04-22,15:00,3,282,Regulier,4,0
6504,1984-04-28,15:00,47,25,Regulier,1,3
6505,1984-04-28,15:00,12,3,Regulier,0,5
6506,1984-04-28,15:00,282,2300,Regulier,0,2
6507,1984-04-28,15:00,30,35,Regulier,2,1
6508,1984-04-28,15:00,16,1,Regulier,2,1
6509,1984-04-28,20:00,553,17,Regulier,1,1
6510,1984-04-28,20:00,4451,522,Regulier,0,0
6511,1984-04-28,20:00,4,19,Regulier,2,0
6512,1984-04-28,20:00,13,7,Regulier,0,0
6513,1984-05-12,20:00,1,47,Regulier,0,0
6514,1984-05-12,20:00,3,553,Regulier,4,1
6515,1984-05-12,20:00,2300,12,Regulier,2,0
6516,1984-05-12,20:00,16,7,Regulier,1,0
6517,1984-05-12,20:00,522,282,Regulier,1,2
6518,1984-05-12,20:00,17,4,Regulier,2,2
6519,1984-05-12,20:00,25,4451,Regulier,0,0
6520,1984-05-12,20:00,19,30,Regulier,0,0
6521,1984-05-12,20:00,35,13,Regulier,4,1
6522,1984-05-19,20:00,30,17,Regulier,2,2
6523,1984-05-19,20:00,7,35,Regulier,1,2
6524,1984-05-19,20:00,553,2300,Regulier,1,2
6525,1984-05-19,20:00,12,522,Regulier,3,1
6526,1984-05-19,20:00,13,19,Regulier,2,0
6527,1984-05-19,20:00,282,25,Regulier,2,3
6528,1984-05-19,20:00,4,3,Regulier,3,1
6529,1984-05-19,20:00,4451,1,Regulier,1,2
6530,1984-05-19,20:00,47,16,Regulier,3,0
6531,1984-08-22,20:00,12,4,Regulier,0,0
6532,1984-08-22,20:00,2300,13,Regulier,3,1
6533,1984-08-22,20:00,1,221,Regulier,2,2
6534,1984-08-22,20:00,282,25,Regulier,1,1
6535,1984-08-22,20:00,17,7,Regulier,3,3
6536,1984-08-22,20:00,16,4451,Regulier,3,2
6537,1984-08-22,20:00,30,3,Regulier,0,2
6538,1984-08-22,20:00,19,553,Regulier,0,0
6539,1984-08-22,20:00,4549,35,Regulier,2,9
6540,1984-08-29,20:00,221,19,Regulier,3,0
6541,1984-08-29,20:00,7,4549,Regulier,4,1
6542,1984-08-29,20:00,3,1,Regulier,0,0
6543,1984-08-29,20:00,35,282,Regulier,7,1
6544,1984-08-29,20:00,13,12,Regulier,2,2
6545,1984-08-29,20:00,4,30,Regulier,3,1
6546,1984-08-29,20:00,25,16,Regulier,1,1
6547,1984-08-29,20:00,553,17,Regulier,1,1
6548,1984-08-29,20:00,4451,2300,Regulier,0,3
6549,1984-09-02,18:00,17,221,Regulier,1,0
6550,1984-09-02,20:00,30,13,Regulier,3,0
6551,1984-09-02,20:00,16,35,Regulier,2,2
6552,1984-09-02,20:00,2300,25,Regulier,1,1
6553,1984-09-02,20:00,7,553,Regulier,4,0
6554,1984-09-02,20:00,4549,282,Regulier,1,2
6555,1984-09-02,20:00,12,4451,Regulier,0,1
6556,1984-09-02,20:00,1,4,Regulier,2,1
6557,1984-09-02,20:00,19,3,Regulier,1,2
6558,1984-09-09,15:00,4,19,Regulier,2,2
6559,1984-09-09,15:00,282,16,Regulier,2,1
6560,1984-09-09,15:00,221,7,Regulier,0,0
6561,1984-09-09,15:00,3,17,Regulier,2,2
6562,1984-09-09,15:00,4451,30,Regulier,2,0
6563,1984-09-09,20:00,25,12,Regulier,2,2
6564,1984-09-09,20:00,553,4549,Regulier,0,0
6565,1984-09-09,20:00,13,1,Regulier,2,0
6566,1984-09-09,20:00,35,2300,Regulier,2,1
6567,1984-09-16,15:00,19,13,Regulier,4,1
6568,1984-09-16,15:00,1,4451,Regulier,2,4
6569,1984-09-16,20:00,4549,16,Regulier,1,2
6570,1984-09-16,20:00,7,3,Regulier,4,1
6571,1984-09-16,20:00,17,4,Regulier,0,2
6572,1984-09-16,20:00,553,221,Regulier,0,0
6573,1984-09-16,20:00,2300,282,Regulier,2,0
6574,1984-09-16,20:00,12,35,Regulier,0,0
6575,1984-09-16,20:00,30,25,Regulier,0,5
6576,1984-09-23,15:00,3,553,Regulier,2,1
6577,1984-09-23,15:00,221,4549,Regulier,2,1
6578,1984-09-23,15:00,282,12,Regulier,3,1
6579,1984-09-23,15:00,16,2300,Regulier,2,4
6580,1984-09-23,15:00,4451,19,Regulier,2,2
6581,1984-09-23,20:00,4,7,Regulier,1,1
6582,1984-09-23,20:00,35,30,Regulier,4,0
6583,1984-09-23,20:00,13,17,Regulier,2,1
6584,1984-09-23,20:00,25,1,Regulier,0,0
6585,1984-09-30,15:00,19,25,Regulier,2,1
6586,1984-09-30,15:00,12,16,Regulier,2,1
6587,1984-09-30,20:00,7,13,Regulier,3,1
6588,1984-09-30,20:00,17,4451,Regulier,1,0
6589,1984-09-30,20:00,553,4,Regulier,1,1
6590,1984-09-30,20:00,221,3,Regulier,1,2
6591,1984-09-30,20:00,30,282,Regulier,0,4
6592,1984-09-30,20:00,1,35,Regulier,1,1
6593,1984-09-30,20:00,4549,2300,Regulier,1,0
6594,1984-10-07,15:00,16,30,Regulier,0,0
6595,1984-10-07,15:00,3,4549,Regulier,3,0
6596,1984-10-07,15:00,282,1,Regulier,0,3
6597,1984-10-07,15:00,4451,7,Regulier,2,1
6598,1984-10-07,20:00,4,221,Regulier,5,2
6599,1984-10-07,20:00,25,17,Regulier,1,2
6600,1984-10-07,20:00,13,553,Regulier,0,0
6601,1984-10-07,20:00,2300,12,Regulier,1,2
6602,1984-10-07,20:00,35,19,Regulier,1,0
6603,1984-10-14,20:00,19,282,Regulier,3,0
6604,1984-10-14,20:00,4549,12,Regulier,1,4
6605,1984-10-14,20:00,553,4451,Regulier,0,1
6606,1984-10-14,20:00,7,25,Regulier,6,0
6607,1984-10-14,20:00,1,16,Regulier,2,1
6608,1984-10-14,20:00,3,4,Regulier,0,0
6609,1984-10-14,20:00,30,2300,Regulier,1,0
6610,1984-10-14,20:00,221,13,Regulier,1,0
6611,1984-10-14,20:00,17,35,Regulier,2,4
6612,1984-10-20,20:00,13,3,Regulier,6,2
6613,1984-10-20,20:00,35,7,Regulier,5,1
6614,1984-10-20,20:00,25,553,Regulier,1,0
6615,1984-10-20,20:00,2300,1,Regulier,4,0
6616,1984-10-20,20:00,16,19,Regulier,1,0
6617,1984-10-21,15:00,4,4549,Regulier,4,2
6618,1984-10-21,15:00,12,30,Regulier,0,0
6619,1984-10-21,15:00,282,17,Regulier,1,1
6620,1984-10-21,15:00,4451,221,Regulier,7,1
6621,1984-10-27,20:00,4,13,Regulier,2,1
6622,1984-10-27,20:00,4549,30,Regulier,2,1
6623,1984-10-27,20:00,221,25,Regulier,0,1
6624,1984-10-28,15:00,3,4451,Regulier,1,2
6625,1984-10-28,15:00,553,35,Regulier,1,3
6626,1984-10-28,15:00,17,16,Regulier,0,3
6627,1984-10-28,15:00,1,12,Regulier,1,0
6628,1984-10-28,15:00,7,282,Regulier,2,3
6629,1984-10-28,15:00,19,2300,Regulier,1,6
6630,1984-11-03,15:00,25,3,Regulier,1,2
6631,1984-11-03,20:00,13,4549,Regulier,1,0
6632,1984-11-03,20:00,16,7,Regulier,2,0
6633,1984-11-03,20:00,2300,17,Regulier,2,2
6634,1984-11-03,20:00,35,221,Regulier,5,1
6635,1984-11-04,15:00,4451,4,Regulier,0,0
6636,1984-11-04,15:00,12,19,Regulier,0,1
6637,1984-11-04,15:00,30,1,Regulier,1,1
6638,1984-11-04,15:00,282,553,Regulier,3,0
6639,1984-11-10,20:00,13,4451,Regulier,1,3
6640,1984-11-10,20:00,17,12,Regulier,3,0
6641,1984-11-11,15:00,3,35,Regulier,0,0
6642,1984-11-11,15:00,19,30,Regulier,1,1
6643,1984-11-11,15:00,4,25,Regulier,7,0
6644,1984-11-11,15:00,7,2300,Regulier,2,1
6645,1984-11-11,15:00,4549,1,Regulier,2,2
6646,1984-11-11,15:00,221,282,Regulier,0,0
6647,1984-11-11,18:00,553,16,Regulier,1,0
6648,1984-11-17,20:00,1,19,Regulier,1,1
6649,1984-11-17,20:00,35,4,Regulier,3,0
6650,1984-11-17,20:00,2300,553,Regulier,3,0
6651,1984-11-17,20:00,30,17,Regulier,3,0
6652,1984-11-17,20:00,25,13,Regulier,4,4
6653,1984-11-18,15:00,4451,4549,Regulier,4,0
6654,1984-11-18,15:00,282,3,Regulier,2,3
6655,1984-11-18,15:00,16,221,Regulier,2,2
6656,1984-11-18,15:00,12,7,Regulier,0,1
6657,1984-11-24,20:00,553,12,Regulier,1,1
6658,1984-11-24,20:00,4549,19,Regulier,4,0
6659,1984-11-24,20:00,13,35,Regulier,0,2
6660,1984-11-24,20:00,17,1,Regulier,0,0
6661,1984-11-25,15:00,3,16,Regulier,1,0
6662,1984-11-25,15:00,7,30,Regulier,2,0
6663,1984-11-25,15:00,4451,25,Regulier,1,0
6664,1984-11-25,15:00,221,2300,Regulier,1,2
6665,1984-11-25,15:00,4,282,Regulier,2,0
6666,1984-12-01,20:00,25,4549,Regulier,1,0
6667,1984-12-01,20:00,30,553,Regulier,0,1
6668,1984-12-01,20:00,35,4451,Regulier,8,2
6669,1984-12-02,15:00,2300,3,Regulier,0,0
6670,1984-12-02,15:00,16,4,Regulier,2,0
6671,1984-12-02,15:00,282,13,Regulier,3,3
6672,1984-12-02,15:00,1,7,Regulier,1,3
6673,1984-12-02,15:00,12,221,Regulier,1,0
6674,1984-12-02,15:00,19,17,Regulier,3,0
6675,1984-12-08,20:00,25,35,Regulier,1,2
6676,1984-12-08,20:00,13,16,Regulier,1,0
6677,1984-12-08,20:00,553,1,Regulier,0,1
6678,1984-12-08,20:00,4549,17,Regulier,0,2
6679,1984-12-09,15:00,4,2300,Regulier,2,0
6680,1984-12-09,15:00,7,19,Regulier,4,0
6681,1984-12-09,15:00,221,30,Regulier,3,4
6682,1984-12-09,15:00,3,12,Regulier,6,1
6683,1984-12-09,15:00,4451,282,Regulier,3,1
6684,1985-01-26,20:00,25,30,Regulier,3,0
6685,1985-01-26,20:00,13,19,Regulier,1,4
6686,1985-01-26,20:00,35,12,Regulier,2,1
6687,1985-01-26,20:00,16,4549,Regulier,3,3
6688,1985-01-27,15:00,3,7,Regulier,0,0
6689,1985-01-27,15:00,221,553,Regulier,0,2
6690,1985-01-27,15:00,4451,1,Regulier,4,0
6691,1985-01-27,15:00,282,2300,Regulier,0,1
6692,1985-01-27,15:00,4,17,Regulier,1,0
6693,1985-02-02,20:00,30,35,Regulier,1,1
6694,1985-02-02,20:00,17,13,Regulier,4,0
6695,1985-02-03,15:00,12,282,Regulier,3,1
6696,1985-02-03,15:00,4549,221,Regulier,1,1
6697,1985-02-03,15:00,19,4451,Regulier,0,2
6698,1985-02-03,15:00,1,25,Regulier,2,1
6699,1985-02-03,15:00,2300,16,Regulier,0,0
6700,1985-02-03,15:00,7,4,Regulier,1,2
6701,1985-02-03,18:00,553,3,Regulier,4,1
6702,1985-02-23,20:00,25,7,Regulier,0,0
6703,1985-02-23,20:00,2300,30,Regulier,3,0
6704,1985-02-23,20:00,35,17,Regulier,6,0
6705,1985-02-23,20:00,12,4549,Regulier,2,0
6706,1985-02-23,20:00,13,221,Regulier,0,0
6707,1985-02-23,20:00,4451,553,Regulier,5,0
6708,1985-02-23,20:00,16,1,Regulier,1,1
6709,1985-02-24,15:00,4,3,Regulier,1,1
6710,1985-02-24,15:00,282,19,Regulier,4,0
6711,1985-03-02,20:00,221,17,Regulier,5,2
6712,1985-03-02,20:00,25,2300,Regulier,0,0
6713,1985-03-02,20:00,553,7,Regulier,3,3
6714,1985-03-02,20:00,4451,12,Regulier,1,1
6715,1985-03-02,20:00,35,16,Regulier,1,0
6716,1985-03-02,20:00,13,30,Regulier,0,1
6717,1985-03-03,15:00,282,4549,Regulier,3,0
6718,1985-03-03,15:00,4,1,Regulier,4,0
6719,1985-03-03,15:00,3,19,Regulier,4,1
6720,1985-03-09,20:00,553,25,Regulier,2,0
6721,1985-03-09,20:00,30,12,Regulier,0,2
6722,1985-03-09,20:00,17,282,Regulier,2,1
6723,1985-03-10,15:00,3,13,Regulier,3,1
6724,1985-03-10,15:00,1,2300,Regulier,0,0
6725,1985-03-10,15:00,4549,4,Regulier,1,2
6726,1985-03-10,15:00,19,16,Regulier,0,0
6727,1985-03-10,15:00,7,35,Regulier,0,1
6728,1985-03-10,15:00,221,4451,Regulier,1,2
6729,1985-03-16,20:00,2300,19,Regulier,5,0
6730,1985-03-16,20:00,25,221,Regulier,3,1
6731,1985-03-16,20:00,35,553,Regulier,1,0
6732,1985-03-16,20:00,30,4549,Regulier,1,1
6733,1985-03-16,20:00,13,4,Regulier,3,1
6734,1985-03-17,15:00,12,1,Regulier,0,2
6735,1985-03-17,15:00,4451,3,Regulier,1,1
6736,1985-03-17,15:00,16,17,Regulier,1,0
6737,1985-03-17,15:00,282,7,Regulier,0,0
6738,1985-03-30,20:00,2300,221,Regulier,4,0
6739,1985-03-30,20:00,35,13,Regulier,2,0
6740,1985-03-30,20:00,25,4451,Regulier,1,0
6741,1985-03-30,20:00,30,7,Regulier,1,0
6742,1985-03-31,15:00,19,4549,Regulier,3,1
6743,1985-03-31,15:00,282,4,Regulier,1,1
6744,1985-03-31,15:00,12,553,Regulier,0,0
6745,1985-03-31,15:00,1,17,Regulier,3,1
6746,1985-03-31,15:00,16,3,Regulier,0,4
6747,1985-04-03,20:00,221,35,Regulier,0,4
6748,1985-04-03,20:00,7,16,Regulier,1,1
6749,1985-04-03,20:00,553,282,Regulier,0,0
6750,1985-04-03,20:00,4,4451,Regulier,1,0
6751,1985-04-03,20:00,4549,13,Regulier,2,2
6752,1985-04-03,20:00,1,30,Regulier,1,1
6753,1985-04-03,20:00,17,2300,Regulier,0,2
6754,1985-04-03,20:00,3,25,Regulier,1,0
6755,1985-04-03,20:00,19,12,Regulier,1,2
6756,1985-04-06,20:00,13,25,Regulier,0,2
6757,1985-04-06,20:00,553,2300,Regulier,1,0
6758,1985-04-06,20:00,4,35,Regulier,0,3
6759,1985-04-06,20:00,17,30,Regulier,3,1
6760,1985-04-06,20:00,7,12,Regulier,6,0
6761,1985-04-07,15:00,3,282,Regulier,5,1
6762,1985-04-07,15:00,19,1,Regulier,2,2
6763,1985-04-07,15:00,221,16,Regulier,2,2
6764,1985-04-07,17:00,4549,4451,Regulier,1,2
6765,1985-04-13,20:00,25,4,Regulier,2,2
6766,1985-04-13,20:00,30,19,Regulier,2,1
6767,1985-04-13,20:00,35,3,Regulier,1,1
6768,1985-04-13,20:00,1,4549,Regulier,0,1
6769,1985-04-13,20:00,2300,7,Regulier,3,1
6770,1985-04-13,20:00,4451,13,Regulier,1,0
6771,1985-04-14,15:00,16,553,Regulier,0,1
6772,1985-04-14,15:00,12,17,Regulier,2,0
6773,1985-04-14,15:00,282,221,Regulier,6,1
6774,1985-04-17,20:00,17,3,Regulier,2,2
6775,1985-04-17,20:00,16,282,Regulier,3,3
6776,1985-04-17,20:00,19,4,Regulier,2,2
6777,1985-04-17,20:00,4549,553,Regulier,0,0
6778,1985-04-17,20:00,2300,35,Regulier,0,2
6779,1985-04-17,20:00,1,13,Regulier,3,1
6780,1985-04-17,20:00,7,221,Regulier,2,0
6781,1985-04-17,20:00,30,4451,Regulier,0,1
6782,1985-04-17,20:00,12,25,Regulier,1,0
6783,1985-04-20,20:00,553,30,Regulier,2,0
6784,1985-04-20,20:00,13,282,Regulier,1,0
6785,1985-04-20,20:00,4,16,Regulier,3,0
6786,1985-04-21,15:00,4549,25,Regulier,3,0
6787,1985-04-21,15:00,7,1,Regulier,1,1
6788,1985-04-21,15:00,221,12,Regulier,2,1
6789,1985-04-21,15:00,17,19,Regulier,3,0
6790,1985-04-21,15:00,4451,35,Regulier,1,1
6791,1985-04-21,15:00,3,2300,Regulier,5,4
6792,1985-05-04,20:00,35,25,Regulier,5,0
6793,1985-05-04,20:00,30,221,Regulier,0,0
6794,1985-05-04,20:00,2300,4,Regulier,0,2
6795,1985-05-05,15:00,16,13,Regulier,1,0
6796,1985-05-05,15:00,1,553,Regulier,3,1
6797,1985-05-05,15:00,17,4549,Regulier,2,2
6798,1985-05-05,15:00,19,7,Regulier,1,1
6799,1985-05-05,15:00,282,4451,Regulier,1,1
6800,1985-05-05,18:00,12,3,Regulier,0,2
6801,1985-05-11,20:00,13,7,Regulier,1,1
6802,1985-05-11,20:00,35,1,Regulier,3,0
6803,1985-05-11,20:00,4451,17,Regulier,4,1
6804,1985-05-11,20:00,2300,4549,Regulier,5,0
6805,1985-05-11,20:00,25,19,Regulier,1,1
6806,1985-05-11,20:00,4,553,Regulier,2,2
6807,1985-05-12,15:00,3,221,Regulier,9,4
6808,1985-05-12,15:00,282,30,Regulier,1,1
6809,1985-05-12,15:00,16,12,Regulier,3,0
6810,1985-05-16,15:00,30,16,Regulier,1,1
6811,1985-05-16,15:00,221,4,Regulier,1,3
6812,1985-05-16,15:00,17,25,Regulier,1,2
6813,1985-05-16,15:00,4549,3,Regulier,3,4
6814,1985-05-16,15:00,7,4451,Regulier,1,0
6815,1985-05-16,15:00,1,282,Regulier,2,1
6816,1985-05-16,20:00,19,35,Regulier,3,1
6817,1985-05-16,20:00,553,13,Regulier,1,1
6818,1985-05-16,20:00,12,2300,Regulier,1,3
6819,1985-05-19,18:00,13,2300,Regulier,1,1
6820,1985-05-19,18:00,7,17,Regulier,2,0
6821,1985-05-19,18:00,35,4549,Regulier,4,0
6822,1985-05-19,18:00,4,12,Regulier,4,1
6823,1985-05-19,18:00,4451,16,Regulier,2,2
6824,1985-05-19,18:00,25,282,Regulier,1,3
6825,1985-05-19,18:00,553,19,Regulier,0,0
6826,1985-05-19,18:00,3,30,Regulier,7,0
6827,1985-05-19,18:00,221,1,Regulier,1,3
6828,1985-05-25,20:00,4549,7,Regulier,1,1
6829,1985-05-25,20:00,16,25,Regulier,1,0
6830,1985-05-25,20:00,30,4,Regulier,1,1
6831,1985-05-25,20:00,19,221,Regulier,1,4
6832,1985-05-25,20:00,282,35,Regulier,3,4
6833,1985-05-25,20:00,17,553,Regulier,0,3
6834,1985-05-25,20:00,2300,4451,Regulier,3,1
6835,1985-05-25,20:00,1,3,Regulier,2,1
6836,1985-05-25,20:00,12,13,Regulier,0,0
6837,1985-08-14,20:00,17,25,Regulier,2,1
6838,1985-08-14,20:00,3,22,Regulier,0,0
6839,1985-08-14,20:00,35,7,Regulier,4,0
6840,1985-08-14,20:00,282,47,Regulier,1,1
6841,1985-08-14,20:00,16,12,Regulier,2,1
6842,1985-08-14,20:00,1,2300,Regulier,4,2
6843,1985-08-14,20:00,4451,4,Regulier,0,0
6844,1985-08-14,20:00,30,13,Regulier,1,1
6845,1985-08-14,20:00,553,19,Regulier,2,1
6846,1985-08-18,15:00,19,35,Regulier,2,2
6847,1985-08-18,15:00,7,3,Regulier,2,1
6848,1985-08-18,15:00,4,553,Regulier,4,1
6849,1985-08-18,15:00,47,4451,Regulier,0,0
6850,1985-08-18,20:00,25,1,Regulier,0,0
6851,1985-08-18,20:00,13,17,Regulier,2,0
6852,1985-08-18,20:00,22,30,Regulier,1,1
6853,1985-08-18,20:00,2300,16,Regulier,3,1
6854,1985-08-18,20:00,12,282,Regulier,1,1
6855,1985-08-25,20:00,13,22,Regulier,2,0
6856,1985-08-25,20:00,17,1,Regulier,0,0
6857,1985-08-25,20:00,30,7,Regulier,0,3
6858,1985-08-25,20:00,282,2300,Regulier,0,1
6859,1985-08-25,20:00,35,4,Regulier,4,1
6860,1985-08-25,20:00,3,19,Regulier,3,1
6861,1985-08-25,20:00,4451,12,Regulier,3,1
6862,1985-08-25,20:00,16,25,Regulier,0,0
6863,1985-08-25,20:00,553,47,Regulier,0,0
6864,1985-08-28,20:00,1,16,Regulier,2,2
6865,1985-08-28,20:00,25,282,Regulier,0,0
6866,1985-08-28,20:00,7,13,Regulier,0,0
6867,1985-08-28,20:00,19,30,Regulier,2,2
6868,1985-08-28,20:00,22,17,Regulier,1,2
6869,1985-08-28,20:00,2300,4451,Regulier,2,1
6870,1985-08-28,20:00,12,553,Regulier,4,2
6871,1985-08-28,20:00,47,35,Regulier,1,3
6872,1985-08-28,20:00,4,3,Regulier,2,3
6873,1985-09-01,20:00,3,47,Regulier,4,1
6874,1985-09-01,20:00,4451,25,Regulier,3,0
6875,1985-09-01,20:00,282,1,Regulier,2,0
6876,1985-09-01,20:00,17,16,Regulier,0,0
6877,1985-09-01,20:00,30,4,Regulier,3,1
6878,1985-09-01,20:00,35,12,Regulier,2,3
6879,1985-09-01,20:00,13,19,Regulier,1,0
6880,1985-09-01,20:00,22,7,Regulier,2,3
6881,1985-09-01,20:00,553,2300,Regulier,1,1
6882,1985-09-08,20:00,19,22,Regulier,1,0
6883,1985-09-08,20:00,1,4451,Regulier,0,4
6884,1985-09-08,20:00,25,553,Regulier,2,2
6885,1985-09-08,20:00,16,282,Regulier,2,2
6886,1985-09-08,20:00,2300,35,Regulier,1,1
6887,1985-09-08,20:00,4,13,Regulier,3,0
6888,1985-09-08,20:00,7,17,Regulier,0,0
6889,1985-09-08,20:00,47,30,Regulier,0,1
6890,1985-09-08,20:00,12,3,Regulier,0,1
6891,1985-09-15,15:00,7,19,Regulier,3,0
6892,1985-09-15,15:00,3,2300,Regulier,6,3
6893,1985-09-15,20:00,553,1,Regulier,2,1
6894,1985-09-15,20:00,30,12,Regulier,1,0
6895,1985-09-15,20:00,13,47,Regulier,1,1
6896,1985-09-15,20:00,22,4,Regulier,2,1
6897,1985-09-15,20:00,17,282,Regulier,1,2
6898,1985-09-15,20:00,4451,16,Regulier,0,1
6899,1985-09-15,20:00,35,25,Regulier,3,1
6900,1985-09-22,15:00,1,35,Regulier,0,0
6901,1985-09-22,15:00,282,4451,Regulier,0,3
6902,1985-09-22,15:00,19,17,Regulier,1,1
6903,1985-09-22,15:00,4,7,Regulier,1,0
6904,1985-09-22,15:00,25,3,Regulier,0,5
6905,1985-09-22,15:00,47,22,Regulier,4,2
6906,1985-09-22,15:00,12,13,Regulier,3,2
6907,1985-09-22,20:00,16,553,Regulier,1,0
6908,1985-09-22,20:00,2300,30,Regulier,2,0
6909,1985-09-29,15:00,19,4,Regulier,0,1
6910,1985-09-29,20:00,30,25,Regulier,0,0
6911,1985-09-29,20:00,7,47,Regulier,4,0
6912,1985-09-29,20:00,17,4451,Regulier,1,1
6913,1985-09-29,20:00,22,12,Regulier,0,1
6914,1985-09-29,20:00,13,2300,Regulier,3,1
6915,1985-09-29,20:00,35,16,Regulier,1,0
6916,1985-09-29,20:00,553,282,Regulier,1,4
6917,1985-09-29,20:00,3,1,Regulier,2,0
6918,1985-10-05,20:00,16,3,Regulier,3,1
6919,1985-10-05,20:00,2300,22,Regulier,2,0
6920,1985-10-05,20:00,25,13,Regulier,1,1
6921,1985-10-06,15:00,4,17,Regulier,1,0
6922,1985-10-06,15:00,47,19,Regulier,0,0
6923,1985-10-06,15:00,282,35,Regulier,3,5
6924,1985-10-06,15:00,4451,553,Regulier,5,0
6925,1985-10-06,15:00,1,30,Regulier,2,0
6926,1985-10-06,15:00,12,7,Regulier,0,3
6927,1985-10-13,19:30,17,47,Regulier,0,1
6928,1985-10-13,20:00,30,282,Regulier,5,0
6929,1985-10-13,20:00,7,25,Regulier,0,2
6930,1985-10-13,20:00,22,1,Regulier,4,1
6931,1985-10-13,20:00,13,16,Regulier,4,3
6932,1985-10-13,20:00,3,4451,Regulier,3,0
6933,1985-10-13,20:00,19,2300,Regulier,0,2
6934,1985-10-13,20:00,4,12,Regulier,0,0
6935,1985-10-13,20:00,35,553,Regulier,4,1
6936,1985-10-19,20:00,2300,7,Regulier,0,3
6937,1985-10-19,20:00,553,17,Regulier,0,1
6938,1985-10-19,20:00,16,30,Regulier,2,1
6939,1985-10-19,20:00,25,22,Regulier,4,2
6940,1985-10-19,20:00,47,4,Regulier,1,4
6941,1985-10-20,15:00,282,3,Regulier,0,2
6942,1985-10-20,15:00,1,13,Regulier,2,2
6943,1985-10-20,15:00,12,19,Regulier,4,1
6944,1985-10-20,15:00,4451,35,Regulier,0,1
6945,1985-10-26,20:00,22,16,Regulier,2,1
6946,1985-10-26,20:00,13,282,Regulier,3,0
6947,1985-10-26,20:00,7,1,Regulier,1,0
6948,1985-10-27,15:00,3,553,Regulier,3,0
6949,1985-10-27,15:00,30,4451,Regulier,0,0
6950,1985-10-27,15:00,4,2300,Regulier,3,1
6951,1985-10-27,15:00,19,25,Regulier,2,2
6952,1985-10-27,15:00,47,12,Regulier,2,4
6953,1985-10-27,19:30,17,35,Regulier,2,1
6954,1985-11-09,19:30,16,7,Regulier,0,0
6955,1985-11-09,20:00,35,3,Regulier,0,0
6956,1985-11-09,20:00,553,30,Regulier,1,0
6957,1985-11-09,20:00,25,4,Regulier,1,0
6958,1985-11-10,15:00,4451,13,Regulier,5,1
6959,1985-11-10,15:00,282,22,Regulier,0,1
6960,1985-11-10,15:00,2300,47,Regulier,4,1
6961,1985-11-10,15:00,1,19,Regulier,1,0
6962,1985-11-10,15:00,12,17,Regulier,1,1
6963,1985-11-17,15:00,17,3,Regulier,1,2
6964,1985-11-17,20:00,22,4451,Regulier,0,1
6965,1985-11-17,20:00,30,35,Regulier,0,5
6966,1985-11-17,20:00,47,25,Regulier,3,1
6967,1985-11-17,20:00,4,1,Regulier,2,3
6968,1985-11-17,20:00,13,553,Regulier,3,1
6969,1985-11-17,20:00,19,16,Regulier,2,1
6970,1985-11-17,20:00,7,282,Regulier,2,1
6971,1985-11-17,20:00,12,2300,Regulier,1,0
6972,1985-11-23,20:00,17,2300,Regulier,0,2
6973,1985-11-23,20:00,35,13,Regulier,1,1
6974,1985-11-23,20:00,25,12,Regulier,2,2
6975,1985-11-24,15:00,4451,7,Regulier,3,2
6976,1985-11-24,15:00,16,4,Regulier,4,0
6977,1985-11-24,15:00,3,30,Regulier,3,2
6978,1985-11-24,15:00,1,47,Regulier,1,0
6979,1985-11-24,15:00,282,19,Regulier,2,0
6980,1985-11-24,20:00,553,22,Regulier,1,1
6981,1985-11-30,20:00,13,3,Regulier,0,2
6982,1985-11-30,20:00,22,35,Regulier,2,6
6983,1985-12-01,15:00,19,4451,Regulier,2,1
6984,1985-12-01,15:00,2300,25,Regulier,2,0
6985,1985-12-01,15:00,4,282,Regulier,3,2
6986,1985-12-01,15:00,47,16,Regulier,0,0
6987,1985-12-01,15:00,30,17,Regulier,1,1
6988,1985-12-01,15:00,7,553,Regulier,2,0
6989,1985-12-01,15:00,12,1,Regulier,0,1
6990,1985-12-07,20:00,4451,47,Regulier,1,0
6991,1985-12-07,20:00,553,4,Regulier,0,0
6992,1985-12-07,20:00,35,19,Regulier,2,1
6993,1985-12-07,20:00,17,13,Regulier,0,0
6994,1985-12-08,15:00,282,12,Regulier,2,1
6995,1985-12-08,15:00,30,22,Regulier,0,3
6996,1985-12-08,15:00,1,25,Regulier,1,1
6997,1985-12-08,15:00,3,7,Regulier,1,1
6998,1985-12-08,15:00,16,2300,Regulier,0,1
6999,1985-12-14,20:00,13,30,Regulier,4,1
7000,1985-12-14,20:00,25,17,Regulier,1,0
7001,1985-12-14,20:00,22,3,Regulier,1,2
7002,1985-12-15,15:00,12,16,Regulier,2,2
7003,1985-12-15,15:00,2300,1,Regulier,1,1
7004,1985-12-15,15:00,4,4451,Regulier,1,0
7005,1985-12-15,15:00,19,553,Regulier,3,1
7006,1985-12-15,15:00,47,282,Regulier,1,2
7007,1985-12-15,15:00,7,35,Regulier,2,3
7008,1985-12-21,20:00,25,16,Regulier,0,0
7009,1985-12-21,20:00,22,13,Regulier,0,1
7010,1985-12-22,15:00,4,35,Regulier,0,0
7011,1985-12-22,15:00,12,4451,Regulier,7,2
7012,1985-12-22,15:00,2300,282,Regulier,2,2
7013,1985-12-22,15:00,19,3,Regulier,0,1
7014,1985-12-22,15:00,7,30,Regulier,3,0
7015,1985-12-22,15:00,1,17,Regulier,3,1
7016,1985-12-22,15:00,47,553,Regulier,0,0
7017,1986-01-11,20:00,553,12,Regulier,2,1
7018,1986-01-11,20:00,35,47,Regulier,7,0
7019,1986-01-11,20:00,30,19,Regulier,0,1
7020,1986-01-11,20:00,17,22,Regulier,0,1
7021,1986-01-12,15:00,16,1,Regulier,2,0
7022,1986-01-12,15:00,282,25,Regulier,2,1
7023,1986-01-12,15:00,4451,2300,Regulier,1,0
7024,1986-01-12,15:00,3,4,Regulier,3,1
7025,1986-01-12,20:00,13,7,Regulier,1,1
7026,1986-01-18,20:00,25,4451,Regulier,2,0
7027,1986-01-18,20:00,4,30,Regulier,5,2
7028,1986-01-19,15:00,1,282,Regulier,1,1
7029,1986-01-19,15:00,2300,553,Regulier,1,1
7030,1986-01-19,15:00,12,35,Regulier,1,1
7031,1986-01-19,15:00,19,13,Regulier,4,1
7032,1986-01-19,15:00,7,22,Regulier,3,1
7033,1986-01-19,15:00,47,3,Regulier,1,0
7034,1986-01-19,15:00,16,17,Regulier,3,0
7035,1986-01-25,20:00,30,47,Regulier,1,3
7036,1986-01-25,20:00,17,7,Regulier,1,1
7037,1986-01-25,20:00,35,2300,Regulier,1,0
7038,1986-01-25,20:00,553,25,Regulier,0,0
7039,1986-01-26,15:00,282,16,Regulier,1,4
7040,1986-01-26,15:00,4451,1,Regulier,3,0
7041,1986-01-26,15:00,3,12,Regulier,3,1
7042,1986-01-26,20:00,22,19,Regulier,2,1
7043,1986-01-26,20:00,13,4,Regulier,0,0
7044,1986-02-01,20:00,16,4451,Regulier,1,1
7045,1986-02-02,15:00,12,30,Regulier,4,1
7046,1986-02-02,15:00,1,553,Regulier,2,0
7047,1986-02-02,15:00,4,22,Regulier,3,1
7048,1986-02-02,15:00,47,13,Regulier,1,1
7049,1986-02-02,15:00,25,35,Regulier,1,3
7050,1986-02-02,15:00,19,7,Regulier,4,0
7051,1986-02-02,15:00,2300,3,Regulier,1,1
7052,1986-02-02,15:00,282,17,Regulier,1,1
7053,1986-02-08,20:00,7,4,Regulier,0,0
7054,1986-02-08,20:00,17,19,Regulier,2,0
7055,1986-02-08,20:00,30,2300,Regulier,1,1
7056,1986-02-08,20:00,553,16,Regulier,0,3
7057,1986-02-08,20:00,35,1,Regulier,4,1
7058,1986-02-08,20:00,22,47,Regulier,2,2
7059,1986-02-08,20:00,13,12,Regulier,0,1
7060,1986-02-09,15:00,4451,282,Regulier,3,0
7061,1986-02-09,15:00,3,25,Regulier,2,2
7062,1986-02-15,20:00,4,19,Regulier,2,0
7063,1986-02-15,20:00,25,30,Regulier,1,1
7064,1986-02-16,15:00,2300,13,Regulier,3,0
7065,1986-02-16,15:00,47,7,Regulier,0,1
7066,1986-02-16,15:00,16,35,Regulier,1,0
7067,1986-02-16,15:00,12,22,Regulier,1,1
7068,1986-02-16,15:00,282,553,Regulier,3,0
7069,1986-02-16,15:00,4451,17,Regulier,3,1
7070,1986-02-16,15:00,1,3,Regulier,1,1
7071,1986-02-22,20:00,35,282,Regulier,3,2
7072,1986-02-22,20:00,13,25,Regulier,0,0
7073,1986-02-22,20:00,22,2300,Regulier,0,4
7074,1986-02-23,15:00,30,1,Regulier,0,0
7075,1986-02-23,15:00,19,47,Regulier,2,3
7076,1986-02-23,15:00,3,16,Regulier,2,3
7077,1986-02-23,15:00,7,12,Regulier,1,1
7078,1986-02-23,20:00,553,4451,Regulier,1,0
7079,1986-02-23,20:00,17,4,Regulier,0,1
7080,1986-03-08,20:00,25,7,Regulier,2,2
7081,1986-03-08,20:00,2300,19,Regulier,1,1
7082,1986-03-09,15:00,16,13,Regulier,0,1
7083,1986-03-09,15:00,1,22,Regulier,0,0
7084,1986-03-09,15:00,12,4,Regulier,1,1
7085,1986-03-09,15:00,282,30,Regulier,4,1
7086,1986-03-09,15:00,4451,3,Regulier,0,0
7087,1986-03-09,15:00,553,35,Regulier,0,1
7088,1986-03-09,15:00,47,17,Regulier,2,0
7089,1986-03-15,20:00,30,16,Regulier,1,1
7090,1986-03-15,20:00,3,282,Regulier,5,0
7091,1986-03-15,20:00,13,1,Regulier,0,0
7092,1986-03-15,20:00,35,4451,Regulier,3,1
7093,1986-03-15,20:00,22,25,Regulier,2,0
7094,1986-03-15,20:00,17,553,Regulier,0,0
7095,1986-03-16,15:00,7,2300,Regulier,0,0
7096,1986-03-16,15:00,19,12,Regulier,0,3
7097,1986-03-16,15:00,4,47,Regulier,1,0
7098,1986-03-22,20:00,35,17,Regulier,2,0
7099,1986-03-22,20:00,12,47,Regulier,2,1
7100,1986-03-22,20:00,553,3,Regulier,0,1
7101,1986-03-22,20:00,16,22,Regulier,8,0
7102,1986-03-22,20:00,25,19,Regulier,3,1
7103,1986-03-22,20:00,2300,4,Regulier,2,0
7104,1986-03-23,15:00,4451,30,Regulier,1,0
7105,1986-03-23,15:00,282,13,Regulier,2,2
7106,1986-03-23,15:00,1,7,Regulier,4,1
7107,1986-03-28,20:00,22,282,Regulier,4,2
7108,1986-03-29,20:00,4,25,Regulier,0,0
7109,1986-03-29,20:00,13,4451,Regulier,2,1
7110,1986-03-29,20:00,17,12,Regulier,1,0
7111,1986-03-29,20:00,3,35,Regulier,3,3
7112,1986-03-30,15:00,30,553,Regulier,2,1
7113,1986-03-30,15:00,47,2300,Regulier,2,1
7114,1986-03-30,15:00,7,16,Regulier,1,4
7115,1986-03-30,15:00,19,1,Regulier,2,2
7116,1986-04-05,20:00,1,4,Regulier,1,0
7117,1986-04-05,20:00,35,30,Regulier,3,0
7118,1986-04-05,20:00,2300,12,Regulier,2,1
7119,1986-04-05,20:00,553,13,Regulier,2,1
7120,1986-04-05,20:00,3,17,Regulier,2,1
7121,1986-04-05,20:00,282,7,Regulier,1,3
7122,1986-04-05,20:00,25,47,Regulier,3,2
7123,1986-04-06,15:00,16,19,Regulier,0,0
7124,1986-04-06,15:00,4451,22,Regulier,0,2
7125,1986-04-12,20:00,13,35,Regulier,2,0
7126,1986-04-12,20:00,12,25,Regulier,1,1
7127,1986-04-12,20:00,47,1,Regulier,2,1
7128,1986-04-12,20:00,19,282,Regulier,4,0
7129,1986-04-12,20:00,22,553,Regulier,1,0
7130,1986-04-12,20:00,7,4451,Regulier,3,1
7131,1986-04-12,20:00,30,3,Regulier,3,6
7132,1986-04-12,20:00,2300,17,Regulier,0,0
7133,1986-04-13,15:00,4,16,Regulier,0,0
7134,1986-04-20,15:00,3,13,Regulier,4,0
7135,1986-04-20,15:00,35,22,Regulier,5,0
7136,1986-04-20,15:00,25,2300,Regulier,0,2
7137,1986-04-20,15:00,17,30,Regulier,2,2
7138,1986-04-20,15:00,16,47,Regulier,2,0
7139,1986-04-20,15:00,4451,19,Regulier,1,1
7140,1986-04-20,15:00,553,7,Regulier,0,0
7141,1986-04-20,15:00,282,4,Regulier,0,1
7142,1986-04-20,15:00,1,12,Regulier,2,1
7143,1986-08-31,15:00,19,12,Regulier,3,2
7144,1986-08-31,15:00,3,4451,Regulier,8,0
7145,1986-08-31,15:00,47,4,Regulier,1,1
7146,1986-08-31,15:00,282,4549,Regulier,1,1
7147,1986-08-31,15:00,16,7,Regulier,5,0
7148,1986-08-31,15:00,28,2300,Regulier,0,0
7149,1986-08-31,19:30,17,35,Regulier,1,3
7150,1986-08-31,20:00,13,25,Regulier,1,1
7151,1986-08-31,20:00,22,1,Regulier,1,1
7152,1986-09-07,15:00,12,47,Regulier,4,0
7153,1986-09-07,19:30,4,22,Regulier,2,1
7154,1986-09-07,20:00,7,28,Regulier,3,1
7155,1986-09-07,20:00,4549,16,Regulier,1,1
7156,1986-09-07,20:00,35,19,Regulier,0,0
7157,1986-09-07,20:00,25,282,Regulier,0,0
7158,1986-09-07,20:00,1,3,Regulier,1,1
7159,1986-09-07,20:00,4451,13,Regulier,0,2
7160,1986-09-07,20:00,2300,17,Regulier,2,0
7161,1986-09-14,15:00,4549,25,Regulier,0,3
7162,1986-09-14,15:00,282,4451,Regulier,1,1
7163,1986-09-14,15:00,19,2300,Regulier,0,0
7164,1986-09-14,19:30,17,7,Regulier,2,0
7165,1986-09-14,20:00,22,12,Regulier,2,0
7166,1986-09-14,20:00,16,28,Regulier,2,0
7167,1986-09-14,20:00,13,1,Regulier,0,0
7168,1986-09-14,20:00,47,35,Regulier,0,2
7169,1986-09-14,20:00,3,4,Regulier,3,1
7170,1986-09-21,15:00,4451,4549,Regulier,4,1
7171,1986-09-21,15:00,25,16,Regulier,0,1
7172,1986-09-21,15:00,7,19,Regulier,2,1
7173,1986-09-21,15:00,12,3,Regulier,1,2
7174,1986-09-21,15:00,4,13,Regulier,1,1
7175,1986-09-21,20:00,35,22,Regulier,5,0
7176,1986-09-21,20:00,1,282,Regulier,0,1
7177,1986-09-21,20:00,2300,47,Regulier,3,1
7178,1986-09-21,20:00,28,17,Regulier,1,1
7179,1986-09-28,15:00,19,28,Regulier,7,0
7180,1986-09-28,15:00,282,4,Regulier,1,1
7181,1986-09-28,15:00,4549,1,Regulier,3,0
7182,1986-09-28,20:00,25,4451,Regulier,3,1
7183,1986-09-28,20:00,13,12,Regulier,1,0
7184,1986-09-28,20:00,3,35,Regulier,2,1
7185,1986-09-28,20:00,47,7,Regulier,4,0
7186,1986-09-28,20:00,22,2300,Regulier,0,4
7187,1986-09-28,20:00,16,17,Regulier,1,1
7188,1986-10-05,15:00,1,25,Regulier,1,2
7189,1986-10-05,15:00,4,4549,Regulier,3,0
7190,1986-10-05,15:00,12,282,Regulier,0,2
7191,1986-10-05,15:00,7,22,Regulier,0,0
7192,1986-10-05,15:00,4451,16,Regulier,1,0
7193,1986-10-05,19:30,17,19,Regulier,2,1
7194,1986-10-05,20:00,28,47,Regulier,0,2
7195,1986-10-05,20:00,35,13,Regulier,5,0
7196,1986-10-05,20:00,2300,3,Regulier,2,2
7197,1986-10-12,15:00,4549,12,Regulier,2,1
7198,1986-10-12,20:00,22,28,Regulier,4,1
7199,1986-10-12,20:00,16,19,Regulier,3,0
7200,1986-10-12,20:00,4451,1,Regulier,1,0
7201,1986-10-12,20:00,282,35,Regulier,1,4
7202,1986-10-12,20:00,13,2300,Regulier,1,1
7203,1986-10-12,20:00,25,4,Regulier,2,0
7204,1986-10-12,20:00,47,17,Regulier,1,1
7205,1986-10-12,20:00,3,7,Regulier,1,0
7206,1986-10-19,15:00,1,16,Regulier,2,3
7207,1986-10-19,15:00,19,47,Regulier,2,1
7208,1986-10-19,15:00,4,4451,Regulier,4,1
7209,1986-10-19,15:00,12,25,Regulier,1,1
7210,1986-10-19,19:30,17,22,Regulier,0,3
7211,1986-10-19,20:00,2300,282,Regulier,1,1
7212,1986-10-19,20:00,7,13,Regulier,2,0
7213,1986-10-19,20:00,28,3,Regulier,1,4
7214,1986-10-19,20:00,35,4549,Regulier,3,0
7215,1986-10-26,15:00,282,7,Regulier,2,1
7216,1986-10-26,15:00,4549,2300,Regulier,1,1
7217,1986-10-26,15:00,1,4,Regulier,0,2
7218,1986-10-26,15:00,4451,12,Regulier,1,2
7219,1986-10-26,15:00,3,17,Regulier,3,1
7220,1986-10-26,15:00,16,47,Regulier,3,0
7221,1986-10-26,20:00,25,35,Regulier,0,1
7222,1986-10-26,20:00,22,19,Regulier,1,0
7223,1986-10-26,20:00,13,28,Regulier,0,0
7224,1986-11-08,19:30,17,13,Regulier,3,0
7225,1986-11-08,20:00,35,4451,Regulier,1,0
7226,1986-11-09,15:00,28,282,Regulier,0,1
7227,1986-11-09,15:00,47,22,Regulier,0,2
7228,1986-11-09,15:00,19,3,Regulier,0,0
7229,1986-11-09,15:00,2300,25,Regulier,0,0
7230,1986-11-09,15:00,7,4549,Regulier,0,1
7231,1986-11-09,15:00,4,16,Regulier,1,1
7232,1986-11-09,15:00,12,1,Regulier,4,0
7233,1986-11-15,20:00,282,17,Regulier,2,1
7234,1986-11-15,20:00,4451,2300,Regulier,0,1
7235,1986-11-15,20:00,25,7,Regulier,4,1
7236,1986-11-15,20:00,13,19,Regulier,3,1
7237,1986-11-15,20:00,16,22,Regulier,0,2
7238,1986-11-15,20:00,3,47,Regulier,5,1
7239,1986-11-15,20:00,1,35,Regulier,1,4
7240,1986-11-16,15:00,4549,28,Regulier,2,0
7241,1986-11-16,15:00,4,12,Regulier,1,0
7242,1986-11-22,20:00,35,4,Regulier,3,1
7243,1986-11-22,20:00,2300,1,Regulier,2,1
7244,1986-11-22,20:00,22,3,Regulier,1,0
7245,1986-11-22,20:00,7,4451,Regulier,2,1
7246,1986-11-23,15:00,28,25,Regulier,0,2
7247,1986-11-23,15:00,12,16,Regulier,1,1
7248,1986-11-23,15:00,47,13,Regulier,1,1
7249,1986-11-23,15:00,19,282,Regulier,1,3
7250,1986-11-23,15:00,17,4549,Regulier,1,0
7251,1986-11-29,20:00,4,7,Regulier,1,0
7252,1986-11-30,15:00,282,22,Regulier,2,1
7253,1986-11-30,15:00,1,28,Regulier,1,2
7254,1986-11-30,15:00,4549,47,Regulier,1,2
7255,1986-11-30,15:00,4451,17,Regulier,4,1
7256,1986-11-30,15:00,16,35,Regulier,1,1
7257,1986-11-30,15:00,12,2300,Regulier,1,1
7258,1986-11-30,20:00,13,3,Regulier,3,0
7259,1986-11-30,20:00,25,19,Regulier,3,0
7260,1986-12-06,20:00,2300,4,Regulier,1,0
7261,1986-12-06,20:00,22,13,Regulier,2,1
7262,1986-12-06,20:00,7,1,Regulier,1,1
7263,1986-12-06,20:00,35,12,Regulier,2,0
7264,1986-12-07,15:00,28,4451,Regulier,0,4
7265,1986-12-07,15:00,47,282,Regulier,1,2
7266,1986-12-07,15:00,19,4549,Regulier,0,2
7267,1986-12-07,15:00,17,25,Regulier,1,2
7268,1986-12-07,15:00,3,16,Regulier,1,0
7269,1986-12-13,20:00,25,47,Regulier,2,0
7270,1986-12-13,20:00,35,2300,Regulier,1,1
7271,1986-12-13,20:00,16,13,Regulier,1,2
7272,1986-12-14,15:00,282,3,Regulier,2,3
7273,1986-12-14,15:00,4451,19,Regulier,1,0
7274,1986-12-14,15:00,4549,22,Regulier,1,2
7275,1986-12-14,15:00,12,7,Regulier,3,0
7276,1986-12-14,15:00,1,17,Regulier,3,1
7277,1986-12-14,15:00,4,28,Regulier,3,0
7278,1986-12-20,20:00,16,2300,Regulier,1,2
7279,1986-12-20,20:00,13,282,Regulier,0,3
7280,1986-12-20,20:00,22,25,Regulier,0,2
7281,1986-12-21,15:00,17,4,Regulier,0,1
7282,1986-12-21,15:00,7,35,Regulier,0,3
7283,1986-12-21,15:00,47,4451,Regulier,1,1
7284,1986-12-21,15:00,28,12,Regulier,1,1
7285,1986-12-21,15:00,19,1,Regulier,0,3
7286,1986-12-21,15:00,3,4549,Regulier,2,2
7287,1986-12-28,15:00,4451,22,Regulier,2,0
7288,1986-12-28,15:00,12,17,Regulier,0,0
7289,1986-12-28,15:00,4,19,Regulier,3,0
7290,1986-12-28,15:00,4549,13,Regulier,1,0
7291,1986-12-28,15:00,1,47,Regulier,3,2
7292,1986-12-28,15:00,282,16,Regulier,1,0
7293,1986-12-28,15:00,2300,7,Regulier,0,0
7294,1986-12-28,20:00,25,3,Regulier,1,0
7295,1986-12-28,20:00,35,28,Regulier,7,0
7296,1987-01-24,20:00,35,17,Regulier,5,3
7297,1987-01-24,20:00,25,13,Regulier,1,0
7298,1987-01-25,15:00,4451,3,Regulier,1,2
7299,1987-01-25,15:00,12,19,Regulier,2,1
7300,1987-01-25,15:00,1,22,Regulier,4,1
7301,1987-01-25,15:00,4,47,Regulier,1,0
7302,1987-01-25,15:00,7,16,Regulier,0,1
7303,1987-01-25,15:00,4549,282,Regulier,2,2
7304,1987-01-25,15:00,2300,28,Regulier,5,0
7305,1987-01-31,19:30,17,2300,Regulier,0,1
7306,1987-01-31,20:00,13,4451,Regulier,0,0
7307,1987-02-01,15:00,282,25,Regulier,1,1
7308,1987-02-01,15:00,47,12,Regulier,1,0
7309,1987-02-01,15:00,28,7,Regulier,0,2
7310,1987-02-01,15:00,16,4549,Regulier,1,1
7311,1987-02-01,15:00,3,1,Regulier,1,1
7312,1987-02-01,15:00,19,35,Regulier,1,1
7313,1987-02-01,20:00,22,4,Regulier,3,0
7314,1987-02-14,20:00,2300,19,Regulier,2,1
7315,1987-02-14,20:00,25,4549,Regulier,2,0
7316,1987-02-14,20:00,35,47,Regulier,1,1
7317,1987-02-15,15:00,7,17,Regulier,2,2
7318,1987-02-15,15:00,1,13,Regulier,1,1
7319,1987-02-15,15:00,12,22,Regulier,1,1
7320,1987-02-15,15:00,28,16,Regulier,1,0
7321,1987-02-15,15:00,4451,282,Regulier,3,1
7322,1987-02-15,20:00,4,3,Regulier,0,1
7323,1987-02-28,19:30,17,28,Regulier,0,4
7324,1987-02-28,20:00,13,4,Regulier,1,0
7325,1987-02-28,20:00,3,12,Regulier,1,0
7326,1987-02-28,20:00,22,35,Regulier,0,2
7327,1987-03-01,15:00,19,7,Regulier,3,0
7328,1987-03-01,15:00,16,25,Regulier,0,1
7329,1987-03-01,15:00,4549,4451,Regulier,1,1
7330,1987-03-01,15:00,47,2300,Regulier,2,2
7331,1987-03-01,15:00,282,1,Regulier,1,0
7332,1987-03-07,19:30,17,16,Regulier,1,3
7333,1987-03-07,20:00,35,3,Regulier,1,0
7334,1987-03-08,15:00,2300,22,Regulier,1,1
7335,1987-03-08,15:00,1,4549,Regulier,0,0
7336,1987-03-08,15:00,7,47,Regulier,1,1
7337,1987-03-08,15:00,4,282,Regulier,1,1
7338,1987-03-08,15:00,28,19,Regulier,4,1
7339,1987-03-08,15:00,12,13,Regulier,0,0
7340,1987-03-08,15:00,4451,25,Regulier,0,1
7341,1987-03-14,20:00,25,1,Regulier,1,0
7342,1987-03-14,20:00,22,7,Regulier,2,2
7343,1987-03-14,20:00,13,35,Regulier,4,0
7344,1987-03-15,15:00,4549,4,Regulier,0,2
7345,1987-03-15,15:00,47,28,Regulier,0,0
7346,1987-03-15,15:00,19,17,Regulier,1,0
7347,1987-03-15,15:00,3,2300,Regulier,2,0
7348,1987-03-15,15:00,16,4451,Regulier,1,1
7349,1987-03-15,15:00,282,12,Regulier,1,2
7350,1987-03-21,19:30,17,47,Regulier,0,0
7351,1987-03-21,20:00,35,282,Regulier,4,3
7352,1987-03-21,20:00,2300,13,Regulier,1,0
7353,1987-03-21,20:00,12,4549,Regulier,2,0
7354,1987-03-22,15:00,7,3,Regulier,0,0
7355,1987-03-22,15:00,28,22,Regulier,0,0
7356,1987-03-22,15:00,19,16,Regulier,1,1
7357,1987-03-22,15:00,4,25,Regulier,0,3
7358,1987-03-22,15:00,1,4451,Regulier,0,1
7359,1987-03-28,20:00,25,12,Regulier,3,1
7360,1987-03-28,20:00,3,28,Regulier,5,0
7361,1987-03-28,20:00,13,7,Regulier,2,1
7362,1987-03-28,20:00,22,17,Regulier,5,0
7363,1987-03-28,20:00,4451,4,Regulier,3,1
7364,1987-03-28,20:00,4549,35,Regulier,1,3
7365,1987-03-28,20:00,282,2300,Regulier,2,0
7366,1987-03-28,20:00,16,1,Regulier,0,1
7367,1987-03-29,15:00,47,19,Regulier,0,2
7368,1987-04-03,20:00,47,16,Regulier,2,1
7369,1987-04-04,19:30,17,3,Regulier,3,2
7370,1987-04-04,20:00,2300,4549,Regulier,1,2
7371,1987-04-04,20:00,35,25,Regulier,1,1
7372,1987-04-04,20:00,12,4451,Regulier,0,5
7373,1987-04-04,20:00,4,1,Regulier,4,3
7374,1987-04-05,15:00,28,13,Regulier,0,1
7375,1987-04-05,15:00,19,22,Regulier,3,0
7376,1987-04-05,15:00,7,282,Regulier,2,1
7377,1987-04-11,20:00,13,17,Regulier,3,0
7378,1987-04-11,20:00,3,19,Regulier,1,1
7379,1987-04-11,20:00,25,2300,Regulier,0,0
7380,1987-04-11,20:00,4451,35,Regulier,1,2
7381,1987-04-11,20:00,282,28,Regulier,4,1
7382,1987-04-11,20:00,22,47,Regulier,4,1
7383,1987-04-12,15:00,4549,7,Regulier,1,0
7384,1987-04-12,15:00,16,4,Regulier,1,1
7385,1987-04-12,19:00,1,12,Regulier,0,0
7386,1987-04-17,20:00,28,4549,Regulier,0,0
7387,1987-04-17,20:00,22,16,Regulier,1,1
7388,1987-04-18,19:30,17,282,Regulier,1,4
7389,1987-04-18,20:00,35,1,Regulier,2,0
7390,1987-04-18,20:00,7,25,Regulier,0,2
7391,1987-04-18,20:00,2300,4451,Regulier,2,0
7392,1987-04-19,15:00,12,4,Regulier,0,0
7393,1987-04-19,15:00,19,13,Regulier,2,0
7394,1987-04-19,20:00,47,3,Regulier,1,0
7395,1987-04-25,20:00,25,28,Regulier,3,0
7396,1987-04-25,20:00,4549,17,Regulier,1,1
7397,1987-04-25,20:00,282,19,Regulier,3,1
7398,1987-04-25,20:00,13,47,Regulier,1,1
7399,1987-04-25,20:00,4,35,Regulier,0,1
7400,1987-04-25,20:00,4451,7,Regulier,1,1
7401,1987-04-25,20:00,16,12,Regulier,2,2
7402,1987-04-25,20:00,1,2300,Regulier,1,1
7403,1987-04-25,20:00,3,22,Regulier,5,0
7404,1987-05-02,19:30,17,4451,Regulier,0,0
7405,1987-05-02,20:00,35,16,Regulier,4,0
7406,1987-05-02,20:00,2300,12,Regulier,2,0
7407,1987-05-03,15:00,28,1,Regulier,0,5
7408,1987-05-03,15:00,19,25,Regulier,0,1
7409,1987-05-03,15:00,7,4,Regulier,1,1
7410,1987-05-03,15:00,3,13,Regulier,5,2
7411,1987-05-03,15:00,22,282,Regulier,3,1
7412,1987-05-03,20:00,47,4549,Regulier,1,1
7413,1987-05-09,20:00,4,2300,Regulier,2,1
7414,1987-05-09,20:00,25,17,Regulier,2,1
7415,1987-05-09,20:00,4451,28,Regulier,1,0
7416,1987-05-09,20:00,13,22,Regulier,1,1
7417,1987-05-10,15:00,282,47,Regulier,1,2
7418,1987-05-10,15:00,1,7,Regulier,0,1
7419,1987-05-10,15:00,4549,19,Regulier,3,0
7420,1987-05-10,15:00,12,35,Regulier,2,2
7421,1987-05-10,15:00,16,3,Regulier,1,0
7422,1987-05-15,20:00,47,25,Regulier,1,2
7423,1987-05-16,19:30,17,1,Regulier,0,2
7424,1987-05-16,20:00,13,16,Regulier,1,2
7425,1987-05-16,20:00,2300,35,Regulier,0,1
7426,1987-05-17,15:00,28,4,Regulier,3,4
7427,1987-05-17,15:00,3,282,Regulier,1,4
7428,1987-05-17,15:00,22,4549,Regulier,1,1
7429,1987-05-17,15:00,19,4451,Regulier,0,0
7430,1987-05-17,15:00,7,12,Regulier,0,1
7431,1987-05-23,20:00,4549,3,Regulier,0,4
7432,1987-05-23,20:00,12,28,Regulier,2,0
7433,1987-05-23,20:00,35,7,Regulier,1,0
7434,1987-05-23,20:00,25,22,Regulier,4,2
7435,1987-05-23,20:00,2300,16,Regulier,2,0
7436,1987-05-23,20:00,4,17,Regulier,0,0
7437,1987-05-23,20:00,4451,47,Regulier,0,2
7438,1987-05-23,20:00,1,19,Regulier,4,2
7439,1987-05-23,20:00,282,13,Regulier,1,0
7440,1987-05-30,20:00,13,4549,Regulier,2,1
7441,1987-05-30,20:00,7,2300,Regulier,0,1
7442,1987-05-30,20:00,3,25,Regulier,3,1
7443,1987-05-30,20:00,17,12,Regulier,1,1
7444,1987-05-30,20:00,19,4,Regulier,1,1
7445,1987-05-30,20:00,16,282,Regulier,1,2
7446,1987-05-30,20:00,28,35,Regulier,0,5
7447,1987-05-30,20:00,47,1,Regulier,3,3
7448,1987-05-31,15:00,22,4451,Regulier,2,4
7449,1987-08-19,20:00,1,19,Regulier,3,0
7450,1987-08-19,20:00,7,3,Regulier,0,1
7451,1987-08-19,20:00,16,4549,Regulier,1,2
7452,1987-08-19,20:00,4451,47,Regulier,1,1
7453,1987-08-19,20:00,322,4,Regulier,0,2
7454,1987-08-19,20:00,2300,282,Regulier,0,1
7455,1987-08-19,20:00,373,13,Regulier,0,0
7456,1987-08-19,20:00,12,25,Regulier,0,0
7457,1987-08-19,20:00,35,22,Regulier,1,0
7458,1987-08-23,15:00,3,2300,Regulier,2,0
7459,1987-08-23,15:00,4549,1,Regulier,2,5
7460,1987-08-23,15:00,19,373,Regulier,2,2
7461,1987-08-23,15:00,282,35,Regulier,0,0
7462,1987-08-23,15:00,4,7,Regulier,4,1
7463,1987-08-23,20:00,13,4451,Regulier,1,0
7464,1987-08-23,20:00,47,322,Regulier,4,1
7465,1987-08-23,20:00,25,16,Regulier,2,1
7466,1987-08-23,20:00,22,12,Regulier,2,2
7467,1987-08-30,20:00,19,4549,Regulier,1,1
7468,1987-08-30,20:00,12,282,Regulier,0,1
7469,1987-08-30,20:00,35,3,Regulier,1,1
7470,1987-08-30,20:00,322,13,Regulier,2,1
7471,1987-08-30,20:00,7,47,Regulier,2,3
7472,1987-08-30,20:00,373,4451,Regulier,1,2
7473,1987-08-30,20:00,1,25,Regulier,3,0
7474,1987-08-30,20:00,16,22,Regulier,2,0
7475,1987-08-30,20:00,2300,4,Regulier,2,2
7476,1987-09-02,20:00,4451,322,Regulier,5,0
7477,1987-09-02,20:00,13,7,Regulier,2,0
7478,1987-09-02,20:00,282,16,Regulier,2,2
7479,1987-09-02,20:00,4549,373,Regulier,0,1
7480,1987-09-02,20:00,22,1,Regulier,1,1
7481,1987-09-02,20:00,47,2300,Regulier,0,3
7482,1987-09-02,20:00,25,19,Regulier,2,0
7483,1987-09-02,20:00,4,35,Regulier,0,0
7484,1987-09-02,20:00,3,12,Regulier,4,3
7485,1987-09-06,15:00,1,282,Regulier,3,2
7486,1987-09-06,15:00,12,4,Regulier,3,1
7487,1987-09-06,15:00,4549,25,Regulier,0,2
7488,1987-09-06,15:00,7,4451,Regulier,1,3
7489,1987-09-06,15:00,19,22,Regulier,2,4
7490,1987-09-06,15:00,16,3,Regulier,1,0
7491,1987-09-06,20:00,2300,13,Regulier,4,0
7492,1987-09-06,20:00,373,322,Regulier,2,1
7493,1987-09-06,20:00,35,47,Regulier,2,0
7494,1987-09-13,15:00,4,16,Regulier,2,2
7495,1987-09-13,20:00,282,19,Regulier,2,2
7496,1987-09-13,20:00,4451,2300,Regulier,4,1
7497,1987-09-13,20:00,47,12,Regulier,0,0
7498,1987-09-13,20:00,322,7,Regulier,3,2
7499,1987-09-13,20:00,13,35,Regulier,0,3
7500,1987-09-13,20:00,25,373,Regulier,3,0
7501,1987-09-13,20:00,3,1,Regulier,2,2
7502,1987-09-13,20:00,22,4549,Regulier,0,1
7503,1987-09-20,15:00,12,13,Regulier,0,1
7504,1987-09-20,20:00,25,22,Regulier,1,0
7505,1987-09-20,20:00,35,4451,Regulier,5,1
7506,1987-09-20,20:00,4549,282,Regulier,1,2
7507,1987-09-20,20:00,19,3,Regulier,0,2
7508,1987-09-20,20:00,373,7,Regulier,1,0
7509,1987-09-20,20:00,1,4,Regulier,0,0
7510,1987-09-20,20:00,2300,322,Regulier,0,1
7511,1987-09-20,20:00,16,47,Regulier,4,0
7512,1987-09-27,15:00,47,1,Regulier,1,1
7513,1987-09-27,15:00,4451,12,Regulier,3,0
7514,1987-09-27,15:00,4,19,Regulier,2,0
7515,1987-09-27,20:00,282,25,Regulier,0,1
7516,1987-09-27,20:00,3,4549,Regulier,3,1
7517,1987-09-27,20:00,13,16,Regulier,6,2
7518,1987-09-27,20:00,322,35,Regulier,0,3
7519,1987-09-27,20:00,22,373,Regulier,1,1
7520,1987-09-27,20:00,7,2300,Regulier,2,0
7521,1987-10-04,15:00,1,13,Regulier,2,1
7522,1987-10-04,15:00,19,47,Regulier,0,1
7523,1987-10-04,15:00,4549,4,Regulier,1,2
7524,1987-10-04,15:00,12,322,Regulier,3,1
7525,1987-10-04,18:00,373,2300,Regulier,1,0
7526,1987-10-04,20:00,25,3,Regulier,2,4
7527,1987-10-04,20:00,35,7,Regulier,6,1
7528,1987-10-04,20:00,22,282,Regulier,1,1
7529,1987-10-04,20:00,16,4451,Regulier,2,0
7530,1987-10-10,20:00,3,22,Regulier,5,0
7531,1987-10-10,20:00,322,16,Regulier,4,2
7532,1987-10-10,20:00,282,373,Regulier,2,1
7533,1987-10-10,20:00,7,12,Regulier,2,1
7534,1987-10-10,20:00,13,19,Regulier,0,1
7535,1987-10-10,20:00,2300,35,Regulier,2,2
7536,1987-10-10,20:00,4,25,Regulier,0,0
7537,1987-10-10,20:00,47,4549,Regulier,0,1
7538,1987-10-11,15:00,4451,1,Regulier,1,2
7539,1987-10-17,20:00,373,3,Regulier,2,1
7540,1987-10-17,20:00,22,47,Regulier,2,1
7541,1987-10-17,20:00,25,13,Regulier,2,0
7542,1987-10-17,20:00,12,35,Regulier,0,0
7543,1987-10-17,20:00,1,7,Regulier,0,0
7544,1987-10-17,20:00,16,2300,Regulier,0,0
7545,1987-10-18,15:00,19,322,Regulier,2,1
7546,1987-10-18,15:00,282,4,Regulier,0,1
7547,1987-10-18,15:00,4549,4451,Regulier,0,3
7548,1987-10-24,20:00,13,4549,Regulier,2,0
7549,1987-10-24,20:00,35,373,Regulier,0,1
7550,1987-10-24,20:00,322,1,Regulier,1,5
7551,1987-10-25,15:00,4,22,Regulier,4,2
7552,1987-10-25,15:00,4451,19,Regulier,2,1
7553,1987-10-25,15:00,7,16,Regulier,1,0
7554,1987-10-25,15:00,47,25,Regulier,0,1
7555,1987-10-25,15:00,3,282,Regulier,2,1
7556,1987-10-25,19:00,2300,12,Regulier,1,2
7557,1987-11-07,20:00,1,35,Regulier,2,0
7558,1987-11-07,20:00,16,12,Regulier,0,3
7559,1987-11-07,20:00,25,322,Regulier,4,1
7560,1987-11-07,20:00,3,47,Regulier,1,1
7561,1987-11-07,20:00,373,4,Regulier,1,1
7562,1987-11-08,15:00,4549,7,Regulier,0,1
7563,1987-11-08,15:00,19,2300,Regulier,3,2
7564,1987-11-08,15:00,282,13,Regulier,2,1
7565,1987-11-08,20:00,22,4451,Regulier,2,1
7566,1987-11-14,20:00,4,3,Regulier,0,2
7567,1987-11-14,20:00,2300,1,Regulier,0,0
7568,1987-11-14,20:00,13,22,Regulier,1,1
7569,1987-11-14,20:00,322,4549,Regulier,0,1
7570,1987-11-14,20:00,7,19,Regulier,2,1
7571,1987-11-14,20:00,35,16,Regulier,1,2
7572,1987-11-15,15:00,47,282,Regulier,3,0
7573,1987-11-15,15:00,12,373,Regulier,2,0
7574,1987-11-15,15:00,4451,25,Regulier,2,0
7575,1987-11-21,20:00,1,12,Regulier,5,2
7576,1987-11-21,20:00,25,7,Regulier,1,0
7577,1987-11-21,20:00,22,322,Regulier,3,2
7578,1987-11-22,15:00,19,35,Regulier,1,1
7579,1987-11-22,15:00,4,47,Regulier,4,0
7580,1987-11-22,15:00,4549,2300,Regulier,1,1
7581,1987-11-22,15:00,282,4451,Regulier,1,2
7582,1987-11-22,15:00,3,13,Regulier,2,4
7583,1987-11-22,18:00,373,16,Regulier,1,1
7584,1987-11-28,20:00,35,25,Regulier,3,2
7585,1987-11-28,20:00,7,282,Regulier,3,1
7586,1987-11-28,20:00,322,3,Regulier,0,6
7587,1987-11-28,20:00,2300,22,Regulier,0,0
7588,1987-11-28,20:00,13,47,Regulier,0,0
7589,1987-11-29,15:00,12,4549,Regulier,2,0
7590,1987-11-29,15:00,16,19,Regulier,4,0
7591,1987-11-29,15:00,4451,4,Regulier,5,3
7592,1987-11-29,18:00,373,1,Regulier,0,2
7593,1987-12-05,20:00,25,2300,Regulier,1,0
7594,1987-12-05,20:00,3,4451,Regulier,3,0
7595,1987-12-05,20:00,4549,35,Regulier,1,4
7596,1987-12-05,20:00,22,7,Regulier,1,0
7597,1987-12-05,20:00,1,16,Regulier,3,0
7598,1987-12-06,15:00,47,373,Regulier,2,0
7599,1987-12-06,15:00,282,322,Regulier,6,0
7600,1987-12-06,15:00,4,13,Regulier,1,1
7601,1987-12-06,15:00,19,12,Regulier,2,1
7602,1987-12-12,20:00,22,35,Regulier,1,0
7603,1987-12-12,20:00,3,7,Regulier,2,1
7604,1987-12-12,20:00,13,373,Regulier,2,0
7605,1987-12-12,20:00,47,4451,Regulier,0,0
7606,1987-12-12,20:00,25,12,Regulier,3,2
7607,1987-12-13,15:00,4,322,Regulier,0,0
7608,1987-12-13,15:00,19,1,Regulier,2,4
7609,1987-12-13,15:00,4549,16,Regulier,0,2
7610,1987-12-13,15:00,282,2300,Regulier,0,0
7611,1987-12-19,20:00,16,25,Regulier,0,1
7612,1987-12-19,20:00,1,4549,Regulier,7,2
7613,1987-12-19,20:00,322,47,Regulier,1,1
7614,1987-12-19,20:00,35,282,Regulier,3,2
7615,1987-12-20,15:00,12,22,Regulier,3,1
7616,1987-12-20,15:00,4451,13,Regulier,3,1
7617,1987-12-20,15:00,2300,3,Regulier,5,2
7618,1987-12-20,15:00,7,4,Regulier,0,0
7619,1987-12-20,18:00,373,19,Regulier,1,2
7620,1988-01-23,20:00,25,1,Regulier,2,0
7621,1988-01-23,20:00,13,322,Regulier,4,1
7622,1988-01-23,20:00,22,16,Regulier,0,4
7623,1988-01-24,15:00,3,35,Regulier,2,1
7624,1988-01-24,15:00,4451,373,Regulier,1,0
7625,1988-01-24,15:00,47,7,Regulier,5,0
7626,1988-01-24,15:00,4549,19,Regulier,0,0
7627,1988-01-24,15:00,4,2300,Regulier,1,0
7628,1988-01-24,15:00,282,12,Regulier,0,1
7629,1988-01-30,20:00,322,4451,Regulier,0,0
7630,1988-01-30,20:00,1,22,Regulier,0,2
7631,1988-01-30,20:00,373,4549,Regulier,1,0
7632,1988-01-30,20:00,35,4,Regulier,0,0
7633,1988-01-31,15:00,19,25,Regulier,2,5
7634,1988-01-31,15:00,2300,47,Regulier,3,0
7635,1988-01-31,15:00,12,3,Regulier,0,2
7636,1988-01-31,15:00,7,13,Regulier,1,0
7637,1988-01-31,15:00,16,282,Regulier,1,1
7638,1988-02-20,20:00,22,19,Regulier,5,1
7639,1988-02-20,20:00,25,4549,Regulier,2,0
7640,1988-02-20,20:00,322,373,Regulier,1,1
7641,1988-02-20,20:00,13,2300,Regulier,0,1
7642,1988-02-21,15:00,282,1,Regulier,1,1
7643,1988-02-21,15:00,4451,7,Regulier,1,1
7644,1988-02-21,15:00,4,12,Regulier,4,1
7645,1988-02-21,15:00,47,35,Regulier,0,0
7646,1988-02-21,15:00,3,16,Regulier,3,1
7647,1988-02-27,20:00,35,13,Regulier,1,2
7648,1988-02-27,20:00,1,3,Regulier,2,0
7649,1988-02-27,20:00,373,25,Regulier,0,0
7650,1988-02-28,15:00,7,322,Regulier,4,2
7651,1988-02-28,15:00,16,4,Regulier,0,0
7652,1988-02-28,15:00,12,47,Regulier,2,2
7653,1988-02-28,15:00,2300,4451,Regulier,3,0
7654,1988-02-28,15:00,19,282,Regulier,2,0
7655,1988-02-28,15:00,4549,22,Regulier,2,1
7656,1988-03-05,20:00,322,2300,Regulier,1,0
7657,1988-03-05,20:00,22,25,Regulier,0,1
7658,1988-03-05,20:00,13,12,Regulier,1,1
7659,1988-03-06,15:00,282,4549,Regulier,0,2
7660,1988-03-06,15:00,3,19,Regulier,3,0
7661,1988-03-06,15:00,7,373,Regulier,1,3
7662,1988-03-06,15:00,4451,35,Regulier,0,3
7663,1988-03-06,15:00,4,1,Regulier,5,0
7664,1988-03-06,15:00,47,16,Regulier,1,1
7665,1988-03-12,20:00,4549,3,Regulier,0,4
7666,1988-03-12,20:00,35,322,Regulier,4,0
7667,1988-03-12,20:00,25,282,Regulier,2,1
7668,1988-03-12,20:00,373,22,Regulier,0,1
7669,1988-03-12,20:00,16,13,Regulier,2,1
7670,1988-03-12,20:00,1,47,Regulier,4,0
7671,1988-03-13,15:00,2300,7,Regulier,0,0
7672,1988-03-13,15:00,12,4451,Regulier,4,0
7673,1988-03-13,15:00,19,4,Regulier,1,1
7674,1988-03-19,20:00,2300,373,Regulier,0,0
7675,1988-03-19,20:00,13,1,Regulier,0,2
7676,1988-03-19,20:00,322,12,Regulier,1,0
7677,1988-03-20,15:00,4451,16,Regulier,3,2
7678,1988-03-20,15:00,3,25,Regulier,2,1
7679,1988-03-20,15:00,47,19,Regulier,0,4
7680,1988-03-20,15:00,4,4549,Regulier,0,0
7681,1988-03-20,15:00,282,22,Regulier,1,0
7682,1988-03-20,15:00,7,35,Regulier,1,2
7683,1988-04-01,20:00,22,3,Regulier,1,1
7684,1988-04-02,20:00,35,2300,Regulier,4,1
7685,1988-04-02,20:00,25,4,Regulier,0,1
7686,1988-04-02,20:00,1,4451,Regulier,2,0
7687,1988-04-02,20:00,373,282,Regulier,1,0
7688,1988-04-03,15:00,19,13,Regulier,3,0
7689,1988-04-03,15:00,12,7,Regulier,4,2
7690,1988-04-03,18:00,16,322,Regulier,1,2
7691,1988-04-03,18:00,4549,47,Regulier,0,3
7692,1988-04-08,20:00,47,22,Regulier,0,0
7693,1988-04-09,20:00,2300,16,Regulier,1,0
7694,1988-04-09,20:00,4451,4549,Regulier,0,0
7695,1988-04-09,20:00,13,25,Regulier,0,1
7696,1988-04-09,20:00,7,1,Regulier,1,1
7697,1988-04-09,20:00,322,19,Regulier,0,0
7698,1988-04-09,20:00,35,12,Regulier,2,0
7699,1988-04-10,15:00,4,282,Regulier,3,0
7700,1988-04-10,15:00,3,373,Regulier,2,1
7701,1988-04-16,20:00,16,7,Regulier,2,1
7702,1988-04-16,20:00,22,4,Regulier,1,1
7703,1988-04-16,20:00,25,47,Regulier,3,0
7704,1988-04-16,20:00,1,322,Regulier,5,0
7705,1988-04-16,20:00,282,3,Regulier,0,1
7706,1988-04-16,20:00,373,35,Regulier,1,1
7707,1988-04-17,15:00,19,4451,Regulier,2,1
7708,1988-04-17,15:00,12,2300,Regulier,1,0
7709,1988-04-17,15:00,4549,13,Regulier,1,0
7710,1988-04-23,20:00,322,25,Regulier,0,0
7711,1988-04-23,20:00,13,282,Regulier,2,2
7712,1988-04-23,20:00,35,1,Regulier,6,0
7713,1988-04-23,20:00,7,4549,Regulier,0,0
7714,1988-04-23,20:00,2300,19,Regulier,0,2
7715,1988-04-24,15:00,47,3,Regulier,0,2
7716,1988-04-24,15:00,4,373,Regulier,1,0
7717,1988-04-24,15:00,12,16,Regulier,1,1
7718,1988-04-24,15:00,4451,22,Regulier,3,0
7719,1988-04-30,20:00,25,4451,Regulier,0,0
7720,1988-04-30,20:00,1,2300,Regulier,1,1
7721,1988-04-30,20:00,373,12,Regulier,0,2
7722,1988-04-30,20:00,3,4,Regulier,3,1
7723,1988-04-30,20:00,22,13,Regulier,2,1
7724,1988-05-01,15:00,4549,322,Regulier,0,1
7725,1988-05-01,15:00,19,7,Regulier,0,0
7726,1988-05-01,15:00,16,35,Regulier,0,2
7727,1988-05-01,15:00,282,47,Regulier,2,1
7728,1988-05-07,20:00,35,19,Regulier,2,0
7729,1988-05-07,20:00,2300,4549,Regulier,3,0
7730,1988-05-07,20:00,7,25,Regulier,1,1
7731,1988-05-07,20:00,13,3,Regulier,1,1
7732,1988-05-07,20:00,322,22,Regulier,2,0
7733,1988-05-07,20:00,16,373,Regulier,0,4
7734,1988-05-08,15:00,47,4,Regulier,0,0
7735,1988-05-08,15:00,4451,282,Regulier,1,0
7736,1988-05-08,17:00,12,1,Regulier,1,2
7737,1988-05-14,20:00,25,35,Regulier,3,0
7738,1988-05-14,20:00,22,2300,Regulier,3,1
7739,1988-05-14,20:00,1,373,Regulier,3,1
7740,1988-05-14,20:00,282,7,Regulier,8,1
7741,1988-05-14,20:00,4,4451,Regulier,1,1
7742,1988-05-14,20:00,3,322,Regulier,3,0
7743,1988-05-14,20:00,19,16,Regulier,1,0
7744,1988-05-14,20:00,4549,12,Regulier,1,1
7745,1988-05-14,20:00,47,13,Regulier,1,2
7746,1988-05-21,20:00,4451,3,Regulier,1,0
7747,1988-05-21,20:00,7,22,Regulier,1,1
7748,1988-05-21,20:00,35,4549,Regulier,1,0
7749,1988-05-21,20:00,13,4,Regulier,1,4
7750,1988-05-21,20:00,16,1,Regulier,3,2
7751,1988-05-21,20:00,2300,25,Regulier,1,1
7752,1988-05-21,20:00,373,47,Regulier,1,2
7753,1988-05-21,20:00,322,282,Regulier,2,0
7754,1988-05-21,20:00,12,19,Regulier,0,0
7755,1988-08-14,15:00,4451,16,Regulier,2,0
7756,1988-08-14,16:00,282,13,Regulier,4,0
7757,1988-08-14,20:00,3,24,Regulier,2,0
7758,1988-08-14,20:00,373,47,Regulier,3,0
7759,1988-08-14,20:00,4,22,Regulier,3,0
7760,1988-08-14,20:00,25,12,Regulier,4,0
7761,1988-08-14,20:00,322,35,Regulier,0,3
7762,1988-08-14,20:00,1,2300,Regulier,2,2
7763,1988-08-14,20:00,30,19,Regulier,1,1
7764,1988-08-17,18:30,24,373,Regulier,1,3
7765,1988-08-17,20:00,12,1,Regulier,1,2
7766,1988-08-17,20:00,19,4,Regulier,0,0
7767,1988-08-17,20:00,2300,4451,Regulier,1,2
7768,1988-08-17,20:00,22,282,Regulier,0,0
7769,1988-08-17,20:00,13,3,Regulier,0,0
7770,1988-08-17,20:00,322,25,Regulier,1,1
7771,1988-08-17,20:00,16,30,Regulier,2,0
7772,1988-08-17,20:00,47,35,Regulier,0,2
7773,1988-08-21,15:00,4451,12,Regulier,2,2
7774,1988-08-21,15:00,3,22,Regulier,6,1
7775,1988-08-21,16:00,282,19,Regulier,0,0
7776,1988-08-21,20:00,373,13,Regulier,2,1
7777,1988-08-21,20:00,25,47,Regulier,2,0
7778,1988-08-21,20:00,35,24,Regulier,6,3
7779,1988-08-21,20:00,16,2300,Regulier,1,0
7780,1988-08-21,20:00,30,4,Regulier,1,4
7781,1988-08-21,20:00,1,322,Regulier,4,0
7782,1988-08-28,20:00,19,3,Regulier,3,4
7783,1988-08-28,20:00,2300,30,Regulier,2,2
7784,1988-08-28,20:00,4,282,Regulier,2,0
7785,1988-08-28,20:00,322,4451,Regulier,0,1
7786,1988-08-28,20:00,12,16,Regulier,2,0
7787,1988-08-28,20:00,24,25,Regulier,0,1
7788,1988-08-28,20:00,22,373,Regulier,0,0
7789,1988-08-28,20:00,47,1,Regulier,0,2
7790,1988-08-28,20:00,13,35,Regulier,1,4
7791,1988-08-31,20:00,2300,12,Regulier,2,0
7792,1988-08-31,20:00,4451,47,Regulier,1,0
7793,1988-08-31,20:00,16,322,Regulier,5,0
7794,1988-08-31,20:00,35,22,Regulier,2,0
7795,1988-08-31,20:00,25,13,Regulier,4,3
7796,1988-08-31,20:00,3,4,Regulier,2,2
7797,1988-08-31,20:00,1,24,Regulier,2,1
7798,1988-08-31,20:00,373,19,Regulier,3,0
7799,1988-08-31,20:00,30,282,Regulier,1,2
7800,1988-09-04,15:00,47,16,Regulier,2,2
7801,1988-09-04,15:00,12,30,Regulier,0,1
7802,1988-09-04,20:00,4,373,Regulier,4,0
7803,1988-09-04,20:00,282,3,Regulier,1,2
7804,1988-09-04,20:00,19,35,Regulier,2,0
7805,1988-09-04,20:00,322,2300,Regulier,1,0
7806,1988-09-04,20:00,24,4451,Regulier,2,2
7807,1988-09-04,20:00,22,25,Regulier,1,3
7808,1988-09-04,20:30,13,1,Regulier,5,1
7809,1988-09-11,15:00,4451,13,Regulier,1,2
7810,1988-09-11,15:00,12,322,Regulier,2,2
7811,1988-09-11,20:00,16,24,Regulier,2,1
7812,1988-09-11,20:00,35,4,Regulier,1,0
7813,1988-09-11,20:00,25,19,Regulier,3,1
7814,1988-09-11,20:00,373,282,Regulier,1,0
7815,1988-09-11,20:00,2300,47,Regulier,0,1
7816,1988-09-11,20:00,30,3,Regulier,0,3
7817,1988-09-11,20:00,1,22,Regulier,5,0
7818,1988-09-18,15:00,24,2300,Regulier,1,3
7819,1988-09-18,15:00,19,1,Regulier,1,2
7820,1988-09-18,15:00,4,25,Regulier,1,1
7821,1988-09-18,15:00,3,373,Regulier,4,0
7822,1988-09-18,15:00,282,35,Regulier,2,4
7823,1988-09-18,15:00,47,12,Regulier,2,1
7824,1988-09-18,20:00,13,16,Regulier,1,1
7825,1988-09-18,20:00,322,30,Regulier,0,0
7826,1988-09-18,20:00,22,4451,Regulier,3,0
7827,1988-09-21,20:00,1,4,Regulier,2,2
7828,1988-09-21,20:00,35,3,Regulier,1,0
7829,1988-09-21,20:00,4451,19,Regulier,2,5
7830,1988-09-21,20:00,25,282,Regulier,2,1
7831,1988-09-21,20:00,2300,13,Regulier,0,0
7832,1988-09-21,20:00,30,373,Regulier,1,1
7833,1988-09-21,20:00,16,22,Regulier,1,1
7834,1988-09-21,20:00,12,24,Regulier,0,0
7835,1988-09-21,20:00,322,47,Regulier,0,0
7836,1988-09-24,20:00,13,12,Regulier,1,0
7837,1988-09-24,20:00,373,35,Regulier,1,1
7838,1988-09-24,20:00,22,2300,Regulier,2,0
7839,1988-09-25,15:00,19,16,Regulier,3,1
7840,1988-09-25,15:00,282,1,Regulier,2,2
7841,1988-09-25,15:00,3,25,Regulier,0,1
7842,1988-09-25,15:00,47,30,Regulier,0,1
7843,1988-09-25,15:00,4,4451,Regulier,3,1
7844,1988-09-25,15:00,24,322,Regulier,4,0
7845,1988-10-01,20:00,16,4,Regulier,0,3
7846,1988-10-01,20:00,4451,282,Regulier,1,2
7847,1988-10-01,20:00,2300,19,Regulier,4,2
7848,1988-10-01,20:00,1,3,Regulier,1,2
7849,1988-10-01,20:00,322,13,Regulier,2,2
7850,1988-10-01,20:00,25,373,Regulier,3,0
7851,1988-10-01,20:00,30,35,Regulier,1,4
7852,1988-10-02,15:00,12,22,Regulier,2,0
7853,1988-10-02,15:00,47,24,Regulier,1,0
7854,1988-10-08,20:00,24,30,Regulier,1,0
7855,1988-10-08,20:00,35,25,Regulier,0,0
7856,1988-10-08,20:00,373,1,Regulier,0,0
7857,1988-10-08,20:00,22,322,Regulier,0,0
7858,1988-10-08,20:00,13,47,Regulier,1,3
7859,1988-10-09,15:00,4,2300,Regulier,1,0
7860,1988-10-09,15:00,282,16,Regulier,0,2
7861,1988-10-09,15:00,19,12,Regulier,3,1
7862,1988-10-09,15:00,3,4451,Regulier,2,3
7863,1988-10-22,20:00,30,25,Regulier,0,2
7864,1988-10-22,20:00,322,19,Regulier,0,2
7865,1988-10-22,20:00,1,35,Regulier,2,1
7866,1988-10-22,20:00,16,3,Regulier,0,0
7867,1988-10-22,20:00,12,4,Regulier,1,1
7868,1988-10-22,20:00,2300,282,Regulier,0,3
7869,1988-10-22,20:00,4451,373,Regulier,3,0
7870,1988-10-23,15:00,24,13,Regulier,1,0
7871,1988-10-23,15:00,47,22,Regulier,2,1
7872,1988-11-05,20:00,3,2300,Regulier,3,1
7873,1988-11-05,20:00,35,4451,Regulier,2,0
7874,1988-11-05,20:00,373,16,Regulier,3,1
7875,1988-11-05,20:00,4,322,Regulier,2,1
7876,1988-11-05,20:00,25,1,Regulier,2,1
7877,1988-11-05,20:00,22,24,Regulier,2,2
7878,1988-11-05,20:00,13,30,Regulier,0,1
7879,1988-11-06,15:00,282,12,Regulier,2,1
7880,1988-11-06,15:00,19,47,Regulier,3,1
7881,1988-11-19,20:00,24,19,Regulier,0,0
7882,1988-11-19,20:00,322,282,Regulier,2,1
7883,1988-11-19,20:00,13,22,Regulier,0,2
7884,1988-11-19,20:00,47,4,Regulier,1,3
7885,1988-11-19,20:00,30,1,Regulier,0,1
7886,1988-11-20,15:00,4451,25,Regulier,3,0
7887,1988-11-20,15:00,12,3,Regulier,3,1
7888,1988-11-20,15:00,16,35,Regulier,2,2
7889,1988-11-20,15:00,2300,373,Regulier,2,1
7890,1988-11-26,20:00,35,2300,Regulier,2,0
7891,1988-11-26,20:00,373,12,Regulier,2,1
7892,1988-11-26,20:00,1,4451,Regulier,1,1
7893,1988-11-26,20:00,25,16,Regulier,2,0
7894,1988-11-26,20:00,30,22,Regulier,1,1
7895,1988-11-27,15:00,19,13,Regulier,0,0
7896,1988-11-27,15:00,4,24,Regulier,7,1
7897,1988-11-27,15:00,282,47,Regulier,1,1
7898,1988-11-27,15:00,3,322,Regulier,3,0
7899,1988-12-03,20:00,22,19,Regulier,2,1
7900,1988-12-03,20:00,13,4,Regulier,1,0
7901,1988-12-03,20:00,16,1,Regulier,3,3
7902,1988-12-03,20:00,322,373,Regulier,0,1
7903,1988-12-04,15:00,4451,30,Regulier,0,1
7904,1988-12-04,15:00,2300,25,Regulier,1,1
7905,1988-12-04,15:00,12,35,Regulier,1,3
7906,1988-12-04,15:00,47,3,Regulier,1,4
7907,1988-12-04,15:00,24,282,Regulier,3,0
7908,1988-12-10,20:00,35,322,Regulier,6,1
7909,1988-12-10,20:00,22,4,Regulier,1,1
7910,1988-12-10,20:00,13,282,Regulier,2,2
7911,1988-12-11,15:00,47,373,Regulier,1,2
7912,1988-12-11,15:00,24,3,Regulier,1,1
7913,1988-12-11,15:00,16,4451,Regulier,2,1
7914,1988-12-11,15:00,19,30,Regulier,4,1
7915,1988-12-11,15:00,12,25,Regulier,0,2
7916,1988-12-11,15:00,2300,1,Regulier,1,1
7917,1988-12-17,20:00,35,47,Regulier,4,1
7918,1988-12-17,20:00,30,16,Regulier,0,3
7919,1988-12-17,20:00,373,24,Regulier,0,2
7920,1988-12-17,20:00,4,19,Regulier,1,1
7921,1988-12-17,20:00,25,322,Regulier,2,0
7922,1988-12-17,20:00,1,12,Regulier,3,0
7923,1988-12-17,20:00,3,13,Regulier,1,0
7924,1988-12-18,15:00,4451,2300,Regulier,4,1
7925,1988-12-18,15:00,282,22,Regulier,1,1
7926,1989-01-28,20:00,47,25,Regulier,0,4
7927,1989-01-28,20:00,22,3,Regulier,1,1
7928,1989-01-28,20:00,13,373,Regulier,1,0
7929,1989-01-28,20:00,322,1,Regulier,1,1
7930,1989-01-29,15:00,12,4451,Regulier,3,0
7931,1989-01-29,15:00,4,30,Regulier,0,1
7932,1989-01-29,15:00,19,282,Regulier,1,1
7933,1989-01-29,15:00,2300,16,Regulier,1,0
7934,1989-01-29,15:00,24,35,Regulier,0,4
7935,1989-02-04,20:00,30,2300,Regulier,0,2
7936,1989-02-04,20:00,1,47,Regulier,0,1
7937,1989-02-04,20:00,373,22,Regulier,0,0
7938,1989-02-04,20:00,25,24,Regulier,3,0
7939,1989-02-04,20:00,35,13,Regulier,3,3
7940,1989-02-05,15:00,16,12,Regulier,1,0
7941,1989-02-05,15:00,282,4,Regulier,0,3
7942,1989-02-05,15:00,3,19,Regulier,1,1
7943,1989-02-05,15:00,4451,322,Regulier,3,1
7944,1989-02-18,20:00,13,25,Regulier,1,3
7945,1989-02-18,20:00,322,16,Regulier,1,2
7946,1989-02-18,20:00,22,35,Regulier,0,0
7947,1989-02-19,15:00,19,373,Regulier,2,2
7948,1989-02-19,15:00,47,4451,Regulier,1,4
7949,1989-02-19,15:00,282,30,Regulier,0,1
7950,1989-02-19,15:00,12,2300,Regulier,0,1
7951,1989-02-19,15:00,4,3,Regulier,0,0
7952,1989-02-19,15:00,24,1,Regulier,0,2
7953,1989-02-25,20:00,16,47,Regulier,2,1
7954,1989-02-25,20:00,25,22,Regulier,3,0
7955,1989-02-25,20:00,35,19,Regulier,2,2
7956,1989-02-25,20:00,30,12,Regulier,1,1
7957,1989-02-25,20:00,373,4,Regulier,0,4
7958,1989-02-25,20:00,1,13,Regulier,4,1
7959,1989-02-26,15:00,2300,322,Regulier,2,1
7960,1989-02-26,15:00,3,282,Regulier,2,2
7961,1989-02-26,15:00,4451,24,Regulier,0,1
7962,1989-03-04,20:00,282,373,Regulier,4,2
7963,1989-03-04,20:00,13,4451,Regulier,1,1
7964,1989-03-04,20:00,4,35,Regulier,2,0
7965,1989-03-04,20:00,24,16,Regulier,1,3
7966,1989-03-04,20:00,322,12,Regulier,1,1
7967,1989-03-04,20:00,3,30,Regulier,3,1
7968,1989-03-04,20:00,22,1,Regulier,1,4
7969,1989-03-05,15:00,19,25,Regulier,0,0
7970,1989-03-05,15:00,47,2300,Regulier,3,2
7971,1989-03-11,20:00,373,3,Regulier,5,1
7972,1989-03-11,20:00,2300,24,Regulier,3,0
7973,1989-03-11,20:00,25,4,Regulier,1,0
7974,1989-03-11,20:00,35,282,Regulier,5,1
7975,1989-03-11,20:00,30,322,Regulier,1,0
7976,1989-03-11,20:00,1,19,Regulier,0,0
7977,1989-03-12,15:00,12,47,Regulier,2,0
7978,1989-03-12,15:00,4451,22,Regulier,1,2
7979,1989-03-12,15:00,16,13,Regulier,2,0
7980,1989-03-18,20:00,47,322,Regulier,3,0
7981,1989-03-18,20:00,19,4451,Regulier,2,0
7982,1989-03-18,20:00,373,30,Regulier,0,0
7983,1989-03-18,20:00,13,2300,Regulier,3,1
7984,1989-03-18,20:00,22,16,Regulier,0,0
7985,1989-03-18,20:00,24,12,Regulier,0,1
7986,1989-03-19,15:00,4,1,Regulier,0,1
7987,1989-03-19,15:00,282,25,Regulier,0,3
7988,1989-03-19,15:00,3,35,Regulier,1,1
7989,1989-03-25,20:00,25,3,Regulier,1,0
7990,1989-03-25,20:00,16,19,Regulier,2,2
7991,1989-03-25,20:00,35,373,Regulier,2,2
7992,1989-03-25,20:00,1,282,Regulier,4,1
7993,1989-03-25,20:00,12,13,Regulier,3,1
7994,1989-03-25,20:00,2300,22,Regulier,1,1
7995,1989-03-25,20:00,30,47,Regulier,3,1
7996,1989-03-25,20:00,322,24,Regulier,1,1
7997,1989-03-26,15:00,4451,4,Regulier,1,1
7998,1989-03-29,20:00,4,16,Regulier,1,0
7999,1989-03-29,20:00,19,2300,Regulier,1,1
8000,1989-03-29,20:00,13,322,Regulier,4,2
8001,1989-03-29,20:00,22,12,Regulier,1,2
8002,1989-03-29,20:00,282,4451,Regulier,2,1
8003,1989-03-29,20:00,3,1,Regulier,3,1
8004,1989-03-29,20:00,24,47,Regulier,2,0
8005,1989-03-29,20:00,373,25,Regulier,0,0
8006,1989-03-29,20:00,35,30,Regulier,4,2
8007,1989-04-01,20:00,16,282,Regulier,2,0
8008,1989-04-01,20:00,2300,4,Regulier,0,0
8009,1989-04-01,20:00,1,373,Regulier,0,1
8010,1989-04-01,20:00,4451,3,Regulier,4,2
8011,1989-04-01,20:00,322,22,Regulier,0,2
8012,1989-04-01,20:00,25,35,Regulier,1,2
8013,1989-04-02,15:00,30,24,Regulier,0,1
8014,1989-04-02,15:00,47,13,Regulier,3,0
8015,1989-04-02,15:00,12,19,Regulier,2,0
8016,1989-04-08,20:00,22,47,Regulier,0,0
8017,1989-04-08,20:00,3,16,Regulier,2,0
8018,1989-04-08,20:00,4,12,Regulier,4,0
8019,1989-04-08,20:00,282,2300,Regulier,3,0
8020,1989-04-08,20:00,373,4451,Regulier,2,2
8021,1989-04-08,20:00,13,24,Regulier,2,0
8022,1989-04-08,20:00,35,1,Regulier,1,1
8023,1989-04-08,20:00,25,30,Regulier,1,0
8024,1989-04-09,15:00,19,322,Regulier,6,2
8025,1989-04-15,20:00,2300,3,Regulier,3,2
8026,1989-04-15,20:00,30,13,Regulier,3,0
8027,1989-04-15,20:00,16,373,Regulier,1,0
8028,1989-04-15,20:00,1,25,Regulier,0,2
8029,1989-04-15,20:00,24,22,Regulier,2,0
8030,1989-04-15,20:00,322,4,Regulier,0,1
8031,1989-04-16,15:00,12,282,Regulier,2,2
8032,1989-04-16,15:00,47,19,Regulier,1,0
8033,1989-04-16,15:00,4451,35,Regulier,0,1
8034,1989-04-22,20:00,25,4451,Regulier,0,0
8035,1989-04-22,20:00,35,16,Regulier,2,0
8036,1989-04-22,20:00,373,2300,Regulier,1,0
8037,1989-04-22,20:00,1,30,Regulier,1,2
8038,1989-04-22,20:00,22,13,Regulier,2,2
8039,1989-04-23,15:00,19,24,Regulier,1,1
8040,1989-04-23,15:00,282,322,Regulier,0,0
8041,1989-04-23,15:00,3,12,Regulier,4,2
8042,1989-04-23,15:00,4,47,Regulier,1,1
8043,1989-05-06,20:00,13,19,Regulier,1,1
8044,1989-05-06,20:00,16,25,Regulier,3,4
8045,1989-05-06,20:00,4451,1,Regulier,1,4
8046,1989-05-06,20:00,24,4,Regulier,1,1
8047,1989-05-06,20:00,2300,35,Regulier,2,4
8048,1989-05-06,20:00,47,282,Regulier,1,2
8049,1989-05-06,20:00,22,30,Regulier,1,1
8050,1989-05-06,20:00,322,3,Regulier,0,1
8051,1989-05-06,20:00,12,373,Regulier,2,1
8052,1989-05-13,20:00,30,4451,Regulier,0,0
8053,1989-05-13,20:00,25,2300,Regulier,2,1
8054,1989-05-13,20:00,3,47,Regulier,4,3
8055,1989-05-13,20:00,373,322,Regulier,0,0
8056,1989-05-13,20:00,4,13,Regulier,6,1
8057,1989-05-13,20:00,282,24,Regulier,2,3
8058,1989-05-13,20:00,19,22,Regulier,2,2
8059,1989-05-13,20:00,1,16,Regulier,2,0
8060,1989-05-13,20:00,35,12,Regulier,4,2
8061,1989-08-16,20:00,282,1,Regulier,0,0
8062,1989-08-16,20:00,12,4,Regulier,1,0
8063,1989-08-16,20:00,25,7,Regulier,3,0
8064,1989-08-16,20:00,35,4451,Regulier,6,0
8065,1989-08-16,20:00,373,2300,Regulier,1,1
8066,1989-08-16,20:00,13,30,Regulier,0,0
8067,1989-08-16,20:00,19,3530,Regulier,3,1
8068,1989-08-16,20:00,16,3,Regulier,1,1
8069,1989-08-16,20:00,22,24,Regulier,3,0
8070,1989-08-20,15:00,3,19,Regulier,1,1
8071,1989-08-20,15:00,3530,25,Regulier,0,1
8072,1989-08-20,20:00,4,373,Regulier,2,0
8073,1989-08-20,20:00,7,22,Regulier,3,1
8074,1989-08-20,20:00,30,16,Regulier,0,4
8075,1989-08-20,20:00,24,282,Regulier,3,4
8076,1989-08-20,20:00,4451,12,Regulier,2,1
8077,1989-08-20,20:00,1,35,Regulier,2,2
8078,1989-08-20,20:00,2300,13,Regulier,0,0
8079,1989-09-03,20:00,19,30,Regulier,5,0
8080,1989-09-03,20:00,25,3,Regulier,3,1
8081,1989-09-03,20:00,35,24,Regulier,1,0
8082,1989-09-03,20:00,7,3530,Regulier,2,1
8083,1989-09-03,20:00,373,4451,Regulier,1,1
8084,1989-09-03,20:00,12,1,Regulier,2,0
8085,1989-09-03,20:00,13,4,Regulier,1,0
8086,1989-09-03,20:00,22,282,Regulier,3,1
8087,1989-09-03,20:00,16,2300,Regulier,1,1
8088,1989-09-10,15:00,3530,22,Regulier,1,0
8089,1989-09-10,15:00,4451,13,Regulier,4,0
8090,1989-09-10,20:00,30,25,Regulier,1,1
8091,1989-09-10,20:00,282,35,Regulier,1,3
8092,1989-09-10,20:00,3,7,Regulier,4,1
8093,1989-09-10,20:00,1,373,Regulier,2,0
8094,1989-09-10,20:00,2300,19,Regulier,4,1
8095,1989-09-10,20:00,4,16,Regulier,0,0
8096,1989-09-10,20:00,24,12,Regulier,1,2
8097,1989-09-17,15:00,19,4,Regulier,1,0
8098,1989-09-17,15:00,3530,3,Regulier,2,2
8099,1989-09-17,15:00,12,282,Regulier,3,1
8100,1989-09-17,20:00,373,24,Regulier,0,0
8101,1989-09-17,20:00,13,1,Regulier,1,1
8102,1989-09-17,20:00,25,2300,Regulier,4,0
8103,1989-09-17,20:00,7,30,Regulier,1,1
8104,1989-09-17,20:00,22,35,Regulier,0,0
8105,1989-09-17,20:00,16,4451,Regulier,1,1
8106,1989-09-24,15:00,282,373,Regulier,2,0
8107,1989-09-24,15:00,4451,19,Regulier,0,1
8108,1989-09-24,20:00,24,13,Regulier,1,3
8109,1989-09-24,20:00,3,22,Regulier,1,0
8110,1989-09-24,20:00,30,3530,Regulier,2,1
8111,1989-09-24,20:00,1,16,Regulier,2,1
8112,1989-09-24,20:00,2300,7,Regulier,1,0
8113,1989-09-24,20:00,35,12,Regulier,4,0
8114,1989-09-24,20:00,4,25,Regulier,0,0
8115,1989-10-01,15:00,19,1,Regulier,0,6
8116,1989-10-01,15:00,3,30,Regulier,2,0
8117,1989-10-01,15:00,3530,2300,Regulier,3,0
8118,1989-10-01,20:00,373,35,Regulier,0,4
8119,1989-10-01,20:00,25,4451,Regulier,2,0
8120,1989-10-01,20:00,7,4,Regulier,3,0
8121,1989-10-01,20:00,13,282,Regulier,2,3
8122,1989-10-01,20:00,16,24,Regulier,2,1
8123,1989-10-01,20:00,22,12,Regulier,2,1
8124,1989-10-08,20:00,4451,7,Regulier,0,3
8125,1989-10-08,20:00,30,22,Regulier,2,1
8126,1989-10-08,20:00,282,16,Regulier,0,0
8127,1989-10-08,20:00,35,13,Regulier,2,0
8128,1989-10-08,20:00,12,373,Regulier,2,1
8129,1989-10-08,20:00,4,3530,Regulier,2,0
8130,1989-10-08,20:00,24,19,Regulier,0,0
8131,1989-10-08,20:00,1,25,Regulier,1,1
8132,1989-10-08,20:00,2300,3,Regulier,0,1
8133,1989-10-15,15:00,3530,4451,Regulier,3,1
8134,1989-10-15,15:00,19,282,Regulier,0,1
8135,1989-10-15,20:00,16,35,Regulier,0,2
8136,1989-10-15,20:00,7,1,Regulier,1,1
8137,1989-10-15,20:00,30,2300,Regulier,4,0
8138,1989-10-15,20:00,25,24,Regulier,5,1
8139,1989-10-15,20:00,3,4,Regulier,2,0
8140,1989-10-15,20:00,13,12,Regulier,0,0
8141,1989-10-15,20:00,22,373,Regulier,0,1
8142,1989-10-21,20:00,35,19,Regulier,3,0
8143,1989-10-21,20:00,4,30,Regulier,4,2
8144,1989-10-21,20:00,2300,22,Regulier,4,0
8145,1989-10-21,20:00,24,7,Regulier,2,0
8146,1989-10-21,20:00,282,25,Regulier,0,0
8147,1989-10-21,20:00,1,3530,Regulier,4,1
8148,1989-10-21,20:00,4451,3,Regulier,1,3
8149,1989-10-21,20:00,12,16,Regulier,3,1
8150,1989-10-21,20:00,373,13,Regulier,1,1
8151,1989-11-04,20:00,16,373,Regulier,2,1
8152,1989-11-04,20:00,7,282,Regulier,0,0
8153,1989-11-04,20:00,2300,4,Regulier,2,1
8154,1989-11-04,20:00,30,4451,Regulier,2,0
8155,1989-11-04,20:00,25,35,Regulier,0,0
8156,1989-11-04,20:00,22,13,Regulier,4,0
8157,1989-11-05,15:00,3530,24,Regulier,2,0
8158,1989-11-05,15:00,3,1,Regulier,0,2
8159,1989-11-05,15:00,19,12,Regulier,0,3
8160,1989-11-11,20:00,373,19,Regulier,1,1
8161,1989-11-11,20:00,13,16,Regulier,0,3
8162,1989-11-11,20:00,35,7,Regulier,0,1
8163,1989-11-11,20:00,24,3,Regulier,1,2
8164,1989-11-11,20:00,4,22,Regulier,0,1
8165,1989-11-12,15:00,1,30,Regulier,4,1
8166,1989-11-12,15:00,12,25,Regulier,0,0
8167,1989-11-12,15:00,282,3530,Regulier,2,1
8168,1989-11-12,15:00,4451,2300,Regulier,4,0
8169,1989-11-18,20:00,22,16,Regulier,0,2
8170,1989-11-18,20:00,30,24,Regulier,0,0
8171,1989-11-18,20:00,25,373,Regulier,4,0
8172,1989-11-18,20:00,2300,1,Regulier,3,1
8173,1989-11-18,20:00,4,4451,Regulier,2,0
8174,1989-11-18,20:00,7,12,Regulier,1,1
8175,1989-11-19,15:00,3530,35,Regulier,3,1
8176,1989-11-19,15:00,3,282,Regulier,3,1
8177,1989-11-19,15:00,19,13,Regulier,3,1
8178,1989-11-25,20:00,13,25,Regulier,0,0
8179,1989-11-25,20:00,24,2300,Regulier,1,0
8180,1989-11-25,20:00,373,7,Regulier,2,1
8181,1989-11-25,20:00,35,3,Regulier,0,0
8182,1989-11-25,20:00,16,19,Regulier,0,0
8183,1989-11-26,15:00,282,30,Regulier,1,3
8184,1989-11-26,15:00,1,4,Regulier,1,1
8185,1989-11-26,15:00,12,3530,Regulier,1,1
8186,1989-11-26,15:00,4451,22,Regulier,2,2
8187,1989-12-02,20:00,2300,282,Regulier,0,2
8188,1989-12-02,20:00,25,16,Regulier,4,0
8189,1989-12-02,20:00,30,35,Regulier,0,4
8190,1989-12-02,20:00,22,19,Regulier,0,0
8191,1989-12-02,20:00,4,24,Regulier,0,0
8192,1989-12-03,14:30,3530,373,Regulier,1,0
8193,1989-12-03,15:00,3,12,Regulier,2,1
8194,1989-12-03,20:00,4451,1,Regulier,1,4
8195,1989-12-03,20:00,7,13,Regulier,2,0
8196,1989-12-09,20:00,373,3,Regulier,1,4
8197,1989-12-09,20:00,35,2300,Regulier,1,0
8198,1989-12-09,20:00,22,1,Regulier,3,3
8199,1989-12-09,20:00,13,3530,Regulier,1,0
8200,1989-12-10,15:00,12,30,Regulier,1,2
8201,1989-12-10,15:00,24,4451,Regulier,0,0
8202,1989-12-10,15:00,282,4,Regulier,1,1
8203,1989-12-10,15:00,19,25,Regulier,0,0
8204,1989-12-10,15:00,16,7,Regulier,1,1
8205,1989-12-16,20:00,30,373,Regulier,1,3
8206,1989-12-16,20:00,2300,12,Regulier,1,4
8207,1989-12-16,20:00,4,35,Regulier,0,1
8208,1989-12-16,20:00,25,22,Regulier,1,1
8209,1989-12-17,14:30,3530,16,Regulier,1,4
8210,1989-12-17,15:00,1,24,Regulier,1,0
8211,1989-12-17,15:00,7,19,Regulier,0,0
8212,1989-12-17,15:00,4451,282,Regulier,1,1
8213,1989-12-17,15:00,3,13,Regulier,3,0
8214,1990-01-20,20:00,1,282,Regulier,5,0
8215,1990-01-20,20:00,30,13,Regulier,3,2
8216,1990-01-20,20:00,7,25,Regulier,0,0
8217,1990-01-21,15:00,3530,19,Regulier,2,0
8218,1990-01-21,15:00,3,16,Regulier,2,1
8219,1990-01-21,15:00,4451,35,Regulier,0,5
8220,1990-01-21,15:00,4,12,Regulier,0,0
8221,1990-01-21,15:00,2300,373,Regulier,0,0
8222,1990-01-21,15:00,24,22,Regulier,1,1
8223,1990-01-27,20:00,13,2300,Regulier,4,1
8224,1990-01-27,20:00,25,3530,Regulier,3,0
8225,1990-01-27,20:00,373,4,Regulier,1,1
8226,1990-01-27,20:00,35,1,Regulier,0,1
8227,1990-01-27,20:00,22,7,Regulier,2,1
8228,1990-01-28,15:00,19,3,Regulier,0,3
8229,1990-01-28,15:00,282,24,Regulier,0,0
8230,1990-01-28,15:00,16,30,Regulier,2,0
8231,1990-01-28,15:00,12,4451,Regulier,3,1
8232,1990-02-03,20:00,24,35,Regulier,0,3
8233,1990-02-03,20:00,1,12,Regulier,1,1
8234,1990-02-03,20:00,30,19,Regulier,3,0
8235,1990-02-04,15:00,3530,7,Regulier,0,1
8236,1990-02-04,15:00,2300,16,Regulier,0,1
8237,1990-02-04,15:00,3,25,Regulier,3,0
8238,1990-02-04,15:00,4451,373,Regulier,0,3
8239,1990-02-04,15:00,4,13,Regulier,3,1
8240,1990-02-04,15:00,282,22,Regulier,3,1
8241,1990-02-10,20:00,35,282,Regulier,7,0
8242,1990-02-10,20:00,22,3530,Regulier,4,0
8243,1990-02-10,20:00,16,4,Regulier,2,0
8244,1990-02-10,20:00,373,1,Regulier,1,0
8245,1990-02-10,20:00,13,4451,Regulier,2,0
8246,1990-02-10,20:00,25,30,Regulier,2,0
8247,1990-02-11,15:00,7,3,Regulier,2,2
8248,1990-02-11,15:00,12,24,Regulier,4,1
8249,1990-02-11,15:00,19,2300,Regulier,4,0
8250,1990-02-17,20:00,30,7,Regulier,0,1
8251,1990-02-17,20:00,1,13,Regulier,4,0
8252,1990-02-17,20:00,35,22,Regulier,5,0
8253,1990-02-17,20:00,24,373,Regulier,3,0
8254,1990-02-18,15:00,3,3530,Regulier,4,0
8255,1990-02-18,15:00,282,12,Regulier,2,1
8256,1990-02-18,15:00,4,19,Regulier,3,1
8257,1990-02-18,15:00,2300,25,Regulier,1,3
8258,1990-02-18,15:00,4451,16,Regulier,1,1
8259,1990-02-24,20:00,22,3,Regulier,0,1
8260,1990-02-24,20:00,373,282,Regulier,0,1
8261,1990-02-24,20:00,13,24,Regulier,2,1
8262,1990-02-24,20:00,16,1,Regulier,2,1
8263,1990-02-24,20:00,25,4,Regulier,7,0
8264,1990-02-25,15:00,3530,30,Regulier,4,1
8265,1990-02-25,15:00,12,35,Regulier,1,2
8266,1990-02-25,15:00,19,4451,Regulier,1,2
8267,1990-02-25,15:00,7,2300,Regulier,2,0
8268,1990-03-01,20:00,1,19,Regulier,2,0
8269,1990-03-02,20:00,35,373,Regulier,3,0
8270,1990-03-03,20:00,30,3,Regulier,1,5
8271,1990-03-03,20:00,4,7,Regulier,2,2
8272,1990-03-03,20:00,4451,25,Regulier,0,2
8273,1990-03-03,20:00,24,16,Regulier,1,0
8274,1990-03-03,20:00,2300,3530,Regulier,0,3
8275,1990-03-04,15:00,12,22,Regulier,3,3
8276,1990-03-04,15:00,282,13,Regulier,0,2
8277,1990-03-10,20:00,13,35,Regulier,1,3
8278,1990-03-10,20:00,373,12,Regulier,1,0
8279,1990-03-10,20:00,22,30,Regulier,3,1
8280,1990-03-10,20:00,16,282,Regulier,5,0
8281,1990-03-10,20:00,7,4451,Regulier,2,2
8282,1990-03-10,20:00,25,1,Regulier,0,0
8283,1990-03-11,15:00,19,24,Regulier,6,2
8284,1990-03-11,15:00,3530,4,Regulier,0,0
8285,1990-03-11,15:00,3,2300,Regulier,2,0
8286,1990-03-15,20:00,1,7,Regulier,2,2
8287,1990-03-17,20:00,4,3,Regulier,0,0
8288,1990-03-17,20:00,35,16,Regulier,1,0
8289,1990-03-17,20:00,2300,30,Regulier,0,0
8290,1990-03-17,20:00,373,22,Regulier,0,0
8291,1990-03-17,20:00,24,25,Regulier,0,4
8292,1990-03-18,15:00,282,19,Regulier,0,1
8293,1990-03-18,15:00,12,13,Regulier,0,2
8294,1990-03-18,15:00,4451,3530,Regulier,1,1
8295,1990-03-24,20:00,16,12,Regulier,4,1
8296,1990-03-24,20:00,13,373,Regulier,0,0
8297,1990-03-24,20:00,7,24,Regulier,4,1
8298,1990-03-24,20:00,25,282,Regulier,3,0
8299,1990-03-24,20:00,30,4,Regulier,2,1
8300,1990-03-24,20:00,22,2300,Regulier,1,1
8301,1990-03-25,15:00,3530,1,Regulier,1,3
8302,1990-03-25,15:00,19,35,Regulier,0,2
8303,1990-03-25,15:00,3,4451,Regulier,3,0
8304,1990-03-31,20:00,1,3,Regulier,0,4
8305,1990-03-31,20:00,12,19,Regulier,1,2
8306,1990-03-31,20:00,13,22,Regulier,2,0
8307,1990-03-31,20:00,35,25,Regulier,0,3
8308,1990-03-31,20:00,282,7,Regulier,1,1
8309,1990-03-31,20:00,24,3530,Regulier,1,1
8310,1990-03-31,20:00,4451,30,Regulier,2,1
8311,1990-03-31,20:00,373,16,Regulier,1,1
8312,1990-04-01,15:00,4,2300,Regulier,3,2
8313,1990-04-07,20:00,25,12,Regulier,3,0
8314,1990-04-07,20:00,16,13,Regulier,1,1
8315,1990-04-07,20:00,22,4,Regulier,2,0
8316,1990-04-07,20:00,2300,4451,Regulier,1,0
8317,1990-04-07,20:00,7,35,Regulier,1,2
8318,1990-04-07,20:00,30,1,Regulier,2,1
8319,1990-04-08,15:00,19,373,Regulier,2,1
8320,1990-04-08,15:00,3,24,Regulier,4,0
8321,1990-04-08,15:00,3530,282,Regulier,2,2
8322,1990-04-14,20:00,373,25,Regulier,1,0
8323,1990-04-14,20:00,12,7,Regulier,1,0
8324,1990-04-14,20:00,282,3,Regulier,0,3
8325,1990-04-14,20:00,35,3530,Regulier,2,0
8326,1990-04-14,20:00,24,30,Regulier,1,1
8327,1990-04-14,20:00,16,22,Regulier,5,1
8328,1990-04-14,20:00,4451,4,Regulier,3,1
8329,1990-04-14,20:00,1,2300,Regulier,0,0
8330,1990-04-14,20:00,13,19,Regulier,0,2
8331,1990-04-20,20:00,4,1,Regulier,1,1
8332,1990-04-21,20:00,25,13,Regulier,2,2
8333,1990-04-21,20:00,7,373,Regulier,2,1
8334,1990-04-21,20:00,22,4451,Regulier,0,2
8335,1990-04-21,20:00,30,282,Regulier,4,3
8336,1990-04-21,20:00,2300,24,Regulier,3,4
8337,1990-04-22,15:00,3,35,Regulier,3,0
8338,1990-04-22,15:00,19,16,Regulier,0,1
8339,1990-04-22,15:00,3530,12,Regulier,2,1
8340,1990-04-28,20:00,35,30,Regulier,2,1
8341,1990-04-28,20:00,13,7,Regulier,2,0
8342,1990-04-28,20:00,373,3530,Regulier,0,0
8343,1990-04-28,20:00,24,4,Regulier,1,1
8344,1990-04-28,20:00,1,4451,Regulier,4,0
8345,1990-04-29,15:00,12,3,Regulier,0,2
8346,1990-04-29,15:00,16,25,Regulier,2,0
8347,1990-04-29,15:00,282,2300,Regulier,0,3
8348,1990-04-29,15:00,19,22,Regulier,3,2
8349,1990-05-05,20:00,1,22,Regulier,3,0
8350,1990-05-05,20:00,4451,24,Regulier,2,1
8351,1990-05-05,20:00,3530,13,Regulier,0,1
8352,1990-05-05,20:00,30,12,Regulier,1,3
8353,1990-05-05,20:00,4,282,Regulier,4,0
8354,1990-05-05,20:00,25,19,Regulier,1,0
8355,1990-05-05,20:00,7,16,Regulier,5,1
8356,1990-05-05,20:00,2300,35,Regulier,1,1
8357,1990-05-05,20:00,3,373,Regulier,3,0
8358,1990-05-12,20:00,16,3530,Regulier,2,0
8359,1990-05-12,20:00,13,3,Regulier,0,0
8360,1990-05-12,20:00,19,7,Regulier,1,0
8361,1990-05-12,20:00,35,4,Regulier,4,2
8362,1990-05-12,20:00,12,2300,Regulier,0,1
8363,1990-05-12,20:00,282,4451,Regulier,1,1
8364,1990-05-12,20:00,22,25,Regulier,0,3
8365,1990-05-12,20:00,24,1,Regulier,0,0
8366,1990-05-12,20:00,373,30,Regulier,2,0
8367,1990-08-19,15:00,3530,282,Regulier,3,0
8368,1990-08-19,15:00,19,1,Regulier,4,1
8369,1990-08-19,20:00,16,13,Regulier,7,1
8370,1990-08-19,20:00,22,4451,Regulier,1,0
8371,1990-08-19,20:00,30,25,Regulier,0,4
8372,1990-08-19,20:00,7,373,Regulier,6,3
8373,1990-08-19,20:00,3,47,Regulier,2,0
8374,1990-08-19,20:00,35,12,Regulier,0,0
8375,1990-08-19,20:00,322,4,Regulier,1,0
8376,1990-08-26,20:00,12,3530,Regulier,3,2
8377,1990-08-26,20:00,4451,16,Regulier,1,1
8378,1990-08-26,20:00,25,3,Regulier,1,1
8379,1990-08-26,20:00,4,7,Regulier,0,1
8380,1990-08-26,20:00,373,19,Regulier,1,0
8381,1990-08-26,20:00,13,322,Regulier,1,1
8382,1990-08-26,20:00,47,22,Regulier,1,1
8383,1990-08-26,20:00,282,30,Regulier,2,0
8384,1990-08-26,20:00,1,35,Regulier,1,0
8385,1990-08-29,20:00,35,373,Regulier,1,0
8386,1990-08-29,20:00,30,12,Regulier,4,0
8387,1990-08-29,20:00,3,282,Regulier,1,0
8388,1990-08-29,20:00,322,7,Regulier,0,3
8389,1990-08-29,20:00,16,47,Regulier,1,0
8390,1990-08-29,20:00,3530,1,Regulier,2,2
8391,1990-08-29,20:00,13,4451,Regulier,1,1
8392,1990-08-29,20:00,19,4,Regulier,2,0
8393,1990-08-29,20:00,22,25,Regulier,5,1
8394,1990-09-02,15:00,12,3,Regulier,0,1
8395,1990-09-02,15:00,4451,322,Regulier,4,0
8396,1990-09-02,15:00,47,13,Regulier,4,1
8397,1990-09-02,20:00,373,3530,Regulier,1,1
8398,1990-09-02,20:00,4,35,Regulier,4,2
8399,1990-09-02,20:00,1,30,Regulier,2,0
8400,1990-09-02,20:00,282,22,Regulier,0,1
8401,1990-09-02,20:00,25,16,Regulier,1,3
8402,1990-09-02,20:00,7,19,Regulier,2,1
8403,1990-09-16,15:00,4451,47,Regulier,2,0
8404,1990-09-16,15:00,3530,4,Regulier,2,2
8405,1990-09-16,20:00,30,373,Regulier,0,0
8406,1990-09-16,20:00,13,25,Regulier,2,2
8407,1990-09-16,20:00,35,7,Regulier,1,1
8408,1990-09-16,20:00,3,1,Regulier,2,0
8409,1990-09-16,20:00,22,12,Regulier,1,2
8410,1990-09-16,20:00,16,282,Regulier,3,1
8411,1990-09-16,20:00,322,19,Regulier,2,0
8412,1990-09-23,15:00,282,13,Regulier,3,1
8413,1990-09-23,15:00,4,30,Regulier,0,0
8414,1990-09-23,15:00,19,35,Regulier,1,7
8415,1990-09-23,15:00,47,322,Regulier,2,0
8416,1990-09-23,20:00,1,22,Regulier,1,1
8417,1990-09-23,20:00,25,4451,Regulier,1,0
8418,1990-09-23,20:00,12,16,Regulier,0,0
8419,1990-09-23,20:00,7,3530,Regulier,2,0
8420,1990-09-23,20:00,373,3,Regulier,0,2
8421,1990-09-30,15:00,3530,19,Regulier,5,1
8422,1990-09-30,15:00,4451,282,Regulier,1,1
8423,1990-09-30,20:00,16,1,Regulier,2,1
8424,1990-09-30,20:00,22,373,Regulier,0,0
8425,1990-09-30,20:00,13,12,Regulier,3,2
8426,1990-09-30,20:00,47,25,Regulier,0,1
8427,1990-09-30,20:00,30,7,Regulier,0,1
8428,1990-09-30,20:00,322,35,Regulier,0,3
8429,1990-09-30,20:00,3,4,Regulier,3,1
8430,1990-10-07,15:00,1,13,Regulier,3,0
8431,1990-10-07,15:00,7,3,Regulier,1,1
8432,1990-10-07,15:00,12,4451,Regulier,3,0
8433,1990-10-07,15:00,19,30,Regulier,1,2
8434,1990-10-07,20:00,25,322,Regulier,6,0
8435,1990-10-07,20:00,282,47,Regulier,3,0
8436,1990-10-07,20:00,35,3530,Regulier,4,0
8437,1990-10-07,20:00,4,22,Regulier,2,0
8438,1990-10-07,20:00,373,16,Regulier,0,1
8439,1990-10-14,20:00,13,373,Regulier,4,0
8440,1990-10-14,20:00,47,12,Regulier,4,3
8441,1990-10-14,20:00,3,19,Regulier,1,1
8442,1990-10-14,20:00,25,282,Regulier,0,0
8443,1990-10-14,20:00,22,7,Regulier,2,2
8444,1990-10-14,20:00,16,4,Regulier,2,2
8445,1990-10-14,20:00,322,3530,Regulier,1,1
8446,1990-10-14,20:00,30,35,Regulier,0,4
8447,1990-10-14,20:00,4451,1,Regulier,1,5
8448,1990-10-20,20:00,7,16,Regulier,1,1
8449,1990-10-20,20:00,35,3,Regulier,5,1
8450,1990-10-20,20:00,1,47,Regulier,1,1
8451,1990-10-20,20:00,4,13,Regulier,2,0
8452,1990-10-20,20:00,373,4451,Regulier,3,1
8453,1990-10-21,15:00,282,322,Regulier,4,2
8454,1990-10-21,15:00,19,22,Regulier,2,1
8455,1990-10-21,15:00,3530,30,Regulier,1,0
8456,1990-10-21,15:00,12,25,Regulier,0,2
8457,1990-11-02,20:00,13,7,Regulier,2,3
8458,1990-11-03,20:00,4451,4,Regulier,1,0
8459,1990-11-03,20:00,16,19,Regulier,1,0
8460,1990-11-03,20:00,3,3530,Regulier,2,1
8461,1990-11-03,20:00,22,35,Regulier,1,1
8462,1990-11-03,20:00,25,1,Regulier,2,2
8463,1990-11-03,20:00,322,30,Regulier,0,0
8464,1990-11-04,15:00,282,12,Regulier,2,0
8465,1990-11-04,15:00,47,373,Regulier,2,2
8466,1990-11-10,20:00,4,47,Regulier,2,0
8467,1990-11-10,20:00,35,16,Regulier,5,1
8468,1990-11-10,20:00,1,282,Regulier,0,0
8469,1990-11-10,20:00,30,3,Regulier,1,1
8470,1990-11-10,20:00,7,4451,Regulier,4,0
8471,1990-11-10,20:00,373,25,Regulier,0,3
8472,1990-11-11,15:00,12,322,Regulier,3,1
8473,1990-11-11,15:00,19,13,Regulier,1,3
8474,1990-11-11,15:00,3530,22,Regulier,1,0
8475,1990-11-13,20:00,25,4,Regulier,2,0
8476,1990-11-14,20:00,47,7,Regulier,1,5
8477,1990-11-14,20:00,322,3,Regulier,2,1
8478,1990-11-14,20:00,282,373,Regulier,2,0
8479,1990-11-14,20:00,16,3530,Regulier,2,2
8480,1990-11-14,20:00,13,35,Regulier,0,2
8481,1990-11-14,20:00,4451,19,Regulier,0,0
8482,1990-11-14,20:00,22,30,Regulier,1,1
8483,1990-11-14,20:00,12,1,Regulier,1,1
8484,1990-11-17,20:00,35,4451,Regulier,4,0
8485,1990-11-17,20:00,30,16,Regulier,0,0
8486,1990-11-17,20:00,7,25,Regulier,2,1
8487,1990-11-17,20:00,373,12,Regulier,0,1
8488,1990-11-17,20:00,3,22,Regulier,3,0
8489,1990-11-18,15:00,4,282,Regulier,2,2
8490,1990-11-18,15:00,19,47,Regulier,2,0
8491,1990-11-18,15:00,3530,13,Regulier,2,0
8492,1990-11-18,15:00,1,322,Regulier,6,2
8493,1990-11-23,20:00,322,22,Regulier,1,1
8494,1990-11-24,20:00,47,35,Regulier,1,2
8495,1990-11-24,20:00,16,3,Regulier,0,0
8496,1990-11-24,20:00,13,30,Regulier,3,0
8497,1990-11-24,20:00,25,19,Regulier,3,2
8498,1990-11-25,15:00,12,4,Regulier,1,1
8499,1990-11-25,15:00,282,7,Regulier,1,2
8500,1990-11-25,15:00,4451,3530,Regulier,3,0
8501,1990-11-25,15:00,1,373,Regulier,2,2
8502,1990-12-01,20:00,4,1,Regulier,1,1
8503,1990-12-01,20:00,35,25,Regulier,0,0
8504,1990-12-01,20:00,22,16,Regulier,2,0
8505,1990-12-01,20:00,322,373,Regulier,1,0
8506,1990-12-01,20:00,7,12,Regulier,3,0
8507,1990-12-01,20:00,30,4451,Regulier,2,0
8508,1990-12-01,20:00,3,13,Regulier,3,0
8509,1990-12-02,15:00,19,282,Regulier,0,1
8510,1990-12-02,15:00,3530,47,Regulier,2,0
8511,1990-12-07,20:00,373,4,Regulier,1,1
8512,1990-12-08,16:00,282,35,Regulier,0,1
8513,1990-12-08,20:00,13,22,Regulier,0,2
8514,1990-12-08,20:00,25,3530,Regulier,2,1
8515,1990-12-08,20:00,16,322,Regulier,3,1
8516,1990-12-09,15:00,47,30,Regulier,0,0
8517,1990-12-09,15:00,4451,3,Regulier,2,2
8518,1990-12-09,15:00,1,7,Regulier,4,1
8519,1990-12-09,15:00,12,19,Regulier,2,0
8520,1990-12-14,20:00,47,3,Regulier,0,1
8521,1990-12-15,20:00,13,16,Regulier,1,2
8522,1990-12-15,20:00,4,322,Regulier,2,1
8523,1990-12-15,20:00,25,30,Regulier,2,0
8524,1990-12-15,20:00,373,7,Regulier,0,0
8525,1990-12-16,15:00,12,35,Regulier,1,3
8526,1990-12-16,15:00,1,19,Regulier,2,2
8527,1990-12-16,15:00,4451,22,Regulier,0,0
8528,1990-12-16,15:00,282,3530,Regulier,2,5
8529,1991-01-11,20:00,35,1,Regulier,3,0
8530,1991-01-12,20:00,322,13,Regulier,2,0
8531,1991-01-12,20:00,22,47,Regulier,0,0
8532,1991-01-12,20:00,7,4,Regulier,1,0
8533,1991-01-12,20:00,30,282,Regulier,0,2
8534,1991-01-13,15:00,16,4451,Regulier,1,0
8535,1991-01-13,15:00,3,25,Regulier,1,1
8536,1991-01-13,15:00,19,373,Regulier,0,1
8537,1991-01-13,15:00,3530,12,Regulier,6,1
8538,1991-01-18,20:00,1,3530,Regulier,0,1
8539,1991-01-19,20:00,373,35,Regulier,1,2
8540,1991-01-20,15:00,12,30,Regulier,0,0
8541,1991-01-20,15:00,47,16,Regulier,0,1
8542,1991-01-20,15:00,282,3,Regulier,0,1
8543,1991-01-20,15:00,4451,13,Regulier,1,1
8544,1991-01-20,15:00,7,322,Regulier,6,1
8545,1991-01-20,20:00,25,22,Regulier,0,0
8546,1991-01-20,20:00,4,19,Regulier,2,0
8547,1991-01-26,20:00,13,47,Regulier,1,3
8548,1991-01-26,20:00,322,4451,Regulier,1,1
8549,1991-01-26,20:00,35,4,Regulier,3,1
8550,1991-01-26,20:00,16,25,Regulier,0,1
8551,1991-01-26,20:00,30,1,Regulier,2,1
8552,1991-01-26,20:00,22,282,Regulier,1,1
8553,1991-01-27,15:00,3530,373,Regulier,1,0
8554,1991-01-27,15:00,3,12,Regulier,10,0
8555,1991-01-27,15:00,19,7,Regulier,1,2
8556,1991-02-02,20:00,25,13,Regulier,1,0
8557,1991-02-02,20:00,4,3530,Regulier,1,0
8558,1991-02-02,20:00,373,30,Regulier,2,0
8559,1991-02-03,15:00,12,22,Regulier,1,0
8560,1991-02-03,15:00,282,16,Regulier,2,2
8561,1991-02-03,15:00,47,4451,Regulier,0,0
8562,1991-02-03,15:00,1,3,Regulier,0,0
8563,1991-02-03,15:00,7,35,Regulier,1,1
8564,1991-02-03,15:00,19,322,Regulier,5,0
8565,1991-02-10,15:00,4451,25,Regulier,1,0
8566,1991-02-10,15:00,3530,7,Regulier,3,1
8567,1991-02-10,15:00,16,12,Regulier,3,2
8568,1991-02-10,15:00,3,373,Regulier,2,0
8569,1991-02-10,20:00,35,19,Regulier,3,0
8570,1991-02-10,20:00,22,1,Regulier,1,1
8571,1991-02-10,20:00,30,4,Regulier,1,1
8572,1991-02-10,20:00,13,282,Regulier,2,0
8573,1991-02-10,20:00,322,47,Regulier,0,0
8574,1991-02-17,15:00,19,3530,Regulier,0,0
8575,1991-02-17,15:00,12,13,Regulier,3,0
8576,1991-02-17,15:00,282,4451,Regulier,1,1
8577,1991-02-17,20:00,35,322,Regulier,1,1
8578,1991-02-17,20:00,1,16,Regulier,4,0
8579,1991-02-17,20:00,7,30,Regulier,5,1
8580,1991-02-17,20:00,25,47,Regulier,4,0
8581,1991-02-17,20:00,4,3,Regulier,0,2
8582,1991-02-17,20:00,373,22,Regulier,0,0
8583,1991-02-22,20:00,3530,35,Regulier,3,2
8584,1991-02-23,20:00,30,19,Regulier,0,1
8585,1991-02-23,20:00,16,373,Regulier,1,1
8586,1991-02-23,20:00,47,282,Regulier,0,2
8587,1991-02-23,20:00,3,7,Regulier,0,1
8588,1991-02-23,20:00,322,25,Regulier,1,2
8589,1991-02-23,20:00,22,4,Regulier,2,0
8590,1991-02-23,20:00,13,1,Regulier,1,2
8591,1991-02-24,15:00,4451,12,Regulier,3,1
8592,1991-03-01,20:00,4,16,Regulier,4,2
8593,1991-03-02,20:00,373,13,Regulier,1,1
8594,1991-03-02,20:00,35,30,Regulier,1,0
8595,1991-03-02,20:00,7,22,Regulier,1,1
8596,1991-03-03,15:00,3530,322,Regulier,2,0
8597,1991-03-03,15:00,12,47,Regulier,1,1
8598,1991-03-03,15:00,282,25,Regulier,0,1
8599,1991-03-03,15:00,19,3,Regulier,2,2
8600,1991-03-03,15:00,1,4451,Regulier,1,0
8601,1991-03-15,20:00,16,7,Regulier,2,0
8602,1991-03-16,20:00,22,19,Regulier,2,1
8603,1991-03-16,20:00,13,4,Regulier,0,1
8604,1991-03-16,20:00,30,3530,Regulier,0,2
8605,1991-03-16,20:00,3,35,Regulier,0,2
8606,1991-03-16,20:00,322,282,Regulier,2,2
8607,1991-03-16,20:00,25,12,Regulier,3,2
8608,1991-03-17,15:00,47,1,Regulier,2,0
8609,1991-03-17,15:00,4451,373,Regulier,3,1
8610,1991-03-30,20:00,1,25,Regulier,0,0
8611,1991-03-30,20:00,373,47,Regulier,0,2
8612,1991-03-30,20:00,35,22,Regulier,4,0
8613,1991-03-30,20:00,4,4451,Regulier,2,2
8614,1991-03-30,20:00,30,322,Regulier,2,0
8615,1991-03-31,15:00,12,282,Regulier,3,1
8616,1991-03-31,15:00,7,13,Regulier,1,0
8617,1991-03-31,15:00,3530,3,Regulier,0,3
8618,1991-03-31,15:00,19,16,Regulier,0,2
8619,1991-04-06,20:00,13,19,Regulier,0,4
8620,1991-04-06,20:00,282,1,Regulier,0,3
8621,1991-04-06,20:00,4451,7,Regulier,3,0
8622,1991-04-06,20:00,25,373,Regulier,4,0
8623,1991-04-06,20:00,322,12,Regulier,3,0
8624,1991-04-06,20:00,16,35,Regulier,1,2
8625,1991-04-06,20:00,22,3530,Regulier,0,2
8626,1991-04-07,15:00,47,4,Regulier,2,0
8627,1991-04-07,15:00,3,30,Regulier,1,1
8628,1991-04-19,20:00,7,47,Regulier,1,2
8629,1991-04-20,20:00,3,322,Regulier,0,1
8630,1991-04-20,20:00,373,282,Regulier,0,2
8631,1991-04-20,20:00,1,12,Regulier,2,2
8632,1991-04-20,20:00,35,13,Regulier,1,0
8633,1991-04-20,20:00,30,22,Regulier,2,1
8634,1991-04-21,15:00,3530,16,Regulier,2,0
8635,1991-04-21,15:00,4,25,Regulier,0,2
8636,1991-04-21,20:00,19,4451,Regulier,2,0
8637,1991-05-04,20:00,13,3530,Regulier,0,1
8638,1991-05-04,20:00,25,7,Regulier,1,0
8639,1991-05-04,20:00,22,3,Regulier,1,1
8640,1991-05-04,20:00,16,30,Regulier,0,0
8641,1991-05-04,20:00,322,1,Regulier,2,0
8642,1991-05-05,15:00,282,4,Regulier,2,0
8643,1991-05-05,15:00,12,373,Regulier,0,4
8644,1991-05-05,15:00,47,19,Regulier,5,0
8645,1991-05-05,15:00,4451,35,Regulier,0,2
8646,1991-05-10,20:00,3,16,Regulier,4,1
8647,1991-05-11,20:00,30,13,Regulier,3,0
8648,1991-05-11,20:00,35,47,Regulier,1,0
8649,1991-05-11,20:00,7,282,Regulier,5,1
8650,1991-05-11,20:00,4,12,Regulier,4,1
8651,1991-05-11,20:00,373,1,Regulier,5,2
8652,1991-05-11,20:00,22,322,Regulier,2,0
8653,1991-05-12,15:00,19,25,Regulier,0,4
8654,1991-05-12,15:00,3530,4451,Regulier,0,0
8655,1991-05-19,15:00,25,35,Regulier,1,1
8656,1991-05-19,15:00,373,322,Regulier,0,1
8657,1991-05-19,15:00,282,19,Regulier,0,2
8658,1991-05-19,15:00,12,7,Regulier,1,2
8659,1991-05-19,15:00,13,3,Regulier,2,4
8660,1991-05-19,15:00,1,4,Regulier,2,2
8661,1991-05-19,15:00,4451,30,Regulier,1,2
8662,1991-05-19,15:00,47,3530,Regulier,6,1
8663,1991-05-19,15:00,16,22,Regulier,2,1
8664,1991-05-26,15:00,35,282,Regulier,0,1
8665,1991-05-26,15:00,3,4451,Regulier,2,0
8666,1991-05-26,15:00,30,47,Regulier,2,1
8667,1991-05-26,15:00,322,16,Regulier,0,3
8668,1991-05-26,15:00,19,12,Regulier,3,0
8669,1991-05-26,15:00,7,1,Regulier,0,1
8670,1991-05-26,15:00,4,373,Regulier,2,1
8671,1991-05-26,15:00,22,13,Regulier,4,2
8672,1991-05-26,15:00,3530,25,Regulier,0,0
8673,1991-08-18,15:00,19,35,Regulier,1,4
8674,1991-08-18,15:00,47,2300,Regulier,1,0
8675,1991-08-18,20:00,7,30,Regulier,1,1
8676,1991-08-18,20:00,322,4451,Regulier,1,0
8677,1991-08-18,20:00,1,90,Regulier,3,0
8678,1991-08-18,20:00,16,3,Regulier,1,2
8679,1991-08-18,20:00,22,3530,Regulier,3,1
8680,1991-08-18,20:00,25,282,Regulier,1,1
8681,1991-08-18,20:00,12,4,Regulier,0,0
8682,1991-08-25,20:00,4,16,Regulier,0,0
8683,1991-08-25,20:00,2300,22,Regulier,0,0
8684,1991-08-25,20:00,3,7,Regulier,5,1
8685,1991-08-25,20:00,322,35,Regulier,0,0
8686,1991-08-25,20:00,4451,47,Regulier,1,0
8687,1991-08-25,20:00,90,19,Regulier,0,1
8688,1991-08-25,20:00,30,1,Regulier,0,1
8689,1991-08-25,20:00,3530,25,Regulier,0,1
8690,1991-08-25,20:00,282,12,Regulier,2,2
8691,1991-08-28,20:00,35,90,Regulier,4,1
8692,1991-08-28,20:00,19,30,Regulier,1,1
8693,1991-08-28,20:00,322,47,Regulier,4,1
8694,1991-08-28,20:00,22,4451,Regulier,1,2
8695,1991-08-28,20:00,16,282,Regulier,1,0
8696,1991-08-28,20:00,25,2300,Regulier,3,1
8697,1991-08-28,20:00,12,3530,Regulier,1,1
8698,1991-08-28,20:00,7,4,Regulier,3,1
8699,1991-08-28,20:00,1,3,Regulier,2,1
8700,1991-09-01,15:00,47,22,Regulier,1,0
8701,1991-09-01,15:00,3530,16,Regulier,2,2
8702,1991-09-01,15:00,4451,25,Regulier,4,0
8703,1991-09-01,15:00,90,322,Regulier,1,0
8704,1991-09-01,15:00,282,7,Regulier,1,1
8705,1991-09-01,15:00,3,19,Regulier,6,2
8706,1991-09-01,20:00,30,35,Regulier,0,1
8707,1991-09-01,20:00,2300,12,Regulier,5,1
8708,1991-09-01,20:00,4,1,Regulier,1,1
8709,1991-09-08,15:00,90,30,Regulier,0,0
8710,1991-09-08,15:00,19,4,Regulier,0,0
8711,1991-09-08,15:00,16,2300,Regulier,0,0
8712,1991-09-08,20:00,12,4451,Regulier,5,1
8713,1991-09-08,20:00,35,3,Regulier,1,1
8714,1991-09-08,20:00,1,282,Regulier,0,2
8715,1991-09-08,20:00,25,47,Regulier,3,0
8716,1991-09-08,20:00,7,3530,Regulier,2,0
8717,1991-09-08,20:00,322,22,Regulier,3,0
8718,1991-09-15,15:00,4451,16,Regulier,1,2
8719,1991-09-15,15:00,282,19,Regulier,3,1
8720,1991-09-15,15:00,47,12,Regulier,2,3
8721,1991-09-15,20:00,22,25,Regulier,1,2
8722,1991-09-15,20:00,30,322,Regulier,2,1
8723,1991-09-15,20:00,3,90,Regulier,2,0
8724,1991-09-15,20:00,2300,7,Regulier,3,1
8725,1991-09-15,20:00,4,35,Regulier,0,1
8726,1991-09-15,20:00,3530,1,Regulier,1,0
8727,1991-09-22,15:00,90,4,Regulier,0,2
8728,1991-09-22,15:00,19,3530,Regulier,1,1
8729,1991-09-22,20:00,12,22,Regulier,3,0
8730,1991-09-22,20:00,1,2300,Regulier,2,1
8731,1991-09-22,20:00,35,282,Regulier,2,1
8732,1991-09-22,20:00,30,3,Regulier,3,2
8733,1991-09-22,20:00,16,47,Regulier,1,1
8734,1991-09-22,20:00,7,4451,Regulier,3,0
8735,1991-09-22,20:00,322,25,Regulier,0,1
8736,1991-09-29,15:00,282,90,Regulier,1,1
8737,1991-09-29,15:00,4451,1,Regulier,2,1
8738,1991-09-29,15:00,47,7,Regulier,2,3
8739,1991-09-29,20:00,3530,35,Regulier,0,4
8740,1991-09-29,20:00,2300,19,Regulier,3,0
8741,1991-09-29,20:00,4,30,Regulier,2,3
8742,1991-09-29,20:00,22,16,Regulier,0,2
8743,1991-09-29,20:00,3,322,Regulier,3,0
8744,1991-09-29,20:00,25,12,Regulier,6,0
8745,1991-10-06,15:00,3,4,Regulier,4,0
8746,1991-10-06,15:00,19,4451,Regulier,1,1
8747,1991-10-06,15:00,90,3530,Regulier,0,1
8748,1991-10-06,20:00,322,12,Regulier,0,2
8749,1991-10-06,20:00,30,282,Regulier,2,1
8750,1991-10-06,20:00,1,47,Regulier,2,1
8751,1991-10-06,20:00,7,22,Regulier,0,0
8752,1991-10-06,20:00,35,2300,Regulier,1,2
8753,1991-10-06,20:00,16,25,Regulier,0,0
8754,1991-10-12,20:00,22,1,Regulier,0,1
8755,1991-10-12,20:00,25,7,Regulier,2,1
8756,1991-10-12,20:00,2300,90,Regulier,1,1
8757,1991-10-12,20:00,4,322,Regulier,2,0
8758,1991-10-13,15:00,47,19,Regulier,1,1
8759,1991-10-13,15:00,4451,35,Regulier,0,1
8760,1991-10-13,15:00,3530,30,Regulier,4,2
8761,1991-10-13,15:00,12,16,Regulier,1,4
8762,1991-10-13,15:00,282,3,Regulier,2,3
8763,1991-10-18,20:00,322,16,Regulier,0,3
8764,1991-10-19,20:00,30,2300,Regulier,3,2
8765,1991-10-19,20:00,35,47,Regulier,3,0
8766,1991-10-19,20:00,7,12,Regulier,2,2
8767,1991-10-19,20:00,3,3530,Regulier,0,0
8768,1991-10-19,20:00,1,25,Regulier,2,1
8769,1991-10-19,20:00,4,282,Regulier,1,1
8770,1991-10-20,15:00,90,4451,Regulier,0,4
8771,1991-10-20,15:00,19,22,Regulier,2,1
8772,1991-11-01,20:00,22,35,Regulier,0,0
8773,1991-11-02,20:00,2300,3,Regulier,0,0
8774,1991-11-02,20:00,16,7,Regulier,4,2
8775,1991-11-02,20:00,25,19,Regulier,1,0
8776,1991-11-03,15:00,47,90,Regulier,2,0
8777,1991-11-03,15:00,4451,30,Regulier,3,1
8778,1991-11-03,15:00,12,1,Regulier,3,1
8779,1991-11-03,15:00,3530,4,Regulier,0,0
8780,1991-11-03,15:00,282,322,Regulier,0,0
8781,1991-11-08,20:00,30,47,Regulier,3,1
8782,1991-11-09,20:00,1,16,Regulier,1,2
8783,1991-11-09,20:00,322,7,Regulier,0,1
8784,1991-11-09,20:00,4,2300,Regulier,4,0
8785,1991-11-09,20:00,35,25,Regulier,1,0
8786,1991-11-10,15:00,19,12,Regulier,1,0
8787,1991-11-10,15:00,282,3530,Regulier,1,2
8788,1991-11-10,15:00,90,22,Regulier,2,0
8789,1991-11-10,15:00,3,4451,Regulier,2,1
8790,1991-11-22,20:00,4451,4,Regulier,1,2
8791,1991-11-23,20:00,22,30,Regulier,0,0
8792,1991-11-23,20:00,16,19,Regulier,2,0
8793,1991-11-23,20:00,12,35,Regulier,1,1
8794,1991-11-23,20:00,7,1,Regulier,1,0
8795,1991-11-23,20:00,25,90,Regulier,2,0
8796,1991-11-23,20:00,2300,282,Regulier,2,3
8797,1991-11-24,15:00,47,3,Regulier,0,1
8798,1991-11-24,15:00,3530,322,Regulier,1,1
8799,1991-11-29,20:00,90,12,Regulier,0,1
8800,1991-11-30,20:00,35,16,Regulier,0,0
8801,1991-11-30,20:00,30,25,Regulier,0,3
8802,1991-11-30,20:00,4,47,Regulier,1,1
8803,1991-11-30,20:00,322,1,Regulier,0,2
8804,1991-12-01,15:00,3530,2300,Regulier,0,0
8805,1991-12-01,15:00,19,7,Regulier,2,4
8806,1991-12-01,15:00,282,4451,Regulier,3,0
8807,1991-12-01,15:00,3,22,Regulier,1,1
8808,1991-12-06,20:00,7,35,Regulier,1,3
8809,1991-12-07,20:00,22,4,Regulier,1,1
8810,1991-12-07,20:00,16,90,Regulier,0,0
8811,1991-12-07,20:00,1,19,Regulier,4,1
8812,1991-12-07,20:00,322,2300,Regulier,1,0
8813,1991-12-07,20:00,25,3,Regulier,0,0
8814,1991-12-08,15:00,4451,3530,Regulier,2,0
8815,1991-12-08,15:00,47,282,Regulier,1,0
8816,1991-12-08,15:00,12,30,Regulier,2,1
8817,1991-12-13,20:00,4,25,Regulier,0,2
8818,1991-12-14,20:00,2300,4451,Regulier,1,1
8819,1991-12-14,20:00,30,16,Regulier,1,1
8820,1991-12-15,15:00,90,7,Regulier,1,3
8821,1991-12-15,15:00,3530,47,Regulier,0,0
8822,1991-12-15,15:00,3,12,Regulier,1,1
8823,1991-12-15,15:00,19,322,Regulier,2,2
8824,1991-12-15,15:00,282,22,Regulier,2,2
8825,1991-12-15,20:00,35,1,Regulier,2,0
8826,1992-01-11,20:00,30,7,Regulier,1,0
8827,1992-01-11,20:00,4,12,Regulier,2,2
8828,1992-01-11,20:00,35,19,Regulier,6,0
8829,1992-01-11,20:00,2300,47,Regulier,1,1
8830,1992-01-12,15:00,90,1,Regulier,0,3
8831,1992-01-12,15:00,3,16,Regulier,0,0
8832,1992-01-12,15:00,3530,22,Regulier,2,2
8833,1992-01-12,15:00,282,25,Regulier,1,4
8834,1992-01-12,15:00,4451,322,Regulier,2,2
8835,1992-01-17,20:00,25,3530,Regulier,1,1
8836,1992-01-18,20:00,22,2300,Regulier,1,0
8837,1992-01-18,20:00,35,322,Regulier,0,2
8838,1992-01-18,20:00,7,3,Regulier,1,1
8839,1992-01-18,20:00,1,30,Regulier,2,1
8840,1992-01-19,15:00,19,90,Regulier,2,1
8841,1992-01-19,15:00,47,4451,Regulier,2,0
8842,1992-01-19,15:00,16,4,Regulier,1,0
8843,1992-01-19,15:00,12,282,Regulier,5,0
8844,1992-01-24,20:00,282,16,Regulier,1,1
8845,1992-01-25,20:00,2300,25,Regulier,3,1
8846,1992-01-25,20:00,4,7,Regulier,0,2
8847,1992-01-25,20:00,30,19,Regulier,2,1
8848,1992-01-26,15:00,4451,22,Regulier,0,1
8849,1992-01-26,15:00,47,322,Regulier,4,0
8850,1992-01-26,15:00,3530,12,Regulier,1,0
8851,1992-01-26,15:00,3,1,Regulier,0,0
8852,1992-01-26,15:00,90,35,Regulier,0,4
8853,1992-02-01,20:00,7,282,Regulier,0,0
8854,1992-02-01,20:00,35,30,Regulier,0,0
8855,1992-02-01,20:00,25,4451,Regulier,0,0
8856,1992-02-01,20:00,322,90,Regulier,0,0
8857,1992-02-02,15:00,12,2300,Regulier,2,2
8858,1992-02-02,15:00,16,3530,Regulier,4,1
8859,1992-02-02,15:00,19,3,Regulier,0,3
8860,1992-02-02,20:00,22,47,Regulier,2,0
8861,1992-02-02,20:00,1,4,Regulier,2,0
8862,1992-02-07,20:00,47,25,Regulier,0,2
8863,1992-02-08,20:00,4,19,Regulier,1,1
8864,1992-02-08,20:00,22,322,Regulier,3,0
8865,1992-02-08,20:00,2300,16,Regulier,1,1
8866,1992-02-08,20:00,30,90,Regulier,6,0
8867,1992-02-09,15:00,282,1,Regulier,2,0
8868,1992-02-09,15:00,3,35,Regulier,2,0
8869,1992-02-09,15:00,4451,12,Regulier,2,2
8870,1992-02-09,15:00,3530,7,Regulier,3,0
8871,1992-02-14,20:00,35,4,Regulier,5,1
8872,1992-02-15,20:00,322,30,Regulier,1,2
8873,1992-02-15,20:00,16,4451,Regulier,6,3
8874,1992-02-15,20:00,1,3530,Regulier,2,8
8875,1992-02-15,20:00,25,22,Regulier,2,0
8876,1992-02-15,20:00,7,2300,Regulier,4,0
8877,1992-02-16,15:00,12,47,Regulier,2,2
8878,1992-02-16,15:00,90,3,Regulier,0,1
8879,1992-02-16,15:00,19,282,Regulier,0,1
8880,1992-02-29,20:00,4,90,Regulier,4,1
8881,1992-02-29,20:00,3,30,Regulier,4,1
8882,1992-02-29,20:00,25,322,Regulier,0,0
8883,1992-02-29,20:00,282,35,Regulier,0,1
8884,1992-02-29,20:00,22,12,Regulier,1,0
8885,1992-02-29,20:00,2300,1,Regulier,1,1
8886,1992-02-29,20:00,4451,7,Regulier,2,1
8887,1992-03-01,15:00,3530,19,Regulier,3,0
8888,1992-03-01,15:00,47,16,Regulier,1,0
8889,1992-03-13,20:00,7,47,Regulier,3,2
8890,1992-03-14,20:00,1,4451,Regulier,2,1
8891,1992-03-14,20:00,30,4,Regulier,1,0
8892,1992-03-14,20:00,35,3530,Regulier,2,0
8893,1992-03-14,20:00,16,22,Regulier,4,1
8894,1992-03-14,20:00,322,3,Regulier,0,0
8895,1992-03-15,15:00,90,282,Regulier,2,3
8896,1992-03-15,15:00,12,25,Regulier,0,0
8897,1992-03-15,15:00,19,2300,Regulier,4,2
8898,1992-03-20,20:00,25,16,Regulier,0,1
8899,1992-03-21,20:00,4,3,Regulier,0,1
8900,1992-03-21,20:00,2300,35,Regulier,0,1
8901,1992-03-21,20:00,22,7,Regulier,0,1
8902,1992-03-22,15:00,282,30,Regulier,2,0
8903,1992-03-22,15:00,4451,19,Regulier,4,2
8904,1992-03-22,15:00,3530,90,Regulier,2,0
8905,1992-03-22,15:00,47,1,Regulier,1,0
8906,1992-03-22,15:00,12,322,Regulier,3,1
8907,1992-03-27,20:00,322,4,Regulier,0,0
8908,1992-03-28,20:00,7,25,Regulier,1,1
8909,1992-03-28,20:00,35,4451,Regulier,7,3
8910,1992-03-28,20:00,1,22,Regulier,2,1
8911,1992-03-28,20:00,30,3530,Regulier,5,1
8912,1992-03-28,20:00,3,282,Regulier,3,1
8913,1992-03-28,20:00,16,12,Regulier,0,0
8914,1992-03-29,15:00,19,47,Regulier,0,2
8915,1992-03-29,15:00,90,2300,Regulier,0,0
8916,1992-04-03,20:00,22,19,Regulier,3,1
8917,1992-04-04,20:00,2300,30,Regulier,3,2
8918,1992-04-04,20:00,282,4,Regulier,0,0
8919,1992-04-04,20:00,4451,90,Regulier,2,1
8920,1992-04-04,20:00,25,1,Regulier,0,0
8921,1992-04-04,20:00,16,322,Regulier,3,2
8922,1992-04-05,15:00,3530,3,Regulier,0,1
8923,1992-04-05,15:00,47,35,Regulier,2,1
8924,1992-04-05,15:00,12,7,Regulier,1,1
8925,1992-04-10,20:00,35,22,Regulier,2,0
8926,1992-04-11,20:00,7,16,Regulier,1,0
8927,1992-04-11,20:00,19,25,Regulier,0,0
8928,1992-04-11,20:00,4,3530,Regulier,2,7
8929,1992-04-11,20:00,322,282,Regulier,5,0
8930,1992-04-11,20:00,1,12,Regulier,3,2
8931,1992-04-11,20:00,30,4451,Regulier,0,0
8932,1992-04-11,20:00,3,2300,Regulier,3,1
8933,1992-04-12,18:00,90,47,Regulier,1,0
8934,1992-04-25,20:00,22,90,Regulier,4,0
8935,1992-04-25,20:00,2300,4,Regulier,0,4
8936,1992-04-25,20:00,25,35,Regulier,0,0
8937,1992-04-25,20:00,16,1,Regulier,2,0
8938,1992-04-25,20:00,7,322,Regulier,2,0
8939,1992-04-26,15:00,12,19,Regulier,1,0
8940,1992-04-26,15:00,3530,282,Regulier,3,1
8941,1992-04-26,15:00,4451,3,Regulier,1,2
8942,1992-04-26,15:00,47,30,Regulier,2,2
8943,1992-04-30,20:00,322,3530,Regulier,0,4
8944,1992-05-01,20:00,19,16,Regulier,1,1
8945,1992-05-02,20:00,4,4451,Regulier,0,0
8946,1992-05-02,20:00,35,12,Regulier,4,3
8947,1992-05-02,20:00,282,2300,Regulier,0,1
8948,1992-05-02,20:00,1,7,Regulier,3,1
8949,1992-05-02,20:00,30,22,Regulier,3,0
8950,1992-05-03,15:00,3,47,Regulier,3,1
8951,1992-05-03,15:00,90,25,Regulier,1,1
8952,1992-05-10,15:00,7,19,Regulier,2,2
8953,1992-05-10,15:00,4451,282,Regulier,1,0
8954,1992-05-10,15:00,2300,3530,Regulier,4,1
8955,1992-05-10,15:00,1,322,Regulier,0,0
8956,1992-05-10,15:00,12,90,Regulier,1,3
8957,1992-05-10,15:00,47,4,Regulier,0,1
8958,1992-05-10,15:00,16,35,Regulier,1,2
8959,1992-05-10,15:00,25,30,Regulier,0,0
8960,1992-05-10,15:00,22,3,Regulier,1,2
8961,1992-05-17,15:00,2300,322,Regulier,0,3
8962,1992-05-17,15:00,35,7,Regulier,1,3
8963,1992-05-17,15:00,30,12,Regulier,2,0
8964,1992-05-17,15:00,90,16,Regulier,1,1
8965,1992-05-17,15:00,3530,4451,Regulier,1,1
8966,1992-05-17,15:00,282,47,Regulier,1,2
8967,1992-05-17,15:00,19,1,Regulier,0,3
8968,1992-05-17,15:00,4,22,Regulier,0,1
8969,1992-05-17,15:00,3,25,Regulier,3,2
8970,1992-05-24,15:00,16,30,Regulier,8,2
8971,1992-05-24,15:00,7,90,Regulier,1,0
8972,1992-05-24,15:00,47,3530,Regulier,0,3
8973,1992-05-24,15:00,322,19,Regulier,3,0
8974,1992-05-24,15:00,1,35,Regulier,1,0
8975,1992-05-24,15:00,4451,2300,Regulier,1,2
8976,1992-05-24,15:00,12,3,Regulier,5,5
8977,1992-05-24,15:00,25,4,Regulier,5,1
8978,1992-05-24,15:00,22,282,Regulier,1,1
8979,1992-08-09,15:00,47,322,Regulier,1,1
8980,1992-08-09,15:00,58,3530,Regulier,3,2
8981,1992-08-09,15:00,3,30,Regulier,3,2
8982,1992-08-09,20:00,22,7,Regulier,1,0
8983,1992-08-09,20:00,1,16,Regulier,3,1
8984,1992-08-09,20:00,4,2300,Regulier,1,2
8985,1992-08-09,20:00,25,12,Regulier,6,2
8986,1992-08-09,20:00,1986,35,Regulier,0,4
8987,1992-08-09,20:00,282,4451,Regulier,2,1
8988,1992-08-16,18:00,4451,25,Regulier,0,1
8989,1992-08-16,20:00,16,58,Regulier,2,1
8990,1992-08-16,20:00,35,47,Regulier,3,2
8991,1992-08-16,20:00,2300,1,Regulier,2,0
8992,1992-08-16,20:00,3530,3,Regulier,0,3
8993,1992-08-16,20:00,30,22,Regulier,1,2
8994,1992-08-16,20:00,322,282,Regulier,1,2
8995,1992-08-16,20:00,12,4,Regulier,2,2
8996,1992-08-16,20:00,7,1986,Regulier,1,0
8997,1992-08-19,20:00,25,322,Regulier,2,0
8998,1992-08-19,20:00,2300,12,Regulier,1,0
8999,1992-08-19,20:00,4,4451,Regulier,4,1
9000,1992-08-19,20:00,1986,30,Regulier,1,6
9001,1992-08-19,20:00,1,58,Regulier,2,3
9002,1992-08-19,20:00,3,16,Regulier,0,1
9003,1992-08-19,20:00,22,3530,Regulier,5,1
9004,1992-08-19,20:00,282,35,Regulier,0,2
9005,1992-08-19,20:00,47,7,Regulier,1,1
9006,1992-08-23,15:00,3530,1986,Regulier,5,1
9007,1992-08-23,15:00,12,1,Regulier,2,3
9008,1992-08-23,15:00,58,3,Regulier,1,2
9009,1992-08-23,15:00,4451,2300,Regulier,4,1
9010,1992-08-23,20:00,16,22,Regulier,2,0
9011,1992-08-23,20:00,7,282,Regulier,2,0
9012,1992-08-23,20:00,35,25,Regulier,1,0
9013,1992-08-23,20:00,322,4,Regulier,2,0
9014,1992-08-23,20:00,30,47,Regulier,0,0
9015,1992-09-06,15:00,47,3530,Regulier,1,1
9016,1992-09-06,15:00,1986,16,Regulier,1,1
9017,1992-09-06,20:00,4,35,Regulier,1,6
9018,1992-09-06,20:00,282,30,Regulier,0,0
9019,1992-09-06,20:00,2300,322,Regulier,2,1
9020,1992-09-06,20:00,25,7,Regulier,3,2
9021,1992-09-06,20:00,12,4451,Regulier,3,4
9022,1992-09-06,20:00,1,3,Regulier,2,1
9023,1992-09-06,20:00,22,58,Regulier,7,4
9024,1992-09-13,15:00,58,1986,Regulier,0,3
9025,1992-09-13,15:00,3530,282,Regulier,3,1
9026,1992-09-13,20:00,35,2300,Regulier,0,0
9027,1992-09-13,20:00,30,25,Regulier,2,1
9028,1992-09-13,20:00,3,22,Regulier,1,0
9029,1992-09-13,20:00,16,47,Regulier,2,1
9030,1992-09-13,20:00,322,12,Regulier,1,1
9031,1992-09-13,20:00,4451,1,Regulier,1,1
9032,1992-09-13,20:00,7,4,Regulier,5,0
9033,1992-09-20,15:00,282,16,Regulier,1,4
9034,1992-09-20,15:00,12,35,Regulier,2,5
9035,1992-09-20,15:00,4451,322,Regulier,0,0
9036,1992-09-20,15:00,47,58,Regulier,2,1
9037,1992-09-20,20:00,25,3530,Regulier,0,2
9038,1992-09-20,20:00,1986,3,Regulier,0,2
9039,1992-09-20,20:00,4,30,Regulier,1,1
9040,1992-09-20,20:00,2300,7,Regulier,0,2
9041,1992-09-20,20:00,1,22,Regulier,5,3
9042,1992-09-27,15:00,3530,4,Regulier,1,2
9043,1992-09-27,15:00,58,282,Regulier,2,1
9044,1992-09-27,20:00,35,4451,Regulier,2,5
9045,1992-09-27,20:00,7,12,Regulier,1,1
9046,1992-09-27,20:00,22,1986,Regulier,3,0
9047,1992-09-27,20:00,16,25,Regulier,3,1
9048,1992-09-27,20:00,322,1,Regulier,3,0
9049,1992-09-27,20:00,30,2300,Regulier,2,0
9050,1992-09-27,20:00,3,47,Regulier,0,0
9051,1992-10-04,15:00,12,30,Regulier,5,1
9052,1992-10-04,15:00,282,3,Regulier,0,1
9053,1992-10-04,15:00,4451,7,Regulier,5,1
9054,1992-10-04,18:00,322,35,Regulier,0,1
9055,1992-10-04,20:00,4,16,Regulier,2,3
9056,1992-10-04,20:00,2300,3530,Regulier,2,0
9057,1992-10-04,20:00,47,22,Regulier,1,1
9058,1992-10-04,20:00,25,58,Regulier,1,0
9059,1992-10-04,20:00,1,1986,Regulier,2,0
9060,1992-10-16,20:00,58,4,Regulier,4,2
9061,1992-10-17,20:00,22,282,Regulier,2,1
9062,1992-10-17,20:00,16,2300,Regulier,3,1
9063,1992-10-17,20:00,35,1,Regulier,2,0
9064,1992-10-17,20:00,3,25,Regulier,2,0
9065,1992-10-17,20:00,30,4451,Regulier,3,2
9066,1992-10-17,20:00,7,322,Regulier,1,0
9067,1992-10-18,15:00,1986,47,Regulier,2,4
9068,1992-10-18,15:00,3530,12,Regulier,2,6
9069,1992-10-24,20:00,322,30,Regulier,2,0
9070,1992-10-24,20:00,4,3,Regulier,1,0
9071,1992-10-24,20:00,1,47,Regulier,0,4
9072,1992-10-24,20:00,35,7,Regulier,1,0
9073,1992-10-24,20:00,2300,58,Regulier,3,1
9074,1992-10-24,20:00,25,22,Regulier,3,1
9075,1992-10-25,15:00,282,1986,Regulier,2,1
9076,1992-10-25,15:00,12,16,Regulier,2,5
9077,1992-10-25,15:00,4451,3530,Regulier,5,1
9078,1992-11-06,20:00,22,4,Regulier,2,1
9079,1992-11-07,20:00,16,4451,Regulier,1,3
9080,1992-11-07,20:00,7,1,Regulier,3,1
9081,1992-11-07,20:00,30,35,Regulier,0,2
9082,1992-11-08,15:00,58,12,Regulier,2,3
9083,1992-11-08,15:00,47,282,Regulier,1,1
9084,1992-11-08,15:00,1986,25,Regulier,1,3
9085,1992-11-08,15:00,3,2300,Regulier,0,0
9086,1992-11-08,15:00,3530,322,Regulier,2,2
9087,1992-11-20,20:00,35,3530,Regulier,2,0
9088,1992-11-20,20:00,4,1986,Regulier,2,1
9089,1992-11-21,20:00,7,30,Regulier,1,1
9090,1992-11-21,20:00,25,47,Regulier,2,0
9091,1992-11-21,20:00,2300,22,Regulier,1,1
9092,1992-11-21,20:00,1,282,Regulier,3,1
9093,1992-11-21,20:00,322,16,Regulier,0,1
9094,1992-11-21,20:00,12,3,Regulier,3,1
9095,1992-11-22,15:00,4451,58,Regulier,8,0
9096,1992-11-28,20:00,1986,2300,Regulier,2,1
9097,1992-11-28,20:00,22,12,Regulier,0,1
9098,1992-11-28,20:00,30,1,Regulier,1,0
9099,1992-11-29,15:00,58,322,Regulier,3,3
9100,1992-11-29,15:00,47,4,Regulier,1,1
9101,1992-11-29,15:00,282,25,Regulier,1,2
9102,1992-11-29,15:00,3530,7,Regulier,0,2
9103,1992-11-29,15:00,3,4451,Regulier,1,2
9104,1992-11-29,20:00,16,35,Regulier,1,1
9105,1992-12-04,20:00,35,58,Regulier,4,1
9106,1992-12-04,20:00,7,16,Regulier,2,1
9107,1992-12-05,20:00,30,3530,Regulier,3,0
9108,1992-12-05,20:00,1,25,Regulier,4,1
9109,1992-12-05,20:00,2300,47,Regulier,0,3
9110,1992-12-05,20:00,4,282,Regulier,3,2
9111,1992-12-05,20:00,322,3,Regulier,0,0
9112,1992-12-06,15:00,4451,22,Regulier,1,1
9113,1992-12-06,15:00,12,1986,Regulier,4,0
9114,1992-12-11,20:00,1,3530,Regulier,2,1
9115,1992-12-12,20:00,22,322,Regulier,1,0
9116,1992-12-12,20:00,25,4,Regulier,3,0
9117,1992-12-12,20:00,1986,4451,Regulier,2,2
9118,1992-12-12,20:00,16,30,Regulier,4,0
9119,1992-12-13,15:00,47,12,Regulier,4,2
9120,1992-12-13,15:00,282,2300,Regulier,2,2
9121,1992-12-13,15:00,58,7,Regulier,1,1
9122,1992-12-13,15:00,3,35,Regulier,0,0
9123,1992-12-18,20:00,35,22,Regulier,2,0
9124,1992-12-19,20:00,322,1986,Regulier,2,0
9125,1992-12-19,20:00,4,1,Regulier,2,1
9126,1992-12-19,20:00,2300,25,Regulier,1,0
9127,1992-12-19,20:00,30,58,Regulier,4,1
9128,1992-12-19,20:00,7,3,Regulier,2,3
9129,1992-12-19,20:00,4451,47,Regulier,0,1
9130,1992-12-20,15:00,3530,16,Regulier,0,0
9131,1992-12-20,15:00,12,282,Regulier,1,1
9132,1993-01-09,20:00,35,1986,Regulier,4,2
9133,1993-01-09,20:00,2300,4,Regulier,0,0
9134,1993-01-09,20:00,16,1,Regulier,1,5
9135,1993-01-09,20:00,322,47,Regulier,2,1
9136,1993-01-09,20:00,30,3,Regulier,1,2
9137,1993-01-09,20:00,7,22,Regulier,3,1
9138,1993-01-10,15:00,3530,58,Regulier,7,0
9139,1993-01-10,15:00,12,25,Regulier,0,3
9140,1993-01-10,15:00,4451,282,Regulier,3,1
9141,1993-01-16,20:00,25,4451,Regulier,0,0
9142,1993-01-16,20:00,4,12,Regulier,1,1
9143,1993-01-16,20:00,1986,7,Regulier,0,0
9144,1993-01-16,20:00,1,2300,Regulier,3,2
9145,1993-01-16,20:00,22,30,Regulier,1,1
9146,1993-01-17,15:00,47,35,Regulier,2,2
9147,1993-01-17,15:00,282,322,Regulier,0,2
9148,1993-01-17,15:00,3,3530,Regulier,1,3
9149,1993-01-17,15:00,58,16,Regulier,2,6
9150,1993-01-22,20:00,322,25,Regulier,0,0
9151,1993-01-23,20:00,7,47,Regulier,1,2
9152,1993-01-23,20:00,30,1986,Regulier,3,2
9153,1993-01-23,20:00,35,282,Regulier,2,0
9154,1993-01-23,20:00,16,3,Regulier,1,0
9155,1993-01-24,15:00,4451,4,Regulier,6,1
9156,1993-01-24,15:00,3530,22,Regulier,0,2
9157,1993-01-24,15:00,12,2300,Regulier,1,4
9158,1993-01-24,15:00,58,1,Regulier,1,1
9159,1993-01-29,20:00,25,35,Regulier,1,2
9160,1993-01-30,20:00,22,16,Regulier,1,1
9161,1993-01-30,20:00,4,322,Regulier,1,1
9162,1993-01-30,20:00,1,12,Regulier,0,0
9163,1993-01-30,20:00,1986,3530,Regulier,1,2
9164,1993-01-30,20:00,2300,4451,Regulier,0,2
9165,1993-01-31,15:00,47,30,Regulier,1,0
9166,1993-01-31,15:00,3,58,Regulier,7,0
9167,1993-01-31,15:00,282,7,Regulier,1,2
9168,1993-02-06,20:00,16,1986,Regulier,3,1
9169,1993-02-06,20:00,322,2300,Regulier,0,2
9170,1993-02-06,20:00,35,4,Regulier,3,0
9171,1993-02-06,20:00,30,282,Regulier,3,0
9172,1993-02-06,20:00,7,25,Regulier,1,1
9173,1993-02-07,15:00,3530,47,Regulier,3,0
9174,1993-02-07,15:00,58,22,Regulier,2,0
9175,1993-02-07,15:00,4451,12,Regulier,4,2
9176,1993-02-07,15:00,3,1,Regulier,1,0
9177,1993-02-19,20:00,22,3,Regulier,1,1
9178,1993-02-20,20:00,25,30,Regulier,0,1
9179,1993-02-20,20:00,4,7,Regulier,3,1
9180,1993-02-20,20:00,1,4451,Regulier,3,1
9181,1993-02-20,20:00,1986,58,Regulier,2,0
9182,1993-02-20,20:00,2300,35,Regulier,1,3
9183,1993-02-21,15:00,12,322,Regulier,2,2
9184,1993-02-21,15:00,282,3530,Regulier,1,1
9185,1993-02-21,15:00,47,16,Regulier,0,0
9186,1993-02-26,20:00,30,4,Regulier,0,2
9187,1993-02-27,20:00,3,1986,Regulier,3,3
9188,1993-02-27,20:00,22,1,Regulier,1,1
9189,1993-02-27,20:00,7,2300,Regulier,0,3
9190,1993-02-27,20:00,58,47,Regulier,0,1
9191,1993-02-27,20:00,16,282,Regulier,0,0
9192,1993-02-27,20:00,35,12,Regulier,3,1
9193,1993-02-27,20:00,322,4451,Regulier,1,1
9194,1993-02-28,20:00,3530,25,Regulier,2,2
9195,1993-03-05,20:00,12,7,Regulier,1,1
9196,1993-03-06,20:00,25,16,Regulier,1,0
9197,1993-03-06,20:00,1986,22,Regulier,3,1
9198,1993-03-06,20:00,2300,30,Regulier,2,0
9199,1993-03-06,20:00,4,3530,Regulier,1,1
9200,1993-03-07,15:00,282,58,Regulier,0,0
9201,1993-03-07,15:00,47,3,Regulier,1,2
9202,1993-03-07,15:00,4451,35,Regulier,0,2
9203,1993-03-07,20:00,1,322,Regulier,4,0
9204,1993-03-13,20:00,22,47,Regulier,1,0
9205,1993-03-13,20:00,7,4451,Regulier,4,0
9206,1993-03-13,20:00,16,4,Regulier,3,0
9207,1993-03-13,20:00,35,322,Regulier,5,0
9208,1993-03-13,20:00,30,12,Regulier,2,1
9209,1993-03-13,20:00,3,282,Regulier,3,1
9210,1993-03-14,15:00,58,25,Regulier,1,1
9211,1993-03-14,15:00,3530,2300,Regulier,5,2
9212,1993-03-14,15:00,1986,1,Regulier,0,4
9213,1993-03-19,20:00,282,22,Regulier,2,2
9214,1993-03-20,20:00,25,3,Regulier,2,0
9215,1993-03-20,20:00,2300,16,Regulier,1,0
9216,1993-03-20,20:00,322,7,Regulier,3,0
9217,1993-03-20,20:00,4,58,Regulier,3,0
9218,1993-03-21,15:00,47,1986,Regulier,2,0
9219,1993-03-21,15:00,1,35,Regulier,0,2
9220,1993-03-21,15:00,4451,30,Regulier,2,1
9221,1993-03-21,15:00,12,3530,Regulier,1,2
9222,1993-04-03,20:00,16,12,Regulier,3,3
9223,1993-04-03,20:00,7,35,Regulier,1,1
9224,1993-04-03,20:00,22,25,Regulier,2,0
9225,1993-04-03,20:00,1986,282,Regulier,3,2
9226,1993-04-03,20:00,30,322,Regulier,2,1
9227,1993-04-03,20:00,3,4,Regulier,1,0
9228,1993-04-04,15:00,47,1,Regulier,0,0
9229,1993-04-04,15:00,58,2300,Regulier,0,4
9230,1993-04-04,15:00,3530,4451,Regulier,0,3
9231,1993-04-09,20:00,4451,16,Regulier,1,1
9232,1993-04-10,20:00,322,3530,Regulier,3,1
9233,1993-04-10,20:00,4,22,Regulier,1,3
9234,1993-04-10,20:00,12,58,Regulier,3,1
9235,1993-04-10,20:00,35,30,Regulier,3,0
9236,1993-04-10,20:00,2300,3,Regulier,0,0
9237,1993-04-10,20:00,25,1986,Regulier,2,0
9238,1993-04-11,15:00,282,47,Regulier,1,0
9239,1993-04-11,19:00,1,7,Regulier,3,1
9240,1993-04-16,20:00,3,12,Regulier,1,3
9241,1993-04-17,20:00,30,7,Regulier,0,0
9242,1993-04-17,20:00,22,2300,Regulier,0,3
9243,1993-04-17,20:00,1986,4,Regulier,3,2
9244,1993-04-17,20:00,16,322,Regulier,1,1
9245,1993-04-18,15:00,58,4451,Regulier,0,2
9246,1993-04-18,15:00,3530,35,Regulier,1,1
9247,1993-04-18,15:00,47,25,Regulier,1,3
9248,1993-04-18,15:00,282,1,Regulier,0,0
9249,1993-04-23,20:00,35,16,Regulier,2,0
9250,1993-04-24,20:00,4,47,Regulier,4,1
9251,1993-04-24,20:00,322,58,Regulier,1,2
9252,1993-04-24,20:00,7,3530,Regulier,3,1
9253,1993-04-24,20:00,25,282,Regulier,1,0
9254,1993-04-24,20:00,2300,1986,Regulier,0,1
9255,1993-04-25,15:00,1,30,Regulier,2,0
9256,1993-04-25,15:00,12,22,Regulier,1,4
9257,1993-04-25,15:00,4451,3,Regulier,1,1
9258,1993-04-30,20:00,16,7,Regulier,8,4
9259,1993-05-01,20:00,22,4451,Regulier,3,1
9260,1993-05-01,20:00,1986,12,Regulier,2,0
9261,1993-05-01,20:00,25,1,Regulier,0,0
9262,1993-05-02,15:00,58,35,Regulier,1,5
9263,1993-05-02,15:00,3,322,Regulier,4,0
9264,1993-05-02,15:00,3530,30,Regulier,5,0
9265,1993-05-02,15:00,282,4,Regulier,2,2
9266,1993-05-02,15:00,47,2300,Regulier,0,2
9267,1993-05-09,15:00,7,58,Regulier,2,2
9268,1993-05-09,15:00,3530,1,Regulier,0,2
9269,1993-05-09,15:00,4451,1986,Regulier,5,0
9270,1993-05-09,15:00,12,47,Regulier,4,0
9271,1993-05-09,15:00,30,16,Regulier,0,2
9272,1993-05-09,15:00,322,22,Regulier,0,3
9273,1993-05-09,15:00,2300,282,Regulier,2,2
9274,1993-05-09,15:00,4,25,Regulier,1,4
9275,1993-05-09,15:00,35,3,Regulier,1,0
9276,1993-05-16,15:00,1,4,Regulier,4,1
9277,1993-05-16,15:00,25,2300,Regulier,3,0
9278,1993-05-16,15:00,282,12,Regulier,1,1
9279,1993-05-16,15:00,22,35,Regulier,2,1
9280,1993-05-16,15:00,58,30,Regulier,0,0
9281,1993-05-16,15:00,1986,322,Regulier,4,2
9282,1993-05-16,15:00,16,3530,Regulier,4,2
9283,1993-05-16,15:00,47,4451,Regulier,0,2
9284,1993-05-16,15:00,3,7,Regulier,2,0
9285,1993-08-08,15:00,3,25,Regulier,2,1
9286,1993-08-08,15:00,31,2300,Regulier,1,1
9287,1993-08-08,20:00,30,4,Regulier,0,1
9288,1993-08-08,20:00,7,12,Regulier,2,0
9289,1993-08-08,20:00,22,322,Regulier,2,1
9290,1993-08-08,20:00,16,17,Regulier,1,0
9291,1993-08-08,20:00,3530,47,Regulier,4,1
9292,1993-08-08,20:00,1986,4451,Regulier,3,0
9293,1993-08-08,20:00,35,1,Regulier,2,0
9294,1993-08-15,18:00,4451,35,Regulier,2,4
9295,1993-08-15,20:00,4,1986,Regulier,1,1
9296,1993-08-15,20:00,2300,3,Regulier,1,1
9297,1993-08-15,20:00,47,22,Regulier,2,4
9298,1993-08-15,20:00,1,7,Regulier,1,1
9299,1993-08-15,20:00,12,31,Regulier,0,0
9300,1993-08-15,20:00,322,16,Regulier,0,2
9301,1993-08-15,20:00,25,3530,Regulier,3,1
9302,1993-08-15,20:00,17,30,Regulier,2,0
9303,1993-08-22,15:00,31,3,Regulier,2,2
9304,1993-08-22,15:00,12,1,Regulier,2,4
9305,1993-08-22,20:00,16,47,Regulier,0,1
9306,1993-08-22,20:00,3530,2300,Regulier,0,0
9307,1993-08-22,20:00,22,25,Regulier,1,0
9308,1993-08-22,20:00,7,4451,Regulier,2,2
9309,1993-08-22,20:00,30,322,Regulier,3,1
9310,1993-08-22,20:00,1986,17,Regulier,0,3
9311,1993-08-22,20:00,35,4,Regulier,6,0
9312,1993-08-25,20:00,25,16,Regulier,1,1
9313,1993-08-25,20:00,4,7,Regulier,0,0
9314,1993-08-25,20:00,2300,22,Regulier,1,1
9315,1993-08-25,20:00,3,3530,Regulier,0,0
9316,1993-08-25,20:00,17,35,Regulier,1,2
9317,1993-08-25,20:00,4451,12,Regulier,2,3
9318,1993-08-25,20:00,1,31,Regulier,0,4
9319,1993-08-25,20:00,322,1986,Regulier,1,3
9320,1993-08-25,20:00,47,30,Regulier,0,0
9321,1993-08-29,20:00,7,17,Regulier,0,0
9322,1993-08-29,20:00,1986,47,Regulier,3,1
9323,1993-08-29,20:00,1,4451,Regulier,2,0
9324,1993-08-29,20:00,31,3530,Regulier,2,2
9325,1993-08-29,20:00,22,3,Regulier,0,1
9326,1993-08-29,20:00,35,322,Regulier,6,2
9327,1993-08-29,20:00,16,2300,Regulier,0,0
9328,1993-08-29,20:00,12,4,Regulier,3,3
9329,1993-08-29,20:00,30,25,Regulier,0,0
9330,1993-09-05,15:00,4451,31,Regulier,0,0
9331,1993-09-05,20:00,322,7,Regulier,3,3
9332,1993-09-05,20:00,17,12,Regulier,1,1
9333,1993-09-05,20:00,25,1986,Regulier,1,1
9334,1993-09-05,20:00,3,16,Regulier,1,0
9335,1993-09-05,20:00,3530,22,Regulier,1,0
9336,1993-09-05,20:00,2300,30,Regulier,1,1
9337,1993-09-05,20:00,4,1,Regulier,0,0
9338,1993-09-05,20:00,47,35,Regulier,3,4
9339,1993-09-12,20:00,35,25,Regulier,1,1
9340,1993-09-12,20:00,7,47,Regulier,1,1
9341,1993-09-12,20:00,1986,2300,Regulier,2,0
9342,1993-09-12,20:00,1,17,Regulier,2,1
9343,1993-09-12,20:00,12,322,Regulier,1,1
9344,1993-09-12,20:00,16,3530,Regulier,3,0
9345,1993-09-12,20:00,30,3,Regulier,1,1
9346,1993-09-12,20:00,31,22,Regulier,1,0
9347,1993-09-12,20:00,4451,4,Regulier,2,1
9348,1993-09-19,15:00,3,1986,Regulier,4,1
9349,1993-09-19,20:00,4,31,Regulier,1,2
9350,1993-09-19,20:00,2300,35,Regulier,0,2
9351,1993-09-19,20:00,22,16,Regulier,1,0
9352,1993-09-19,20:00,3530,30,Regulier,2,0
9353,1993-09-19,20:00,47,12,Regulier,1,3
9354,1993-09-19,20:00,322,1,Regulier,0,2
9355,1993-09-19,20:00,25,7,Regulier,4,1
9356,1993-09-19,20:00,17,4451,Regulier,5,2
9357,1993-09-26,19:30,31,16,Regulier,2,0
9358,1993-09-26,20:00,1,47,Regulier,1,0
9359,1993-09-26,20:00,1986,3530,Regulier,3,1
9360,1993-09-26,20:00,12,25,Regulier,0,1
9361,1993-09-26,20:00,4,17,Regulier,0,0
9362,1993-09-26,20:00,35,3,Regulier,0,3
9363,1993-09-26,20:00,30,22,Regulier,2,2
9364,1993-09-26,20:00,7,2300,Regulier,2,3
9365,1993-09-26,20:00,4451,322,Regulier,2,1
9366,1993-10-01,20:00,3,7,Regulier,1,2
9367,1993-10-02,20:00,25,1,Regulier,1,1
9368,1993-10-02,20:00,2300,12,Regulier,4,2
9369,1993-10-02,20:00,22,1986,Regulier,3,0
9370,1993-10-02,20:00,16,30,Regulier,3,0
9371,1993-10-02,20:00,322,4,Regulier,2,2
9372,1993-10-02,20:00,47,4451,Regulier,1,0
9373,1993-10-03,15:00,17,31,Regulier,3,0
9374,1993-10-03,15:00,3530,35,Regulier,2,4
9375,1993-10-15,20:00,1,2300,Regulier,2,0
9376,1993-10-16,20:00,7,3530,Regulier,1,1
9377,1993-10-16,20:00,1986,16,Regulier,1,0
9378,1993-10-16,20:00,35,22,Regulier,3,1
9379,1993-10-16,20:00,4,47,Regulier,1,0
9380,1993-10-16,20:00,4451,25,Regulier,1,1
9381,1993-10-17,15:00,31,30,Regulier,2,2
9382,1993-10-17,15:00,12,3,Regulier,2,4
9383,1993-10-17,15:00,17,322,Regulier,3,1
9384,1993-10-23,20:00,22,7,Regulier,4,2
9385,1993-10-23,20:00,2300,4451,Regulier,3,0
9386,1993-10-23,20:00,322,31,Regulier,2,2
9387,1993-10-23,20:00,30,1986,Regulier,1,1
9388,1993-10-23,20:00,47,17,Regulier,0,1
9389,1993-10-23,20:00,25,4,Regulier,2,2
9390,1993-10-24,15:00,3,1,Regulier,0,0
9391,1993-10-24,15:00,3530,12,Regulier,4,1
9392,1993-10-24,18:00,16,35,Regulier,0,3
9393,1993-10-29,20:00,7,16,Regulier,0,0
9394,1993-10-29,20:00,1,3530,Regulier,1,1
9395,1993-10-30,20:00,4,2300,Regulier,0,2
9396,1993-10-30,20:00,17,25,Regulier,1,0
9397,1993-10-30,20:00,12,22,Regulier,0,1
9398,1993-10-30,20:00,35,30,Regulier,1,0
9399,1993-10-30,20:00,322,47,Regulier,1,4
9400,1993-10-31,15:00,31,1986,Regulier,1,1
9401,1993-10-31,15:00,4451,3,Regulier,0,1
9402,1993-11-20,20:00,2300,17,Regulier,1,1
9403,1993-11-20,20:00,30,7,Regulier,1,2
9404,1993-11-20,20:00,22,1,Regulier,3,2
9405,1993-11-20,20:00,1986,35,Regulier,1,1
9406,1993-11-20,20:00,16,12,Regulier,4,0
9407,1993-11-20,20:00,47,31,Regulier,2,1
9408,1993-11-20,20:00,25,322,Regulier,2,2
9409,1993-11-21,15:00,3,4,Regulier,3,0
9410,1993-11-21,15:00,3530,4451,Regulier,1,0
9411,1993-11-26,20:00,17,3,Regulier,1,1
9412,1993-11-27,20:00,7,1986,Regulier,1,0
9413,1993-11-27,20:00,1,16,Regulier,1,1
9414,1993-11-27,20:00,4,3530,Regulier,0,0
9415,1993-11-27,20:00,322,2300,Regulier,2,0
9416,1993-11-27,20:00,47,25,Regulier,0,2
9417,1993-11-28,15:00,12,30,Regulier,4,2
9418,1993-11-28,15:00,4451,22,Regulier,2,1
9419,1993-11-28,15:00,31,35,Regulier,1,3
9420,1993-12-03,20:00,31,25,Regulier,0,0
9421,1993-12-04,20:00,1986,12,Regulier,5,1
9422,1993-12-04,20:00,30,1,Regulier,1,1
9423,1993-12-04,20:00,16,4451,Regulier,2,0
9424,1993-12-04,20:00,2300,47,Regulier,0,0
9425,1993-12-04,20:00,35,7,Regulier,2,1
9426,1993-12-04,20:00,22,4,Regulier,6,4
9427,1993-12-05,15:00,3,322,Regulier,2,1
9428,1993-12-05,15:00,3530,17,Regulier,1,2
9429,1993-12-10,20:00,4,16,Regulier,0,2
9430,1993-12-11,20:00,1,1986,Regulier,4,0
9431,1993-12-11,20:00,7,31,Regulier,1,2
9432,1993-12-11,20:00,322,3530,Regulier,1,3
9433,1993-12-11,20:00,25,2300,Regulier,1,0
9434,1993-12-11,20:00,47,3,Regulier,0,0
9435,1993-12-12,15:00,17,22,Regulier,2,2
9436,1993-12-12,15:00,12,35,Regulier,1,1
9437,1993-12-12,15:00,4451,30,Regulier,0,1
9438,1993-12-17,20:00,25,3,Regulier,1,1
9439,1993-12-18,20:00,1,35,Regulier,0,0
9440,1993-12-18,20:00,47,3530,Regulier,1,3
9441,1993-12-18,20:00,322,22,Regulier,0,4
9442,1993-12-18,20:00,2300,31,Regulier,3,3
9443,1993-12-18,20:00,17,16,Regulier,2,2
9444,1993-12-19,15:00,4,30,Regulier,3,0
9445,1993-12-19,15:00,4451,1986,Regulier,0,0
9446,1993-12-19,15:00,12,7,Regulier,2,2
9447,1994-01-08,20:00,22,47,Regulier,3,2
9448,1994-01-08,20:00,1986,4,Regulier,1,2
9449,1994-01-08,20:00,35,4451,Regulier,6,1
9450,1994-01-08,20:00,7,1,Regulier,1,2
9451,1994-01-08,20:00,30,17,Regulier,1,1
9452,1994-01-08,20:00,16,322,Regulier,2,0
9453,1994-01-09,15:00,3,2300,Regulier,2,1
9454,1994-01-09,15:00,31,12,Regulier,1,1
9455,1994-01-09,15:00,3530,25,Regulier,0,2
9456,1994-01-14,20:00,47,16,Regulier,1,0
9457,1994-01-15,20:00,1,12,Regulier,0,3
9458,1994-01-15,20:00,4,35,Regulier,1,2
9459,1994-01-15,20:00,2300,3530,Regulier,3,1
9460,1994-01-15,20:00,25,22,Regulier,1,3
9461,1994-01-15,20:00,322,30,Regulier,0,3
9462,1994-01-16,15:00,17,1986,Regulier,1,0
9463,1994-01-16,15:00,3,31,Regulier,1,0
9464,1994-01-16,15:00,4451,7,Regulier,2,2
9465,1994-01-21,20:00,35,17,Regulier,0,2
9466,1994-01-22,20:00,22,2300,Regulier,2,1
9467,1994-01-22,20:00,7,4,Regulier,4,1
9468,1994-01-22,20:00,1986,322,Regulier,1,1
9469,1994-01-22,20:00,30,47,Regulier,1,1
9470,1994-01-22,20:00,16,25,Regulier,2,2
9471,1994-01-23,15:00,3530,3,Regulier,0,1
9472,1994-01-23,15:00,31,1,Regulier,2,4
9473,1994-01-23,15:00,12,4451,Regulier,2,1
9474,1994-01-29,20:00,25,30,Regulier,0,0
9475,1994-01-29,20:00,47,1986,Regulier,0,0
9476,1994-01-29,20:00,4,12,Regulier,2,1
9477,1994-01-29,20:00,2300,16,Regulier,0,2
9478,1994-01-29,20:00,322,35,Regulier,0,2
9479,1994-01-30,15:00,4451,1,Regulier,1,2
9480,1994-01-30,15:00,17,7,Regulier,3,0
9481,1994-01-30,15:00,3530,31,Regulier,1,2
9482,1994-01-30,15:00,3,22,Regulier,2,1
9483,1994-02-04,20:00,12,17,Regulier,1,1
9484,1994-02-05,20:00,30,2300,Regulier,1,0
9485,1994-02-05,20:00,22,3530,Regulier,0,0
9486,1994-02-05,20:00,1,4,Regulier,1,1
9487,1994-02-05,20:00,16,3,Regulier,0,0
9488,1994-02-05,20:00,1986,25,Regulier,3,0
9489,1994-02-05,20:00,35,47,Regulier,0,0
9490,1994-02-05,20:00,7,322,Regulier,2,3
9491,1994-02-06,15:00,31,4451,Regulier,1,1
9492,1994-02-11,20:00,25,35,Regulier,1,0
9493,1994-02-12,20:00,322,12,Regulier,2,2
9494,1994-02-12,20:00,47,7,Regulier,2,0
9495,1994-02-12,20:00,2300,1986,Regulier,2,1
9496,1994-02-12,20:00,4,4451,Regulier,1,0
9497,1994-02-12,20:00,22,31,Regulier,2,1
9498,1994-02-13,15:00,3,30,Regulier,1,0
9499,1994-02-13,15:00,3530,16,Regulier,1,1
9500,1994-02-13,15:00,17,1,Regulier,4,2
9501,1994-02-25,20:00,16,22,Regulier,2,0
9502,1994-02-26,20:00,7,25,Regulier,3,1
9503,1994-02-26,20:00,30,3530,Regulier,3,2
9504,1994-02-26,20:00,35,2300,Regulier,3,2
9505,1994-02-26,20:00,1986,3,Regulier,0,0
9506,1994-02-26,20:00,1,322,Regulier,3,1
9507,1994-02-27,15:00,31,4,Regulier,2,0
9508,1994-02-27,15:00,4451,17,Regulier,2,1
9509,1994-02-27,15:00,12,47,Regulier,1,0
9510,1994-03-04,20:00,17,4,Regulier,2,0
9511,1994-03-05,20:00,2300,7,Regulier,3,1
9512,1994-03-05,20:00,16,31,Regulier,0,0
9513,1994-03-05,20:00,322,4451,Regulier,2,1
9514,1994-03-05,20:00,47,1,Regulier,0,1
9515,1994-03-05,20:00,25,12,Regulier,0,4
9516,1994-03-05,20:00,22,30,Regulier,1,0
9517,1994-03-06,15:00,3,35,Regulier,0,0
9518,1994-03-06,15:00,3530,1986,Regulier,4,1
9519,1994-03-18,20:00,7,3,Regulier,0,4
9520,1994-03-19,20:00,4,322,Regulier,4,0
9521,1994-03-19,20:00,35,3530,Regulier,5,2
9522,1994-03-19,20:00,1,25,Regulier,0,0
9523,1994-03-19,20:00,30,16,Regulier,1,0
9524,1994-03-19,20:00,1986,22,Regulier,2,0
9525,1994-03-20,15:00,4451,47,Regulier,1,2
9526,1994-03-20,15:00,12,2300,Regulier,1,0
9527,1994-03-20,15:00,31,17,Regulier,0,0
9528,1994-03-25,20:00,22,35,Regulier,1,5
9529,1994-03-26,20:00,30,31,Regulier,0,1
9530,1994-03-26,20:00,47,4,Regulier,2,2
9531,1994-03-26,20:00,25,4451,Regulier,1,1
9532,1994-03-26,20:00,2300,1,Regulier,0,0
9533,1994-03-26,20:00,322,17,Regulier,0,0
9534,1994-03-26,20:00,16,1986,Regulier,7,0
9535,1994-03-27,15:00,3530,7,Regulier,2,0
9536,1994-03-27,15:00,3,12,Regulier,2,0
9537,1994-04-08,20:00,35,16,Regulier,0,0
9538,1994-04-09,20:00,12,3530,Regulier,1,1
9539,1994-04-09,20:00,1986,30,Regulier,0,0
9540,1994-04-09,20:00,7,22,Regulier,0,0
9541,1994-04-09,20:00,4,25,Regulier,3,2
9542,1994-04-09,20:00,4451,2300,Regulier,0,2
9543,1994-04-10,15:00,17,47,Regulier,0,0
9544,1994-04-10,15:00,31,322,Regulier,4,0
9545,1994-04-10,15:00,1,3,Regulier,0,1
9546,1994-04-16,20:00,1986,31,Regulier,1,2
9547,1994-04-16,20:00,22,12,Regulier,5,3
9548,1994-04-16,20:00,25,17,Regulier,2,1
9549,1994-04-16,20:00,16,7,Regulier,2,0
9550,1994-04-16,20:00,47,322,Regulier,1,1
9551,1994-04-16,20:00,2300,4,Regulier,3,0
9552,1994-04-16,20:00,30,35,Regulier,1,4
9553,1994-04-17,15:00,3530,1,Regulier,1,3
9554,1994-04-17,15:00,3,4451,Regulier,3,1
9555,1994-04-22,20:00,1,22,Regulier,2,1
9556,1994-04-23,20:00,7,30,Regulier,0,0
9557,1994-04-23,20:00,322,25,Regulier,2,0
9558,1994-04-23,20:00,35,1986,Regulier,1,0
9559,1994-04-23,20:00,4,3,Regulier,0,0
9560,1994-04-24,15:00,17,2300,Regulier,3,0
9561,1994-04-24,15:00,31,47,Regulier,1,1
9562,1994-04-24,15:00,4451,3530,Regulier,0,2
9563,1994-04-24,15:00,12,16,Regulier,1,1
9564,1994-04-29,20:00,3,17,Regulier,0,0
9565,1994-04-30,20:00,16,1,Regulier,0,0
9566,1994-04-30,20:00,1986,7,Regulier,1,3
9567,1994-04-30,20:00,30,12,Regulier,3,2
9568,1994-04-30,20:00,2300,322,Regulier,3,1
9569,1994-04-30,20:00,22,4451,Regulier,2,1
9570,1994-04-30,20:00,35,31,Regulier,2,0
9571,1994-04-30,20:00,25,47,Regulier,3,1
9572,1994-04-30,20:00,3530,4,Regulier,4,1
9573,1994-05-08,15:00,4451,16,Regulier,2,0
9574,1994-05-08,15:00,7,35,Regulier,1,2
9575,1994-05-08,15:00,1,30,Regulier,0,0
9576,1994-05-08,15:00,17,3530,Regulier,1,0
9577,1994-05-08,15:00,4,22,Regulier,2,1
9578,1994-05-08,15:00,47,2300,Regulier,0,1
9579,1994-05-08,15:00,322,3,Regulier,2,4
9580,1994-05-08,15:00,12,1986,Regulier,3,0
9581,1994-05-08,15:00,25,31,Regulier,2,0
9582,1994-05-15,15:00,22,17,Regulier,3,1
9583,1994-05-15,15:00,2300,25,Regulier,1,1
9584,1994-05-15,15:00,35,12,Regulier,2,0
9585,1994-05-15,15:00,31,7,Regulier,2,2
9586,1994-05-15,15:00,1986,1,Regulier,5,0
9587,1994-05-15,15:00,3530,322,Regulier,1,1
9588,1994-05-15,15:00,30,4451,Regulier,1,2
9589,1994-05-15,15:00,16,4,Regulier,3,1
9590,1994-05-15,15:00,3,47,Regulier,5,1
9591,1994-08-21,15:00,3530,90,Regulier,2,3
9592,1994-08-21,15:00,31,17,Regulier,1,2
9593,1994-08-21,20:00,47,3,Regulier,1,1
9594,1994-08-21,20:00,22,25,Regulier,0,1
9595,1994-08-21,20:00,1986,30,Regulier,2,3
9596,1994-08-21,20:00,7,2300,Regulier,2,1
9597,1994-08-21,20:00,12,35,Regulier,2,1
9598,1994-08-21,20:00,4,373,Regulier,1,1
9599,1994-08-21,20:30,16,1,Regulier,3,1
9600,1994-08-28,15:00,3,31,Regulier,2,3
9601,1994-08-28,15:00,90,1986,Regulier,1,1
9602,1994-08-28,20:00,35,3530,Regulier,2,2
9603,1994-08-28,20:00,25,16,Regulier,0,2
9604,1994-08-28,20:00,2300,12,Regulier,1,0
9605,1994-08-28,20:00,1,47,Regulier,2,0
9606,1994-08-28,20:00,373,22,Regulier,0,0
9607,1994-08-28,20:00,30,4,Regulier,5,0
9608,1994-08-28,20:30,17,7,Regulier,3,0
9609,1994-09-04,20:00,47,25,Regulier,3,1
9610,1994-09-04,20:00,31,1,Regulier,0,3
9611,1994-09-04,20:00,7,3,Regulier,1,2
9612,1994-09-04,20:00,30,90,Regulier,3,1
9613,1994-09-04,20:00,4,22,Regulier,2,2
9614,1994-09-04,20:00,3530,2300,Regulier,3,0
9615,1994-09-04,20:00,1986,35,Regulier,1,2
9616,1994-09-04,20:00,16,373,Regulier,2,0
9617,1994-09-04,20:00,12,17,Regulier,2,1
9618,1994-09-11,15:00,3,12,Regulier,4,0
9619,1994-09-11,15:00,90,4,Regulier,2,0
9620,1994-09-11,20:00,17,3530,Regulier,1,1
9621,1994-09-11,20:00,35,30,Regulier,4,2
9622,1994-09-11,20:00,373,47,Regulier,4,2
9623,1994-09-11,20:00,2300,1986,Regulier,2,0
9624,1994-09-11,20:00,25,31,Regulier,4,1
9625,1994-09-11,20:00,1,7,Regulier,3,3
9626,1994-09-11,20:30,22,16,Regulier,0,3
9627,1994-09-18,15:00,90,35,Regulier,3,6
9628,1994-09-18,15:00,12,1,Regulier,0,0
9629,1994-09-18,18:00,3530,3,Regulier,1,1
9630,1994-09-18,20:00,7,25,Regulier,2,0
9631,1994-09-18,20:00,4,16,Regulier,1,1
9632,1994-09-18,20:00,1986,17,Regulier,3,1
9633,1994-09-18,20:00,47,22,Regulier,1,0
9634,1994-09-18,20:00,30,2300,Regulier,3,1
9635,1994-09-18,20:00,31,373,Regulier,2,1
9636,1994-09-25,20:00,16,47,Regulier,1,1
9637,1994-09-25,20:00,1,3530,Regulier,4,2
9638,1994-09-25,20:00,35,4,Regulier,2,0
9639,1994-09-25,20:00,17,30,Regulier,4,1
9640,1994-09-25,20:00,3,1986,Regulier,5,0
9641,1994-09-25,20:00,22,31,Regulier,1,0
9642,1994-09-25,20:00,2300,90,Regulier,3,0
9643,1994-09-25,20:00,373,7,Regulier,0,1
9644,1994-09-25,20:00,25,12,Regulier,3,1
9645,1994-10-02,15:00,30,3,Regulier,1,2
9646,1994-10-02,15:00,90,17,Regulier,1,3
9647,1994-10-02,15:00,3530,25,Regulier,0,2
9648,1994-10-02,20:00,4,47,Regulier,2,2
9649,1994-10-02,20:00,7,22,Regulier,2,2
9650,1994-10-02,20:00,1986,1,Regulier,1,0
9651,1994-10-02,20:00,12,373,Regulier,0,1
9652,1994-10-02,20:00,35,2300,Regulier,2,1
9653,1994-10-02,20:30,31,16,Regulier,0,2
9654,1994-10-16,15:00,17,35,Regulier,1,1
9655,1994-10-16,15:00,3,90,Regulier,2,3
9656,1994-10-16,20:00,22,12,Regulier,2,0
9657,1994-10-16,20:00,1,30,Regulier,0,3
9658,1994-10-16,20:00,373,3530,Regulier,0,4
9659,1994-10-16,20:00,16,7,Regulier,2,0
9660,1994-10-16,20:00,47,31,Regulier,1,1
9661,1994-10-16,20:00,25,1986,Regulier,1,0
9662,1994-10-16,20:00,2300,4,Regulier,5,4
9663,1994-10-23,15:00,3530,22,Regulier,5,0
9664,1994-10-23,15:00,90,1,Regulier,3,0
9665,1994-10-23,18:00,35,3,Regulier,1,0
9666,1994-10-23,20:00,30,25,Regulier,0,0
9667,1994-10-23,20:00,2300,17,Regulier,1,0
9668,1994-10-23,20:00,12,16,Regulier,3,0
9669,1994-10-23,20:00,4,31,Regulier,1,2
9670,1994-10-23,20:00,1986,373,Regulier,0,1
9671,1994-10-23,20:00,7,47,Regulier,0,0
9672,1994-10-29,20:00,47,12,Regulier,1,1
9673,1994-10-29,20:00,16,3530,Regulier,2,0
9674,1994-10-29,20:00,373,30,Regulier,2,2
9675,1994-10-29,20:00,25,90,Regulier,2,2
9676,1994-10-29,20:00,22,1986,Regulier,2,0
9677,1994-10-30,15:00,17,4,Regulier,2,1
9678,1994-10-30,15:00,3,2300,Regulier,4,1
9679,1994-10-30,15:00,31,7,Regulier,2,4
9680,1994-10-30,15:00,1,35,Regulier,2,4
9681,1994-11-08,20:00,12,31,Regulier,3,1
9682,1994-11-09,20:00,90,373,Regulier,2,2
9683,1994-11-09,20:00,1986,16,Regulier,3,0
9684,1994-11-09,20:00,3530,47,Regulier,0,1
9685,1994-11-09,20:00,17,3,Regulier,0,0
9686,1994-11-09,20:00,30,22,Regulier,1,0
9687,1994-11-09,20:00,35,25,Regulier,0,1
9688,1994-11-09,20:00,2300,1,Regulier,0,4
9689,1994-11-10,20:00,4,7,Regulier,4,1
9690,1994-11-18,20:00,1,17,Regulier,2,2
9691,1994-11-19,20:00,22,90,Regulier,0,0
9692,1994-11-19,20:00,25,2300,Regulier,1,1
9693,1994-11-19,20:00,47,1986,Regulier,0,0
9694,1994-11-19,20:00,373,35,Regulier,0,2
9695,1994-11-19,20:00,7,12,Regulier,4,0
9696,1994-11-19,20:00,16,30,Regulier,2,0
9697,1994-11-20,15:00,31,3530,Regulier,1,1
9698,1994-11-20,15:00,3,4,Regulier,2,0
9699,1994-11-26,20:00,1986,31,Regulier,3,1
9700,1994-11-26,20:00,30,47,Regulier,2,0
9701,1994-11-26,20:00,4,12,Regulier,0,0
9702,1994-11-26,20:00,2300,373,Regulier,0,0
9703,1994-11-27,15:00,3,1,Regulier,3,2
9704,1994-11-27,15:00,90,16,Regulier,1,3
9705,1994-11-27,15:00,17,25,Regulier,3,1
9706,1994-11-27,15:00,3530,7,Regulier,4,1
9707,1994-11-27,18:00,35,22,Regulier,4,0
9708,1994-12-02,20:00,16,35,Regulier,1,1
9709,1994-12-03,20:00,7,1986,Regulier,0,2
9710,1994-12-03,20:00,22,2300,Regulier,0,0
9711,1994-12-03,20:00,373,17,Regulier,1,1
9712,1994-12-03,20:00,47,90,Regulier,1,2
9713,1994-12-03,20:00,25,3,Regulier,1,2
9714,1994-12-03,20:00,1,4,Regulier,3,0
9715,1994-12-04,15:00,12,3530,Regulier,1,2
9716,1994-12-04,15:00,31,30,Regulier,0,3
9717,1994-12-10,20:00,2300,16,Regulier,2,2
9718,1994-12-10,20:00,3,373,Regulier,4,1
9719,1994-12-10,20:00,17,22,Regulier,1,1
9720,1994-12-10,20:00,90,31,Regulier,7,1
9721,1994-12-10,20:00,1986,12,Regulier,0,0
9722,1994-12-10,20:00,35,47,Regulier,2,0
9723,1994-12-10,20:00,30,7,Regulier,2,1
9724,1994-12-10,20:00,1,25,Regulier,2,0
9725,1994-12-11,20:00,4,3530,Regulier,0,0
9726,1994-12-18,15:00,3530,1986,Regulier,2,2
9727,1994-12-18,15:00,4,25,Regulier,1,2
9728,1994-12-18,20:00,12,30,Regulier,5,0
9729,1994-12-18,20:00,22,3,Regulier,1,1
9730,1994-12-18,20:00,47,2300,Regulier,2,0
9731,1994-12-18,20:00,373,1,Regulier,0,0
9732,1994-12-18,20:00,16,17,Regulier,1,0
9733,1994-12-18,20:00,31,35,Regulier,0,2
9734,1994-12-18,20:00,7,90,Regulier,1,2
9735,1995-01-08,20:00,90,12,Regulier,6,4
9736,1995-01-08,20:00,3,16,Regulier,2,0
9737,1995-01-08,20:00,17,47,Regulier,1,2
9738,1995-01-08,20:00,1986,4,Regulier,4,2
9739,1995-01-08,20:00,1,22,Regulier,0,2
9740,1995-01-08,20:00,2300,31,Regulier,0,0
9741,1995-01-08,20:00,35,7,Regulier,4,0
9742,1995-01-08,20:00,25,373,Regulier,0,1
9743,1995-01-08,20:00,30,3530,Regulier,0,0
9744,1995-01-14,20:00,3,47,Regulier,3,1
9745,1995-01-14,20:00,30,1986,Regulier,0,0
9746,1995-01-14,20:00,25,22,Regulier,1,3
9747,1995-01-14,20:00,2300,7,Regulier,4,0
9748,1995-01-14,20:00,35,12,Regulier,1,1
9749,1995-01-14,20:00,373,4,Regulier,1,0
9750,1995-01-15,15:00,17,31,Regulier,2,2
9751,1995-01-15,15:00,1,16,Regulier,0,1
9752,1995-01-15,15:00,90,3530,Regulier,0,3
9753,1995-01-20,20:00,16,25,Regulier,3,1
9754,1995-01-21,20:00,47,1,Regulier,3,1
9755,1995-01-21,20:00,1986,90,Regulier,1,0
9756,1995-01-21,20:00,22,373,Regulier,0,4
9757,1995-01-21,20:00,7,17,Regulier,1,0
9758,1995-01-22,15:00,4,30,Regulier,2,0
9759,1995-01-22,15:00,12,2300,Regulier,2,0
9760,1995-01-22,15:00,31,3,Regulier,1,6
9761,1995-01-22,15:00,3530,35,Regulier,2,3
9762,1995-01-28,20:00,22,4,Regulier,4,1
9763,1995-01-28,20:00,2300,3530,Regulier,1,1
9764,1995-01-28,20:00,25,47,Regulier,1,0
9765,1995-01-28,20:00,373,16,Regulier,1,1
9766,1995-01-28,20:00,1,31,Regulier,2,1
9767,1995-01-29,15:00,17,12,Regulier,4,1
9768,1995-01-29,20:00,3,7,Regulier,3,2
9769,1995-01-29,20:00,90,30,Regulier,2,2
9770,1995-01-29,20:00,35,1986,Regulier,3,2
9771,1995-02-03,20:00,30,35,Regulier,1,8
9772,1995-02-04,20:00,7,1,Regulier,2,1
9773,1995-02-04,20:00,16,22,Regulier,2,0
9774,1995-02-04,20:00,47,373,Regulier,1,0
9775,1995-02-04,20:00,1986,2300,Regulier,1,1
9776,1995-02-05,15:00,12,3,Regulier,0,4
9777,1995-02-05,15:00,4,90,Regulier,2,3
9778,1995-02-05,15:00,3530,17,Regulier,3,1
9779,1995-02-05,15:00,31,25,Regulier,1,1
9780,1995-02-10,20:00,17,1986,Regulier,3,0
9781,1995-02-11,20:00,2300,30,Regulier,2,2
9782,1995-02-11,20:00,16,4,Regulier,1,0
9783,1995-02-11,20:00,35,90,Regulier,3,2
9784,1995-02-11,20:00,373,31,Regulier,1,1
9785,1995-02-11,20:00,22,47,Regulier,2,0
9786,1995-02-11,20:00,1,12,Regulier,2,1
9787,1995-02-11,20:00,25,7,Regulier,0,0
9788,1995-02-12,20:00,3,3530,Regulier,0,0
9789,1995-02-17,20:00,47,16,Regulier,1,2
9790,1995-02-18,20:00,1986,3,Regulier,1,0
9791,1995-02-18,20:00,7,373,Regulier,0,0
9792,1995-02-18,20:00,30,17,Regulier,0,0
9793,1995-02-19,15:00,90,2300,Regulier,1,3
9794,1995-02-19,15:00,31,22,Regulier,1,1
9795,1995-02-19,15:00,12,25,Regulier,2,2
9796,1995-02-19,15:00,4,35,Regulier,0,4
9797,1995-02-19,15:00,3530,1,Regulier,2,0
9798,1995-02-24,20:00,2300,35,Regulier,0,0
9799,1995-02-25,20:00,16,31,Regulier,2,0
9800,1995-02-25,20:00,1,1986,Regulier,1,1
9801,1995-02-25,20:00,22,7,Regulier,0,0
9802,1995-02-25,20:00,47,4,Regulier,4,0
9803,1995-02-25,20:00,373,12,Regulier,3,2
9804,1995-02-25,20:00,25,3530,Regulier,0,2
9805,1995-02-26,15:00,17,90,Regulier,2,3
9806,1995-02-26,20:00,3,30,Regulier,1,0
9807,1995-03-03,20:00,7,16,Regulier,0,1
9808,1995-03-04,20:00,35,17,Regulier,4,0
9809,1995-03-04,20:00,1986,25,Regulier,2,0
9810,1995-03-04,20:00,30,1,Regulier,3,0
9811,1995-03-05,15:00,12,22,Regulier,0,1
9812,1995-03-05,15:00,4,2300,Regulier,1,0
9813,1995-03-05,15:00,90,3,Regulier,1,0
9814,1995-03-05,15:00,3530,373,Regulier,1,2
9815,1995-03-05,15:00,31,47,Regulier,2,2
9816,1995-03-10,20:00,3,35,Regulier,1,0
9817,1995-03-11,20:00,47,7,Regulier,0,1
9818,1995-03-11,20:00,1,90,Regulier,2,3
9819,1995-03-11,20:00,25,30,Regulier,4,0
9820,1995-03-11,20:00,16,12,Regulier,2,0
9821,1995-03-11,20:00,373,1986,Regulier,1,1
9822,1995-03-11,20:00,22,3530,Regulier,1,2
9823,1995-03-12,15:00,17,2300,Regulier,1,2
9824,1995-03-12,15:00,31,4,Regulier,1,3
9825,1995-03-17,20:00,1986,22,Regulier,2,0
9826,1995-03-18,20:00,4,17,Regulier,0,1
9827,1995-03-18,20:00,30,373,Regulier,1,0
9828,1995-03-18,20:00,35,1,Regulier,3,1
9829,1995-03-18,20:00,12,47,Regulier,0,0
9830,1995-03-18,20:00,7,31,Regulier,5,0
9831,1995-03-18,20:00,2300,3,Regulier,0,2
9832,1995-03-19,15:00,90,25,Regulier,1,1
9833,1995-03-19,15:00,3530,16,Regulier,1,1
9834,1995-04-01,20:00,16,1986,Regulier,1,0
9835,1995-04-01,20:00,22,30,Regulier,1,0
9836,1995-04-01,20:00,25,35,Regulier,1,1
9837,1995-04-01,20:00,7,4,Regulier,1,0
9838,1995-04-01,20:00,1,2300,Regulier,0,0
9839,1995-04-01,20:00,373,90,Regulier,0,0
9840,1995-04-01,20:00,47,3530,Regulier,0,0
9841,1995-04-01,20:00,31,12,Regulier,0,2
9842,1995-04-02,15:00,3,17,Regulier,3,3
9843,1995-04-07,20:00,30,16,Regulier,0,0
9844,1995-04-08,20:00,12,7,Regulier,1,1
9845,1995-04-08,20:00,2300,25,Regulier,3,0
9846,1995-04-08,20:00,35,373,Regulier,0,1
9847,1995-04-08,20:00,1986,47,Regulier,3,0
9848,1995-04-08,20:00,17,1,Regulier,2,0
9849,1995-04-09,15:00,90,22,Regulier,0,0
9850,1995-04-09,15:00,4,3,Regulier,1,1
9851,1995-04-09,15:00,3530,31,Regulier,4,1
9852,1995-04-15,20:00,16,90,Regulier,0,0
9853,1995-04-15,20:00,47,30,Regulier,2,1
9854,1995-04-15,20:00,373,2300,Regulier,0,0
9855,1995-04-15,20:00,25,17,Regulier,2,1
9856,1995-04-15,20:00,12,4,Regulier,3,0
9857,1995-04-15,20:00,7,3530,Regulier,1,0
9858,1995-04-15,20:30,31,1986,Regulier,2,1
9859,1995-04-16,15:00,1,3,Regulier,0,1
9860,1995-04-16,20:00,22,35,Regulier,2,1
9861,1995-04-29,20:00,90,47,Regulier,2,0
9862,1995-04-29,20:00,30,31,Regulier,3,1
9863,1995-04-29,20:00,2300,22,Regulier,2,1
9864,1995-04-29,20:00,1986,7,Regulier,3,1
9865,1995-04-29,20:00,17,373,Regulier,3,0
9866,1995-04-29,20:00,3,25,Regulier,2,0
9867,1995-04-30,15:00,3530,12,Regulier,1,1
9868,1995-04-30,18:00,35,16,Regulier,2,1
9869,1995-04-30,20:00,4,1,Regulier,3,1
9870,1995-05-06,20:00,31,90,Regulier,2,2
9871,1995-05-06,20:00,16,2300,Regulier,4,1
9872,1995-05-06,20:00,373,3,Regulier,0,1
9873,1995-05-06,20:00,22,17,Regulier,2,3
9874,1995-05-06,20:00,25,1,Regulier,1,1
9875,1995-05-06,20:00,12,1986,Regulier,3,1
9876,1995-05-06,20:00,7,30,Regulier,2,2
9877,1995-05-07,15:00,3530,4,Regulier,3,1
9878,1995-05-07,18:00,47,35,Regulier,0,2
9879,1995-05-14,15:00,1,373,Regulier,0,3
9880,1995-05-14,15:00,3,22,Regulier,3,2
9881,1995-05-14,15:00,1986,3530,Regulier,1,1
9882,1995-05-14,15:00,17,16,Regulier,1,1
9883,1995-05-14,15:00,2300,47,Regulier,1,1
9884,1995-05-14,15:00,35,31,Regulier,3,0
9885,1995-05-14,15:00,30,12,Regulier,2,1
9886,1995-05-14,15:00,90,7,Regulier,3,1
9887,1995-05-14,20:00,25,4,Regulier,6,1
9888,1995-05-20,20:00,12,90,Regulier,1,1
9889,1995-05-20,20:00,31,2300,Regulier,2,1
9890,1995-05-20,20:00,16,3,Regulier,2,0
9891,1995-05-20,20:00,4,1986,Regulier,1,2
9892,1995-05-20,20:00,47,17,Regulier,1,0
9893,1995-05-20,20:00,7,35,Regulier,0,2
9894,1995-05-20,20:00,373,25,Regulier,2,0
9895,1995-05-20,20:00,3530,30,Regulier,2,4
9896,1995-05-20,20:00,22,1,Regulier,0,0
9897,1995-08-06,15:00,3530,3,Regulier,1,2
9898,1995-08-06,20:00,373,17,Regulier,4,1
9899,1995-08-06,20:00,12,1,Regulier,3,2
9900,1995-08-06,20:00,30,1615,Regulier,0,1
9901,1995-08-06,20:00,16,1986,Regulier,1,0
9902,1995-08-06,20:00,4451,7,Regulier,2,2
9903,1995-08-06,20:00,22,25,Regulier,4,2
9904,1995-08-06,20:00,90,35,Regulier,3,1
9905,1995-08-06,20:00,47,2300,Regulier,1,0
9906,1995-08-13,15:00,1615,47,Regulier,4,2
9907,1995-08-13,20:00,1,30,Regulier,3,1
9908,1995-08-13,20:00,7,16,Regulier,2,4
9909,1995-08-13,20:00,3,373,Regulier,2,0
9910,1995-08-13,20:00,35,22,Regulier,0,2
9911,1995-08-13,20:00,25,3530,Regulier,1,1
9912,1995-08-13,20:00,2300,90,Regulier,0,2
9913,1995-08-13,20:00,17,4451,Regulier,0,2
9914,1995-08-13,20:00,1986,12,Regulier,0,1
9915,1995-08-16,20:00,30,1986,Regulier,3,1
9916,1995-08-16,20:00,4451,16,Regulier,0,4
9917,1995-08-16,20:00,373,25,Regulier,2,2
9918,1995-08-16,20:00,22,2300,Regulier,3,1
9919,1995-08-16,20:00,17,3,Regulier,1,1
9920,1995-08-16,20:00,47,1,Regulier,0,0
9921,1995-08-16,20:00,3530,35,Regulier,2,2
9922,1995-08-16,20:00,90,1615,Regulier,2,0
9923,1995-08-16,20:00,12,7,Regulier,0,0
9924,1995-08-20,15:00,1615,22,Regulier,4,0
9925,1995-08-20,15:00,3,4451,Regulier,3,1
9926,1995-08-20,20:00,16,12,Regulier,4,0
9927,1995-08-20,20:00,7,30,Regulier,0,2
9928,1995-08-20,20:00,2300,3530,Regulier,3,2
9929,1995-08-20,20:00,35,373,Regulier,4,0
9930,1995-08-20,20:00,25,17,Regulier,1,4
9931,1995-08-20,20:00,1986,47,Regulier,0,1
9932,1995-08-20,20:00,1,90,Regulier,0,1
9933,1995-08-27,15:00,90,1986,Regulier,4,1
9934,1995-08-27,15:00,3530,1615,Regulier,1,1
9935,1995-08-27,15:00,4451,12,Regulier,1,1
9936,1995-08-27,20:00,17,35,Regulier,2,1
9937,1995-08-27,20:00,373,2300,Regulier,0,2
9938,1995-08-27,20:00,22,1,Regulier,2,0
9939,1995-08-27,20:00,30,16,Regulier,0,0
9940,1995-08-27,20:00,3,25,Regulier,6,0
9941,1995-08-27,20:00,47,7,Regulier,1,0
9942,1995-09-03,20:00,25,4451,Regulier,3,0
9943,1995-09-03,20:00,35,3,Regulier,2,1
9944,1995-09-03,20:00,12,30,Regulier,2,3
9945,1995-09-03,20:00,16,47,Regulier,1,1
9946,1995-09-03,20:00,7,90,Regulier,3,1
9947,1995-09-03,20:00,1986,22,Regulier,1,1
9948,1995-09-03,20:00,1,3530,Regulier,0,2
9949,1995-09-03,20:00,2300,17,Regulier,1,0
9950,1995-09-03,20:00,1615,373,Regulier,3,0
9951,1995-09-10,15:00,3,2300,Regulier,3,1
9952,1995-09-10,15:00,3530,1986,Regulier,1,2
9953,1995-09-10,20:00,373,1,Regulier,2,3
9954,1995-09-10,20:00,17,1615,Regulier,0,1
9955,1995-09-10,20:00,25,35,Regulier,1,3
9956,1995-09-10,20:00,90,16,Regulier,1,1
9957,1995-09-10,20:00,47,12,Regulier,2,2
9958,1995-09-10,20:00,22,7,Regulier,3,3
9959,1995-09-10,20:00,4451,30,Regulier,1,3
9960,1995-09-17,15:00,1615,3,Regulier,0,2
9961,1995-09-17,20:00,12,90,Regulier,1,1
9962,1995-09-17,20:00,35,4451,Regulier,2,0
9963,1995-09-17,20:00,30,47,Regulier,1,1
9964,1995-09-17,20:00,16,22,Regulier,2,2
9965,1995-09-17,20:00,1986,373,Regulier,2,3
9966,1995-09-17,20:00,1,17,Regulier,4,2
9967,1995-09-17,20:00,7,3530,Regulier,0,2
9968,1995-09-17,20:00,2300,25,Regulier,1,1
9969,1995-09-20,20:00,17,1986,Regulier,2,1
9970,1995-09-20,20:00,3530,16,Regulier,2,0
9971,1995-09-20,20:00,3,1,Regulier,2,0
9972,1995-09-20,20:00,25,1615,Regulier,1,0
9973,1995-09-20,20:00,90,30,Regulier,1,2
9974,1995-09-20,20:00,35,2300,Regulier,1,0
9975,1995-09-20,20:00,373,7,Regulier,1,0
9976,1995-09-20,20:00,22,12,Regulier,1,1
9977,1995-09-20,20:00,4451,47,Regulier,0,1
9978,1995-09-23,20:00,30,22,Regulier,2,1
9979,1995-09-23,20:00,7,17,Regulier,4,2
9980,1995-09-23,20:00,2300,4451,Regulier,5,1
9981,1995-09-23,20:00,1986,3,Regulier,2,2
9982,1995-09-23,20:00,1,25,Regulier,1,2
9983,1995-09-23,20:00,16,373,Regulier,1,1
9984,1995-09-23,20:00,12,3530,Regulier,2,2
9985,1995-09-23,20:00,47,90,Regulier,0,0
9986,1995-09-24,15:00,1615,35,Regulier,0,4
9987,1995-09-29,20:00,3530,30,Regulier,1,1
9988,1995-09-30,20:00,4451,90,Regulier,0,0
9989,1995-09-30,20:00,25,1986,Regulier,2,0
9990,1995-09-30,20:00,17,16,Regulier,0,0
9991,1995-09-30,20:00,35,1,Regulier,1,1
9992,1995-09-30,20:00,373,12,Regulier,1,1
9993,1995-09-30,20:00,22,47,Regulier,2,2
9994,1995-09-30,20:00,2300,1615,Regulier,0,0
9995,1995-10-01,15:00,3,7,Regulier,3,0
9996,1995-10-13,20:00,16,3,Regulier,1,0
9997,1995-10-14,20:00,12,17,Regulier,0,0
9998,1995-10-14,20:00,47,3530,Regulier,1,0
9999,1995-10-14,20:00,90,22,Regulier,3,4
10000,1995-10-14,20:00,7,25,Regulier,0,0
10001,1995-10-14,20:00,30,373,Regulier,3,0
10002,1995-10-14,20:00,1986,35,Regulier,2,2
10003,1995-10-15,15:00,1,2300,Regulier,1,1
10004,1995-10-15,15:00,1615,4451,Regulier,2,1
10005,1995-10-21,20:00,4451,22,Regulier,4,1
10006,1995-10-21,20:00,25,16,Regulier,2,0
10007,1995-10-21,20:00,35,7,Regulier,3,0
10008,1995-10-21,20:00,373,47,Regulier,0,1
10009,1995-10-21,20:00,17,30,Regulier,1,3
10010,1995-10-21,20:00,2300,1986,Regulier,0,1
10011,1995-10-22,15:00,3530,90,Regulier,5,1
10012,1995-10-22,15:00,3,12,Regulier,2,2
10013,1995-10-22,15:00,1615,1,Regulier,3,1
10014,1995-10-27,20:00,16,35,Regulier,2,4
10015,1995-10-28,20:00,7,2300,Regulier,3,0
10016,1995-10-28,20:00,1986,1615,Regulier,2,0
10017,1995-10-28,20:00,12,25,Regulier,3,2
10018,1995-10-28,20:00,22,3530,Regulier,1,1
10019,1995-10-28,20:00,90,373,Regulier,0,0
10020,1995-10-28,20:00,30,3,Regulier,2,2
10021,1995-10-28,20:00,47,17,Regulier,4,0
10022,1995-10-29,15:00,1,4451,Regulier,2,0
10023,1995-11-03,20:00,17,90,Regulier,2,4
10024,1995-11-04,20:00,373,22,Regulier,4,1
10025,1995-11-04,20:00,25,30,Regulier,0,0
10026,1995-11-04,20:00,35,12,Regulier,3,0
10027,1995-11-04,20:00,2300,16,Regulier,0,0
10028,1995-11-04,20:00,1615,7,Regulier,0,1
10029,1995-11-04,20:00,1,1986,Regulier,4,1
10030,1995-11-05,15:00,4451,3530,Regulier,1,0
10031,1995-11-05,15:00,3,47,Regulier,3,0
10032,1995-11-18,20:00,16,1615,Regulier,2,1
10033,1995-11-18,20:00,22,17,Regulier,4,2
10034,1995-11-19,15:00,7,1,Regulier,1,0
10035,1995-11-19,15:00,12,2300,Regulier,2,0
10036,1995-11-19,15:00,90,3,Regulier,0,2
10037,1995-11-19,15:00,47,25,Regulier,0,1
10038,1995-11-19,15:00,3530,373,Regulier,3,1
10039,1995-11-19,15:00,4451,1986,Regulier,1,3
10040,1995-11-19,20:00,30,35,Regulier,3,2
10041,1995-11-24,20:00,3,22,Regulier,0,0
10042,1995-11-25,20:00,1986,7,Regulier,1,1
10043,1995-11-25,20:00,17,3530,Regulier,1,1
10044,1995-11-25,20:00,373,4451,Regulier,1,1
10045,1995-11-25,20:00,2300,30,Regulier,2,2
10046,1995-11-25,20:00,25,90,Regulier,1,0
10047,1995-11-25,20:00,35,47,Regulier,1,0
10048,1995-11-26,15:00,1,16,Regulier,3,2
10049,1995-11-26,15:00,1615,12,Regulier,0,2
10050,1995-12-01,20:00,35,90,Regulier,4,0
10051,1995-12-02,20:00,1,12,Regulier,0,1
10052,1995-12-02,20:00,25,22,Regulier,1,2
10053,1995-12-02,20:00,7,4451,Regulier,0,0
10054,1995-12-02,20:00,17,373,Regulier,1,2
10055,1995-12-02,20:00,1986,16,Regulier,1,0
10056,1995-12-02,20:00,2300,47,Regulier,1,1
10057,1995-12-03,15:00,1615,30,Regulier,2,3
10058,1995-12-03,15:00,3,3530,Regulier,3,1
10059,1995-12-15,20:00,22,35,Regulier,1,3
10060,1995-12-16,20:00,30,1,Regulier,1,2
10061,1995-12-16,20:00,373,3,Regulier,2,4
10062,1995-12-16,20:00,16,7,Regulier,1,1
10063,1995-12-17,15:00,4451,17,Regulier,0,3
10064,1995-12-17,15:00,47,1615,Regulier,3,1
10065,1995-12-17,15:00,90,2300,Regulier,5,1
10066,1995-12-17,15:00,12,1986,Regulier,0,1
10067,1995-12-17,15:00,3530,25,Regulier,1,0
10068,1995-12-20,20:00,1615,90,Regulier,2,1
10069,1995-12-21,20:00,16,4451,Regulier,1,1
10070,1995-12-21,20:00,3,17,Regulier,3,1
10071,1995-12-23,20:00,1986,30,Regulier,0,0
10072,1995-12-23,20:00,1,47,Regulier,1,1
10073,1995-12-23,20:00,25,373,Regulier,2,0
10074,1995-12-23,20:00,7,12,Regulier,1,5
10075,1995-12-23,20:00,2300,22,Regulier,1,1
10076,1995-12-23,20:00,35,3530,Regulier,4,2
10077,1996-01-25,20:00,12,16,Regulier,2,3
10078,1996-01-27,20:00,30,7,Regulier,2,3
10079,1996-01-27,20:00,373,35,Regulier,0,5
10080,1996-01-27,20:00,17,25,Regulier,2,1
10081,1996-01-27,20:00,22,1615,Regulier,0,0
10082,1996-01-28,15:00,3530,2300,Regulier,1,0
10083,1996-01-28,15:00,4451,3,Regulier,2,5
10084,1996-01-28,15:00,90,1,Regulier,0,0
10085,1996-01-28,15:00,47,1986,Regulier,0,2
10086,1996-02-02,20:00,25,3,Regulier,0,2
10087,1996-02-03,20:00,1986,90,Regulier,1,0
10088,1996-02-03,20:00,16,30,Regulier,2,0
10089,1996-02-03,20:00,35,17,Regulier,7,0
10090,1996-02-03,20:00,2300,373,Regulier,0,2
10091,1996-02-03,20:00,7,47,Regulier,2,0
10092,1996-02-03,20:00,1,22,Regulier,1,0
10093,1996-02-04,15:00,12,4451,Regulier,4,1
10094,1996-02-04,15:00,1615,3530,Regulier,1,2
10095,1996-02-10,20:00,17,2300,Regulier,1,0
10096,1996-02-10,20:00,22,1986,Regulier,5,0
10097,1996-02-10,20:00,30,12,Regulier,0,1
10098,1996-02-10,20:00,373,1615,Regulier,2,0
10099,1996-02-11,15:00,3,35,Regulier,2,1
10100,1996-02-11,15:00,47,16,Regulier,3,1
10101,1996-02-11,15:00,3530,1,Regulier,2,0
10102,1996-02-11,15:00,4451,25,Regulier,0,1
10103,1996-02-11,15:00,90,7,Regulier,2,2
10104,1996-02-17,20:00,35,25,Regulier,3,1
10105,1996-02-17,20:00,1,373,Regulier,1,1
10106,1996-02-17,20:00,2300,3,Regulier,3,5
10107,1996-02-17,20:00,7,22,Regulier,1,0
10108,1996-02-17,20:00,16,90,Regulier,2,1
10109,1996-02-17,20:00,30,4451,Regulier,1,1
10110,1996-02-17,20:00,1986,3530,Regulier,2,1
10111,1996-02-18,15:00,12,47,Regulier,1,1
10112,1996-02-18,15:00,1615,17,Regulier,2,1
10113,1996-02-25,15:00,3530,7,Regulier,2,0
10114,1996-02-25,15:00,4451,35,Regulier,1,4
10115,1996-02-25,15:00,3,1615,Regulier,2,0
10116,1996-02-25,15:00,90,12,Regulier,4,3
10117,1996-02-25,20:00,22,16,Regulier,2,2
10118,1996-02-25,20:00,25,2300,Regulier,2,1
10119,1996-02-25,20:00,17,1,Regulier,0,1
10120,1996-02-25,20:00,47,30,Regulier,0,0
10121,1996-02-25,20:00,373,1986,Regulier,0,2
10122,1996-03-01,20:00,2300,35,Regulier,0,2
10123,1996-03-02,20:00,47,4451,Regulier,4,1
10124,1996-03-02,20:00,7,373,Regulier,0,1
10125,1996-03-02,20:00,1986,17,Regulier,0,1
10126,1996-03-02,20:00,30,90,Regulier,3,1
10127,1996-03-02,20:00,16,3530,Regulier,0,0
10128,1996-03-03,15:00,1,3,Regulier,0,3
10129,1996-03-03,15:00,1615,25,Regulier,0,0
10130,1996-03-03,15:00,12,22,Regulier,0,2
10131,1996-03-08,20:00,373,16,Regulier,3,1
10132,1996-03-09,20:00,17,7,Regulier,2,2
10133,1996-03-09,20:00,35,1615,Regulier,1,3
10134,1996-03-09,20:00,22,30,Regulier,1,1
10135,1996-03-09,20:00,25,1,Regulier,0,1
10136,1996-03-10,15:00,4451,2300,Regulier,1,4
10137,1996-03-10,15:00,3530,12,Regulier,1,0
10138,1996-03-10,15:00,3,1986,Regulier,2,0
10139,1996-03-10,15:00,90,47,Regulier,1,1
10140,1996-03-15,20:00,47,22,Regulier,3,1
10141,1996-03-16,20:00,30,3530,Regulier,2,1
10142,1996-03-16,20:00,1986,25,Regulier,2,1
10143,1996-03-16,20:00,16,17,Regulier,3,0
10144,1996-03-17,15:00,1,35,Regulier,1,1
10145,1996-03-17,15:00,7,3,Regulier,0,2
10146,1996-03-17,15:00,1615,2300,Regulier,1,0
10147,1996-03-17,15:00,12,373,Regulier,2,1
10148,1996-03-17,15:00,90,4451,Regulier,1,1
10149,1996-03-30,20:00,373,30,Regulier,3,1
10150,1996-03-30,20:00,25,7,Regulier,0,0
10151,1996-03-30,20:00,22,90,Regulier,2,0
10152,1996-03-30,20:00,2300,1,Regulier,4,0
10153,1996-03-30,20:00,17,12,Regulier,1,0
10154,1996-03-30,20:00,35,1986,Regulier,3,2
10155,1996-03-31,15:00,3530,47,Regulier,1,0
10156,1996-03-31,15:00,4451,1615,Regulier,1,2
10157,1996-03-31,20:00,3,16,Regulier,6,1
10158,1996-04-05,20:00,22,4451,Regulier,1,0
10159,1996-04-05,20:00,12,3,Regulier,1,2
10160,1996-04-06,15:00,7,35,Regulier,1,3
10161,1996-04-06,20:00,1986,2300,Regulier,2,0
10162,1996-04-06,20:00,47,373,Regulier,2,0
10163,1996-04-06,20:00,90,3530,Regulier,2,0
10164,1996-04-06,20:00,1,1615,Regulier,2,3
10165,1996-04-06,20:00,30,17,Regulier,4,0
10166,1996-04-06,20:00,16,25,Regulier,2,1
10167,1996-04-12,20:00,35,16,Regulier,2,1
10168,1996-04-13,20:00,25,12,Regulier,2,1
10169,1996-04-13,20:00,2300,7,Regulier,2,2
10170,1996-04-13,20:00,17,47,Regulier,0,5
10171,1996-04-13,20:00,373,90,Regulier,2,2
10172,1996-04-13,20:00,1615,1986,Regulier,0,3
10173,1996-04-14,15:00,3,30,Regulier,2,1
10174,1996-04-14,15:00,3530,22,Regulier,3,1
10175,1996-04-14,18:00,4451,1,Regulier,1,1
10176,1996-04-19,20:00,47,3,Regulier,0,0
10177,1996-04-20,20:00,90,17,Regulier,5,0
10178,1996-04-20,20:00,7,1615,Regulier,1,0
10179,1996-04-20,20:00,30,25,Regulier,0,3
10180,1996-04-20,20:00,22,373,Regulier,4,0
10181,1996-04-20,20:00,16,2300,Regulier,2,2
10182,1996-04-20,20:00,1986,1,Regulier,0,0
10183,1996-04-21,15:00,12,35,Regulier,2,1
10184,1996-04-21,15:00,3530,4451,Regulier,2,0
10185,1996-05-05,15:00,373,3530,Regulier,2,1
10186,1996-05-05,15:00,1,7,Regulier,2,1
10187,1996-05-05,15:00,2300,12,Regulier,1,3
10188,1996-05-05,15:00,1615,16,Regulier,2,3
10189,1996-05-05,15:00,1986,4451,Regulier,2,1
10190,1996-05-05,15:00,3,90,Regulier,1,3
10191,1996-05-05,15:00,25,47,Regulier,1,1
10192,1996-05-05,15:00,35,30,Regulier,3,1
10193,1996-05-05,15:00,17,22,Regulier,2,3
10194,1996-05-12,15:00,4451,373,Regulier,2,1
10195,1996-05-12,15:00,16,1,Regulier,1,0
10196,1996-05-12,15:00,12,1615,Regulier,2,1
10197,1996-05-12,15:00,7,1986,Regulier,2,0
10198,1996-05-12,15:00,3530,17,Regulier,5,0
10199,1996-05-12,15:00,90,25,Regulier,3,2
10200,1996-05-12,15:00,22,3,Regulier,1,3
10201,1996-05-12,15:00,47,35,Regulier,0,0
10202,1996-05-12,15:00,30,2300,Regulier,3,1
10203,1996-08-04,20:00,1986,224,Regulier,0,2
10204,1996-08-04,20:00,90,35,Regulier,0,0
10205,1996-08-04,20:00,47,30,Regulier,0,0
10206,1996-08-04,20:00,3,1615,Regulier,1,0
10207,1996-08-04,20:00,282,322,Regulier,1,0
10208,1996-08-04,20:00,25,12,Regulier,0,0
10209,1996-08-04,20:00,16,373,Regulier,2,0
10210,1996-08-04,20:00,3530,7,Regulier,1,2
10211,1996-08-04,20:00,22,1,Regulier,3,0
10212,1996-08-11,15:00,1615,3530,Regulier,2,3
10213,1996-08-11,20:00,35,1986,Regulier,6,0
10214,1996-08-11,20:00,12,90,Regulier,1,2
10215,1996-08-11,20:00,322,16,Regulier,3,1
10216,1996-08-11,20:00,30,3,Regulier,2,2
10217,1996-08-11,20:00,224,282,Regulier,2,1
10218,1996-08-11,20:00,1,25,Regulier,3,2
10219,1996-08-11,20:00,7,22,Regulier,3,1
10220,1996-08-11,20:00,373,47,Regulier,0,2
10221,1996-08-18,15:00,90,1,Regulier,1,2
10222,1996-08-18,20:00,47,322,Regulier,2,2
10223,1996-08-18,20:00,3530,30,Regulier,1,1
10224,1996-08-18,20:00,3,373,Regulier,6,1
10225,1996-08-18,20:00,1986,12,Regulier,1,1
10226,1996-08-18,20:00,25,7,Regulier,1,1
10227,1996-08-18,20:00,224,35,Regulier,1,1
10228,1996-08-18,20:00,282,16,Regulier,0,1
10229,1996-08-18,20:00,22,1615,Regulier,0,1
10230,1996-08-25,15:00,322,3,Regulier,1,1
10231,1996-08-25,15:00,1615,25,Regulier,3,3
10232,1996-08-25,20:00,373,3530,Regulier,3,1
10233,1996-08-25,20:00,30,22,Regulier,4,0
10234,1996-08-25,20:00,7,90,Regulier,3,2
10235,1996-08-25,20:00,35,282,Regulier,2,2
10236,1996-08-25,20:00,12,224,Regulier,2,2
10237,1996-08-25,20:00,16,47,Regulier,3,0
10238,1996-08-25,20:00,1,1986,Regulier,1,4
10239,1996-09-08,15:00,90,1615,Regulier,1,1
10240,1996-09-08,20:00,3530,322,Regulier,0,1
10241,1996-09-08,20:00,3,16,Regulier,3,0
10242,1996-09-08,20:00,35,12,Regulier,4,0
10243,1996-09-08,20:00,1986,7,Regulier,2,2
10244,1996-09-08,20:00,25,30,Regulier,2,2
10245,1996-09-08,20:00,22,373,Regulier,1,1
10246,1996-09-08,20:00,224,1,Regulier,2,2
10247,1996-09-08,20:00,282,47,Regulier,0,0
10248,1996-09-15,15:00,1,35,Regulier,0,2
10249,1996-09-15,15:00,12,282,Regulier,2,6
10250,1996-09-15,15:00,1615,1986,Regulier,0,2
10251,1996-09-15,17:30,47,3,Regulier,1,3
10252,1996-09-15,20:00,322,22,Regulier,1,4
10253,1996-09-15,20:00,30,90,Regulier,0,1
10254,1996-09-15,20:00,16,3530,Regulier,2,1
10255,1996-09-15,20:00,7,224,Regulier,2,4
10256,1996-09-15,20:00,373,25,Regulier,2,3
10257,1996-09-22,15:00,90,373,Regulier,3,3
10258,1996-09-22,20:00,224,1615,Regulier,1,0
10259,1996-09-22,20:00,35,7,Regulier,2,1
10260,1996-09-22,20:00,22,16,Regulier,1,2
10261,1996-09-22,20:00,1986,30,Regulier,1,1
10262,1996-09-22,20:00,12,1,Regulier,0,1
10263,1996-09-22,20:00,3530,47,Regulier,0,0
10264,1996-09-22,20:00,25,322,Regulier,0,0
10265,1996-09-22,20:00,282,3,Regulier,1,1
10266,1996-09-29,15:00,7,12,Regulier,2,1
10267,1996-09-29,15:00,1615,35,Regulier,0,0
10268,1996-09-29,15:00,3,3530,Regulier,2,0
10269,1996-09-29,20:00,16,25,Regulier,3,1
10270,1996-09-29,20:00,322,90,Regulier,1,1
10271,1996-09-29,20:00,1,282,Regulier,4,1
10272,1996-09-29,20:00,373,1986,Regulier,2,4
10273,1996-09-29,20:00,47,22,Regulier,1,3
10274,1996-09-29,20:00,30,224,Regulier,1,0
10275,1996-10-06,20:00,282,3530,Regulier,0,1
10276,1996-10-06,20:00,1986,322,Regulier,0,0
10277,1996-10-06,20:00,35,30,Regulier,0,0
10278,1996-10-06,20:00,90,16,Regulier,1,2
10279,1996-10-06,20:00,224,373,Regulier,5,0
10280,1996-10-06,20:00,1,7,Regulier,3,1
10281,1996-10-06,20:00,12,1615,Regulier,1,2
10282,1996-10-06,20:00,25,47,Regulier,0,2
10283,1996-10-06,20:00,22,3,Regulier,3,0
10284,1996-10-12,20:00,16,1986,Regulier,3,1
10285,1996-10-12,20:00,3530,22,Regulier,1,0
10286,1996-10-12,20:00,322,224,Regulier,0,0
10287,1996-10-12,20:00,373,35,Regulier,4,0
10288,1996-10-12,20:00,47,90,Regulier,2,0
10289,1996-10-12,20:00,30,12,Regulier,4,2
10290,1996-10-12,20:00,3,25,Regulier,2,0
10291,1996-10-12,20:00,7,282,Regulier,1,2
10292,1996-10-13,15:00,1615,1,Regulier,2,1
10293,1996-10-18,20:00,224,16,Regulier,2,1
10294,1996-10-18,20:00,90,3,Regulier,1,1
10295,1996-10-19,20:00,35,322,Regulier,3,1
10296,1996-10-19,20:00,7,1615,Regulier,1,4
10297,1996-10-19,20:00,12,373,Regulier,1,1
10298,1996-10-19,20:00,1,30,Regulier,0,1
10299,1996-10-19,20:00,1986,47,Regulier,2,0
10300,1996-10-19,20:00,282,22,Regulier,4,2
10301,1996-10-19,20:00,25,3530,Regulier,3,0
10302,1996-10-25,20:00,16,35,Regulier,0,1
10303,1996-10-26,20:00,322,12,Regulier,2,0
10304,1996-10-26,20:00,3530,90,Regulier,6,1
10305,1996-10-26,20:00,22,25,Regulier,1,0
10306,1996-10-26,20:00,47,224,Regulier,2,0
10307,1996-10-26,20:00,3,1986,Regulier,3,2
10308,1996-10-26,20:00,373,1,Regulier,0,2
10309,1996-10-26,20:00,30,7,Regulier,2,1
10310,1996-10-27,15:00,1615,282,Regulier,5,1
10311,1996-11-01,20:00,12,16,Regulier,2,4
10312,1996-11-02,20:00,35,47,Regulier,0,1
10313,1996-11-02,20:00,282,25,Regulier,4,0
10314,1996-11-02,20:00,1,322,Regulier,4,0
10315,1996-11-02,20:00,1986,3530,Regulier,3,2
10316,1996-11-02,20:00,7,373,Regulier,1,1
10317,1996-11-03,15:00,1615,30,Regulier,3,1
10318,1996-11-03,15:00,90,22,Regulier,2,2
10319,1996-11-03,20:00,224,3,Regulier,1,0
10320,1996-11-08,20:00,3,35,Regulier,2,1
10321,1996-11-09,20:00,322,7,Regulier,4,2
10322,1996-11-09,20:00,373,1615,Regulier,1,2
10323,1996-11-09,20:00,22,1986,Regulier,1,3
10324,1996-11-09,20:00,16,1,Regulier,4,0
10325,1996-11-09,20:00,47,12,Regulier,2,0
10326,1996-11-09,20:00,30,282,Regulier,3,0
10327,1996-11-09,20:00,25,90,Regulier,1,0
10328,1996-11-10,15:00,3530,224,Regulier,1,1
10329,1996-11-15,20:00,7,16,Regulier,2,1
10330,1996-11-16,20:00,30,373,Regulier,2,1
10331,1996-11-16,20:00,35,3530,Regulier,4,1
10332,1996-11-16,20:00,282,90,Regulier,2,2
10333,1996-11-16,20:00,1,47,Regulier,3,2
10334,1996-11-16,20:00,12,3,Regulier,0,2
10335,1996-11-16,20:00,1986,25,Regulier,1,0
10336,1996-11-17,15:00,1615,322,Regulier,2,1
10337,1996-11-17,15:00,224,22,Regulier,3,1
10338,1996-11-22,20:00,22,35,Regulier,0,0
10339,1996-11-23,20:00,322,30,Regulier,1,1
10340,1996-11-23,20:00,16,1615,Regulier,2,0
10341,1996-11-23,20:00,47,7,Regulier,1,2
10342,1996-11-23,20:00,25,224,Regulier,0,2
10343,1996-11-23,20:00,282,373,Regulier,1,1
10344,1996-11-24,15:00,3530,12,Regulier,2,2
10345,1996-11-24,15:00,3,1,Regulier,4,2
10346,1996-11-24,20:00,90,1986,Regulier,1,1
10347,1996-11-29,20:00,7,3,Regulier,1,3
10348,1996-11-30,20:00,1,3530,Regulier,2,0
10349,1996-11-30,20:00,35,25,Regulier,0,0
10350,1996-11-30,20:00,30,16,Regulier,2,1
10351,1996-11-30,20:00,1986,282,Regulier,1,0
10352,1996-11-30,20:00,373,322,Regulier,1,1
10353,1996-12-01,15:00,1615,47,Regulier,3,0
10354,1996-12-01,15:00,12,22,Regulier,1,0
10355,1996-12-01,15:00,224,90,Regulier,3,2
10356,1996-12-20,20:00,1615,3,Regulier,2,0
10357,1996-12-21,20:00,35,90,Regulier,3,0
10358,1996-12-21,20:00,30,47,Regulier,2,1
10359,1996-12-21,20:00,7,3530,Regulier,2,0
10360,1996-12-21,20:00,224,1986,Regulier,3,0
10361,1996-12-21,20:00,322,282,Regulier,0,1
10362,1996-12-21,20:00,373,16,Regulier,2,0
10363,1996-12-21,20:00,1,22,Regulier,3,1
10364,1996-12-22,15:00,12,25,Regulier,1,2
10365,1997-01-18,20:00,282,224,Regulier,0,2
10366,1997-01-18,20:00,22,7,Regulier,1,0
10367,1997-01-18,20:00,16,322,Regulier,0,2
10368,1997-01-18,20:00,47,373,Regulier,2,1
10369,1997-01-18,20:00,25,1,Regulier,0,0
10370,1997-01-19,15:00,90,12,Regulier,4,2
10371,1997-01-19,15:00,3530,1615,Regulier,1,3
10372,1997-01-19,20:00,3,30,Regulier,2,4
10373,1997-01-19,20:00,1986,35,Regulier,1,1
10374,1997-01-24,20:00,35,224,Regulier,1,1
10375,1997-01-25,20:00,322,47,Regulier,3,1
10376,1997-01-25,20:00,30,3530,Regulier,0,0
10377,1997-01-25,20:00,373,3,Regulier,2,1
10378,1997-01-25,20:00,16,282,Regulier,3,3
10379,1997-01-25,20:00,7,25,Regulier,2,2
10380,1997-01-25,20:00,1,90,Regulier,1,0
10381,1997-01-25,20:00,1615,22,Regulier,0,0
10382,1997-01-26,15:00,12,1986,Regulier,3,1
10383,1997-02-01,20:00,22,30,Regulier,1,1
10384,1997-02-01,20:00,282,35,Regulier,0,1
10385,1997-02-01,20:00,1986,1,Regulier,1,0
10386,1997-02-01,20:00,25,1615,Regulier,2,1
10387,1997-02-01,20:00,47,16,Regulier,1,1
10388,1997-02-02,15:00,90,7,Regulier,1,0
10389,1997-02-02,15:00,224,12,Regulier,1,1
10390,1997-02-02,15:00,3,322,Regulier,2,1
10391,1997-02-02,15:00,3530,373,Regulier,3,1
10392,1997-02-07,20:00,16,3,Regulier,1,3
10393,1997-02-08,20:00,1615,90,Regulier,0,0
10394,1997-02-08,20:00,7,1986,Regulier,2,1
10395,1997-02-08,20:00,1,224,Regulier,1,2
10396,1997-02-08,20:00,322,3530,Regulier,3,1
10397,1997-02-08,20:00,373,22,Regulier,2,0
10398,1997-02-08,20:00,30,25,Regulier,4,2
10399,1997-02-08,20:00,47,282,Regulier,0,1
10400,1997-02-09,15:00,12,35,Regulier,0,3
10401,1997-02-15,20:00,35,1,Regulier,2,3
10402,1997-02-15,20:00,282,12,Regulier,1,3
10403,1997-02-15,20:00,224,7,Regulier,3,0
10404,1997-02-15,20:00,22,322,Regulier,1,0
10405,1997-02-15,20:00,1986,1615,Regulier,1,0
10406,1997-02-15,20:00,25,373,Regulier,0,2
10407,1997-02-16,15:00,90,30,Regulier,1,2
10408,1997-02-16,15:00,3530,16,Regulier,4,0
10409,1997-02-16,15:00,3,47,Regulier,1,0
10410,1997-02-22,20:00,47,3530,Regulier,0,1
10411,1997-02-22,20:00,16,22,Regulier,4,1
10412,1997-02-22,20:00,1,12,Regulier,0,0
10413,1997-02-22,20:00,30,1986,Regulier,3,2
10414,1997-02-22,20:00,322,25,Regulier,0,1
10415,1997-02-22,20:00,373,90,Regulier,1,0
10416,1997-02-23,15:00,7,35,Regulier,1,2
10417,1997-02-23,15:00,1615,224,Regulier,2,2
10418,1997-02-23,20:00,3,282,Regulier,8,2
10419,1997-02-28,20:00,35,1615,Regulier,3,2
10420,1997-03-01,20:00,25,16,Regulier,3,0
10421,1997-03-01,20:00,12,7,Regulier,1,0
10422,1997-03-01,20:00,22,47,Regulier,1,1
10423,1997-03-01,20:00,1986,373,Regulier,2,1
10424,1997-03-02,15:00,3530,3,Regulier,0,0
10425,1997-03-02,15:00,90,322,Regulier,1,3
10426,1997-03-02,15:00,282,1,Regulier,0,2
10427,1997-03-02,20:00,224,30,Regulier,2,2
10428,1997-03-07,20:00,16,90,Regulier,3,0
10429,1997-03-08,20:00,322,1986,Regulier,0,1
10430,1997-03-08,20:00,7,1,Regulier,0,0
10431,1997-03-08,20:00,373,224,Regulier,2,0
10432,1997-03-08,20:00,3530,282,Regulier,1,0
10433,1997-03-08,20:00,47,25,Regulier,3,1
10434,1997-03-09,15:00,1615,12,Regulier,3,1
10435,1997-03-09,15:00,3,22,Regulier,2,1
10436,1997-03-09,20:00,30,35,Regulier,5,1
10437,1997-03-14,20:00,1986,16,Regulier,1,0
10438,1997-03-15,20:00,224,322,Regulier,2,0
10439,1997-03-15,20:00,12,30,Regulier,0,2
10440,1997-03-15,20:00,282,7,Regulier,1,0
10441,1997-03-15,20:00,22,3530,Regulier,4,1
10442,1997-03-15,20:00,35,373,Regulier,3,1
10443,1997-03-15,20:00,1,1615,Regulier,0,0
10444,1997-03-16,15:00,90,47,Regulier,1,1
10445,1997-03-16,20:00,25,3,Regulier,0,2
10446,1997-03-21,20:00,16,224,Regulier,4,3
10447,1997-03-22,00:00,3530,25,Regulier,2,2
10448,1997-03-22,20:00,47,1986,Regulier,0,0
10449,1997-03-22,20:00,30,1,Regulier,1,0
10450,1997-03-22,20:00,322,35,Regulier,3,2
10451,1997-03-22,20:00,22,282,Regulier,3,1
10452,1997-03-22,20:00,373,12,Regulier,0,0
10453,1997-03-23,15:00,1615,7,Regulier,1,1
10454,1997-03-23,15:00,3,90,Regulier,3,0
10455,1997-04-02,20:00,35,16,Regulier,2,1
10456,1997-04-05,20:00,224,47,Regulier,2,0
10457,1997-04-05,20:00,12,322,Regulier,0,4
10458,1997-04-05,20:00,7,30,Regulier,4,5
10459,1997-04-05,20:00,1,373,Regulier,1,2
10460,1997-04-05,20:00,1986,3,Regulier,2,0
10461,1997-04-05,20:00,25,22,Regulier,1,1
10462,1997-04-05,20:00,282,1615,Regulier,0,0
10463,1997-04-05,20:00,90,3530,Regulier,5,0
10464,1997-04-11,20:00,3,224,Regulier,3,0
10465,1997-04-12,20:00,3530,1986,Regulier,4,1
10466,1997-04-12,20:00,25,282,Regulier,0,1
10467,1997-04-12,20:00,47,35,Regulier,0,0
10468,1997-04-12,20:00,16,12,Regulier,1,2
10469,1997-04-12,20:00,22,90,Regulier,2,3
10470,1997-04-12,20:00,322,1,Regulier,3,0
10471,1997-04-12,20:00,373,7,Regulier,1,2
10472,1997-04-12,20:00,30,1615,Regulier,1,0
10473,1997-04-19,20:00,282,30,Regulier,0,1
10474,1997-04-19,20:00,7,322,Regulier,0,1
10475,1997-04-19,20:00,12,47,Regulier,1,1
10476,1997-04-19,20:00,224,3530,Regulier,1,4
10477,1997-04-19,20:00,1986,22,Regulier,2,1
10478,1997-04-20,15:00,90,25,Regulier,3,1
10479,1997-04-20,15:00,1,16,Regulier,3,0
10480,1997-04-20,15:00,1615,373,Regulier,1,1
10481,1997-04-20,20:00,35,3,Regulier,0,1
10482,1997-05-09,20:00,373,30,Regulier,4,2
10483,1997-05-09,20:00,22,224,Regulier,2,1
10484,1997-05-10,20:00,322,1615,Regulier,4,1
10485,1997-05-10,20:00,25,1986,Regulier,0,1
10486,1997-05-10,20:00,47,1,Regulier,1,2
10487,1997-05-10,20:00,16,7,Regulier,2,0
10488,1997-05-11,15:00,90,282,Regulier,2,0
10489,1997-05-11,15:00,3530,35,Regulier,4,1
10490,1997-05-11,20:00,3,12,Regulier,3,0
10491,1997-05-18,15:00,373,282,Regulier,0,1
10492,1997-05-18,15:00,30,322,Regulier,5,2
10493,1997-05-18,15:00,224,25,Regulier,4,0
10494,1997-05-18,15:00,12,3530,Regulier,2,3
10495,1997-05-18,15:00,1986,90,Regulier,2,2
10496,1997-05-18,15:00,7,47,Regulier,2,0
10497,1997-05-18,15:00,1615,16,Regulier,2,3
10498,1997-05-18,15:00,1,3,Regulier,2,1
10499,1997-05-18,15:00,35,22,Regulier,6,0
10500,1997-05-25,15:00,16,30,Regulier,0,3
10501,1997-05-25,15:00,22,12,Regulier,1,3
10502,1997-05-25,15:00,3,7,Regulier,1,0
10503,1997-05-25,15:00,25,35,Regulier,0,2
10504,1997-05-25,15:00,3530,1,Regulier,6,3
10505,1997-05-25,15:00,282,1986,Regulier,3,3
10506,1997-05-25,15:00,47,1615,Regulier,2,2
10507,1997-05-25,15:00,90,224,Regulier,0,0
10508,1997-05-25,15:00,322,373,Regulier,1,1
10509,1997-08-10,15:00,1615,1986,Regulier,1,1
10510,1997-08-10,18:00,1,35,Regulier,0,1
10511,1997-08-10,20:00,30,282,Regulier,3,0
10512,1997-08-10,20:00,2300,90,Regulier,0,0
10513,1997-08-10,20:00,7,3,Regulier,0,4
10514,1997-08-10,20:00,3530,47,Regulier,3,1
10515,1997-08-10,20:00,16,224,Regulier,1,1
10516,1997-08-10,20:00,2024,373,Regulier,4,1
10517,1997-08-10,20:00,322,22,Regulier,4,0
10518,1997-08-17,15:00,3,2024,Regulier,3,1
10519,1997-08-17,15:00,90,1,Regulier,2,0
10520,1997-08-17,20:00,3530,30,Regulier,1,1
10521,1997-08-17,20:00,22,16,Regulier,2,1
10522,1997-08-17,20:00,35,47,Regulier,0,2
10523,1997-08-17,20:00,282,322,Regulier,1,5
10524,1997-08-17,20:00,1986,2300,Regulier,3,1
10525,1997-08-17,20:00,224,7,Regulier,1,1
10526,1997-08-17,20:00,373,1615,Regulier,1,2
10527,1997-08-24,16:00,47,90,Regulier,1,1
10528,1997-08-24,20:00,224,22,Regulier,0,0
10529,1997-08-24,20:00,16,282,Regulier,1,3
10530,1997-08-24,20:00,7,2024,Regulier,6,0
10531,1997-08-24,20:00,2300,373,Regulier,1,1
10532,1997-08-24,20:00,1986,1,Regulier,5,2
10533,1997-08-24,20:00,322,3530,Regulier,4,2
10534,1997-08-24,20:00,30,35,Regulier,0,1
10535,1997-08-24,20:00,1615,3,Regulier,0,1
10536,1997-08-31,15:00,90,30,Regulier,1,3
10537,1997-08-31,15:00,3530,16,Regulier,0,3
10538,1997-08-31,20:00,282,224,Regulier,2,1
10539,1997-08-31,20:00,2024,1615,Regulier,2,2
10540,1997-08-31,20:00,35,322,Regulier,0,2
10541,1997-08-31,20:00,1986,47,Regulier,3,1
10542,1997-08-31,20:00,3,2300,Regulier,3,1
10543,1997-08-31,20:00,22,7,Regulier,1,1
10544,1997-08-31,20:00,373,1,Regulier,1,0
10545,1997-09-14,18:00,1,3,Regulier,0,1
10546,1997-09-14,20:00,16,35,Regulier,1,2
10547,1997-09-14,20:00,47,373,Regulier,2,0
10548,1997-09-14,20:00,22,282,Regulier,2,0
10549,1997-09-14,20:00,30,1986,Regulier,1,4
10550,1997-09-14,20:00,224,3530,Regulier,0,1
10551,1997-09-14,20:00,322,90,Regulier,3,2
10552,1997-09-14,20:00,2300,2024,Regulier,2,0
10553,1997-09-14,20:00,7,1615,Regulier,0,0
10554,1997-09-21,15:00,1615,2300,Regulier,1,1
10555,1997-09-21,15:00,3530,22,Regulier,5,0
10556,1997-09-21,15:00,3,47,Regulier,4,0
10557,1997-09-21,15:00,90,16,Regulier,1,1
10558,1997-09-21,20:00,35,224,Regulier,1,2
10559,1997-09-21,20:00,2024,1,Regulier,5,2
10560,1997-09-21,20:00,282,7,Regulier,3,2
10561,1997-09-21,20:00,1986,322,Regulier,3,1
10562,1997-09-21,20:00,373,30,Regulier,0,5
10563,1997-09-28,15:00,1615,1,Regulier,3,1
10564,1997-09-28,15:00,282,3530,Regulier,1,3
10565,1997-09-28,20:00,16,1986,Regulier,1,0
10566,1997-09-28,20:00,322,373,Regulier,0,0
10567,1997-09-28,20:00,22,35,Regulier,3,0
10568,1997-09-28,20:00,30,3,Regulier,2,4
10569,1997-09-28,20:00,224,90,Regulier,2,0
10570,1997-09-28,20:00,47,2024,Regulier,1,2
10571,1997-09-28,20:00,7,2300,Regulier,3,2
10572,1997-10-05,15:00,3,322,Regulier,2,0
10573,1997-10-05,15:00,3530,7,Regulier,1,3
10574,1997-10-05,15:00,1615,47,Regulier,4,1
10575,1997-10-05,15:00,90,22,Regulier,7,2
10576,1997-10-05,20:00,2300,1,Regulier,0,2
10577,1997-10-05,20:00,1986,224,Regulier,1,0
10578,1997-10-05,20:00,35,282,Regulier,5,0
10579,1997-10-05,20:00,2024,30,Regulier,1,1
10580,1997-10-05,20:00,373,16,Regulier,0,0
10581,1997-10-19,15:00,7,1,Regulier,0,0
10582,1997-10-19,20:00,224,373,Regulier,1,3
10583,1997-10-19,20:00,22,1986,Regulier,1,2
10584,1997-10-19,20:00,47,2300,Regulier,1,1
10585,1997-10-19,20:00,322,2024,Regulier,5,5
10586,1997-10-19,20:00,16,3,Regulier,0,3
10587,1997-10-19,20:00,30,1615,Regulier,1,1
10588,1997-10-19,20:00,282,90,Regulier,4,1
10589,1997-10-19,20:00,3530,35,Regulier,1,0
10590,1997-11-01,20:00,35,7,Regulier,2,2
10591,1997-11-01,20:00,1986,282,Regulier,1,5
10592,1997-11-02,15:00,90,3530,Regulier,1,3
10593,1997-11-02,15:00,1615,322,Regulier,2,0
10594,1997-11-02,20:00,373,22,Regulier,2,0
10595,1997-11-02,20:00,2024,16,Regulier,2,0
10596,1997-11-02,20:00,2300,30,Regulier,2,3
10597,1997-11-02,20:00,1,47,Regulier,3,4
10598,1997-11-02,20:00,3,224,Regulier,1,0
10599,1997-11-08,18:00,22,3,Regulier,2,2
10600,1997-11-08,20:00,224,2024,Regulier,0,2
10601,1997-11-08,20:00,35,90,Regulier,3,1
10602,1997-11-08,20:00,16,1615,Regulier,0,1
10603,1997-11-08,20:00,282,373,Regulier,0,2
10604,1997-11-08,20:00,322,2300,Regulier,3,0
10605,1997-11-08,20:00,30,1,Regulier,2,1
10606,1997-11-08,20:00,7,47,Regulier,3,4
10607,1997-11-09,15:00,3530,1986,Regulier,1,0
10608,1997-11-18,20:00,1986,35,Regulier,2,2
10609,1997-11-19,20:00,2300,16,Regulier,2,3
10610,1997-11-19,20:00,2024,22,Regulier,1,1
10611,1997-11-19,20:00,90,7,Regulier,2,0
10612,1997-11-19,20:00,47,30,Regulier,0,3
10613,1997-11-19,20:00,1,322,Regulier,2,1
10614,1997-11-19,20:00,1615,224,Regulier,5,1
10615,1997-11-19,20:00,373,3530,Regulier,2,0
10616,1997-11-19,20:00,3,282,Regulier,5,0
10617,1997-11-22,20:00,22,1615,Regulier,3,3
10618,1997-11-22,20:00,282,2024,Regulier,3,0
10619,1997-11-22,20:00,322,47,Regulier,3,0
10620,1997-11-22,20:00,16,1,Regulier,2,2
10621,1997-11-22,20:00,224,2300,Regulier,1,1
10622,1997-11-22,20:00,35,373,Regulier,1,0
10623,1997-11-22,20:00,7,30,Regulier,1,0
10624,1997-11-23,15:00,90,1986,Regulier,2,1
10625,1997-11-23,15:00,3530,3,Regulier,2,2
10626,1997-11-29,20:00,30,322,Regulier,1,2
10627,1997-11-29,20:00,1,224,Regulier,1,2
10628,1997-11-29,20:00,2300,22,Regulier,1,0
10629,1997-11-29,20:00,373,90,Regulier,2,0
10630,1997-11-29,20:00,2024,3530,Regulier,1,1
10631,1997-11-29,20:00,1986,7,Regulier,0,1
10632,1997-11-29,20:00,47,16,Regulier,1,4
10633,1997-11-30,15:00,1615,282,Regulier,3,2
10634,1997-11-30,20:00,3,35,Regulier,2,1
10635,1997-12-05,20:00,3530,1615,Regulier,0,2
10636,1997-12-06,20:00,16,30,Regulier,0,0
10637,1997-12-06,20:00,22,1,Regulier,2,1
10638,1997-12-06,20:00,1986,373,Regulier,1,1
10639,1997-12-06,20:00,7,322,Regulier,1,2
10640,1997-12-06,20:00,282,2300,Regulier,1,2
10641,1997-12-06,20:00,35,2024,Regulier,1,0
10642,1997-12-07,15:00,90,3,Regulier,1,4
10643,1997-12-07,20:00,224,47,Regulier,4,0
10644,1997-12-13,20:00,2024,90,Regulier,0,3
10645,1997-12-13,20:00,47,22,Regulier,1,2
10646,1997-12-13,20:00,2300,3530,Regulier,0,1
10647,1997-12-13,20:00,7,373,Regulier,1,1
10648,1997-12-13,20:00,1,282,Regulier,1,2
10649,1997-12-13,20:00,30,224,Regulier,2,0
10650,1997-12-14,15:00,1615,35,Regulier,1,1
10651,1997-12-14,15:00,3,1986,Regulier,2,0
10652,1997-12-14,20:00,322,16,Regulier,1,1
10653,1997-12-19,20:00,22,30,Regulier,3,0
10654,1997-12-20,20:00,35,2300,Regulier,2,0
10655,1997-12-20,20:00,16,7,Regulier,3,3
10656,1997-12-20,20:00,224,322,Regulier,0,2
10657,1997-12-20,20:00,282,47,Regulier,5,0
10658,1997-12-20,20:00,373,3,Regulier,0,2
10659,1997-12-20,20:00,1986,2024,Regulier,2,1
10660,1997-12-21,15:00,3530,1,Regulier,2,0
10661,1997-12-21,15:00,90,1615,Regulier,3,2
10662,1998-01-17,20:00,373,2024,Regulier,0,0
10663,1998-01-17,20:00,90,2300,Regulier,3,0
10664,1998-01-17,20:00,35,1,Regulier,2,2
10665,1998-01-17,20:00,282,30,Regulier,4,2
10666,1998-01-17,20:00,22,322,Regulier,1,2
10667,1998-01-18,15:00,3,7,Regulier,2,1
10668,1998-01-18,15:00,47,3530,Regulier,0,4
10669,1998-01-18,20:00,224,16,Regulier,3,2
10670,1998-01-18,20:00,1986,1615,Regulier,0,0
10671,1998-01-23,20:00,47,35,Regulier,2,2
10672,1998-01-24,20:00,7,224,Regulier,0,0
10673,1998-01-24,20:00,16,22,Regulier,2,0
10674,1998-01-24,20:00,2024,3,Regulier,2,2
10675,1998-01-24,20:00,30,3530,Regulier,1,1
10676,1998-01-24,20:00,322,282,Regulier,1,0
10677,1998-01-24,20:00,1,90,Regulier,1,1
10678,1998-01-25,15:00,2300,1986,Regulier,2,2
10679,1998-01-25,15:00,1615,373,Regulier,3,1
10680,1998-01-30,20:00,35,30,Regulier,2,0
10681,1998-01-31,20:00,2024,7,Regulier,0,1
10682,1998-01-31,20:00,373,2300,Regulier,0,0
10683,1998-01-31,20:00,22,224,Regulier,3,0
10684,1998-01-31,20:00,1,1986,Regulier,2,1
10685,1998-01-31,20:00,282,16,Regulier,1,3
10686,1998-02-01,15:00,3,1615,Regulier,2,1
10687,1998-02-01,15:00,90,47,Regulier,0,2
10688,1998-02-01,15:00,3530,322,Regulier,4,3
10689,1998-02-07,20:00,2300,3,Regulier,1,2
10690,1998-02-07,20:00,7,22,Regulier,3,1
10691,1998-02-07,20:00,16,3530,Regulier,0,2
10692,1998-02-07,20:00,47,1986,Regulier,1,2
10693,1998-02-07,20:00,30,90,Regulier,1,1
10694,1998-02-07,20:00,1,373,Regulier,0,4
10695,1998-02-08,15:00,1615,2024,Regulier,0,0
10696,1998-02-08,15:00,224,282,Regulier,1,3
10697,1998-02-08,20:00,322,35,Regulier,2,1
10698,1998-02-13,20:00,35,16,Regulier,2,0
10699,1998-02-14,20:00,373,47,Regulier,1,1
10700,1998-02-14,20:00,282,22,Regulier,3,2
10701,1998-02-14,20:00,2024,2300,Regulier,3,0
10702,1998-02-14,20:00,1986,30,Regulier,1,2
10703,1998-02-15,15:00,3530,224,Regulier,2,2
10704,1998-02-15,15:00,90,322,Regulier,1,1
10705,1998-02-15,15:00,3,1,Regulier,3,2
10706,1998-02-15,15:00,1615,7,Regulier,3,0
10707,1998-02-20,20:00,224,35,Regulier,2,2
10708,1998-02-21,20:00,30,373,Regulier,1,0
10709,1998-02-21,20:00,22,3530,Regulier,3,2
10710,1998-02-21,20:00,47,3,Regulier,0,2
10711,1998-02-21,20:00,7,282,Regulier,1,1
10712,1998-02-21,20:00,2300,1615,Regulier,1,0
10713,1998-02-21,20:00,1,2024,Regulier,0,0
10714,1998-02-21,20:00,322,1986,Regulier,3,0
10715,1998-02-22,15:00,16,90,Regulier,3,0
10716,1998-02-28,20:00,35,22,Regulier,3,1
10717,1998-02-28,20:00,1986,16,Regulier,2,2
10718,1998-02-28,20:00,2024,47,Regulier,5,1
10719,1998-02-28,20:00,373,322,Regulier,0,2
10720,1998-02-28,20:00,1,1615,Regulier,0,2
10721,1998-02-28,20:00,3530,282,Regulier,4,2
10722,1998-02-28,20:00,2300,7,Regulier,1,1
10723,1998-02-28,20:00,90,224,Regulier,1,3
10724,1998-03-01,20:00,3,30,Regulier,2,1
10725,1998-03-06,20:00,322,3,Regulier,3,0
10726,1998-03-07,20:00,1,2300,Regulier,1,0
10727,1998-03-07,20:00,7,3530,Regulier,0,2
10728,1998-03-07,20:00,47,1615,Regulier,0,1
10729,1998-03-07,20:00,282,35,Regulier,2,1
10730,1998-03-07,20:00,22,90,Regulier,1,1
10731,1998-03-07,20:00,224,1986,Regulier,2,1
10732,1998-03-07,20:00,16,373,Regulier,2,0
10733,1998-03-08,15:00,30,2024,Regulier,3,1
10734,1998-03-13,20:00,2300,47,Regulier,1,0
10735,1998-03-14,20:00,2024,322,Regulier,0,2
10736,1998-03-14,20:00,1,7,Regulier,0,0
10737,1998-03-14,20:00,373,224,Regulier,1,0
10738,1998-03-14,20:00,35,3530,Regulier,4,0
10739,1998-03-14,20:00,1986,22,Regulier,2,1
10740,1998-03-15,15:00,1615,30,Regulier,0,2
10741,1998-03-15,15:00,90,282,Regulier,1,5
10742,1998-03-15,20:00,3,16,Regulier,0,0
10743,1998-03-20,20:00,224,3,Regulier,0,1
10744,1998-03-21,20:00,30,2300,Regulier,2,0
10745,1998-03-21,20:00,22,373,Regulier,0,0
10746,1998-03-21,20:00,3530,90,Regulier,2,3
10747,1998-03-21,20:00,7,35,Regulier,1,1
10748,1998-03-21,20:00,47,1,Regulier,2,0
10749,1998-03-21,20:00,16,2024,Regulier,2,2
10750,1998-03-22,15:00,282,1986,Regulier,2,1
10751,1998-03-22,20:00,322,1615,Regulier,1,0
10752,1998-04-03,20:00,1615,16,Regulier,2,0
10753,1998-04-04,20:00,1,30,Regulier,3,2
10754,1998-04-04,20:00,1986,3530,Regulier,1,1
10755,1998-04-04,20:00,90,35,Regulier,2,3
10756,1998-04-04,20:00,2300,322,Regulier,0,2
10757,1998-04-04,20:00,47,7,Regulier,0,2
10758,1998-04-05,15:00,373,282,Regulier,2,2
10759,1998-04-05,15:00,2024,224,Regulier,2,1
10760,1998-04-05,15:00,3,22,Regulier,3,2
10761,1998-04-10,20:00,35,1986,Regulier,2,0
10762,1998-04-11,20:00,30,47,Regulier,1,1
10763,1998-04-11,20:00,282,3,Regulier,1,1
10764,1998-04-11,20:00,224,1615,Regulier,1,0
10765,1998-04-11,20:00,16,2300,Regulier,1,2
10766,1998-04-11,20:00,7,90,Regulier,0,0
10767,1998-04-11,20:00,322,1,Regulier,1,1
10768,1998-04-11,20:00,3530,373,Regulier,1,0
10769,1998-04-12,15:00,22,2024,Regulier,1,1
10770,1998-04-18,20:00,47,322,Regulier,1,1
10771,1998-04-18,20:00,2300,224,Regulier,1,1
10772,1998-04-18,20:00,30,7,Regulier,1,2
10773,1998-04-18,20:00,2024,282,Regulier,3,3
10774,1998-04-18,20:00,373,35,Regulier,1,1
10775,1998-04-19,15:00,1,16,Regulier,3,5
10776,1998-04-19,15:00,1615,22,Regulier,0,0
10777,1998-04-19,15:00,1986,90,Regulier,2,2
10778,1998-04-19,17:30,3,3530,Regulier,1,3
10779,1998-04-25,20:00,3530,2024,Regulier,1,0
10780,1998-04-25,20:00,22,2300,Regulier,0,0
10781,1998-04-25,20:00,224,1,Regulier,2,0
10782,1998-04-25,20:00,16,47,Regulier,4,0
10783,1998-04-25,20:00,282,1615,Regulier,1,0
10784,1998-04-25,20:00,7,1986,Regulier,2,0
10785,1998-04-26,15:00,322,30,Regulier,1,3
10786,1998-04-26,15:00,90,373,Regulier,3,2
10787,1998-04-26,20:00,35,3,Regulier,0,1
10788,1998-04-28,20:00,1615,3530,Regulier,3,1
10789,1998-04-29,20:00,373,1986,Regulier,0,0
10790,1998-04-29,20:00,47,224,Regulier,2,1
10791,1998-04-29,20:00,322,7,Regulier,2,1
10792,1998-04-29,20:00,30,16,Regulier,3,1
10793,1998-04-29,20:00,2300,282,Regulier,3,0
10794,1998-04-29,20:00,1,22,Regulier,2,4
10795,1998-04-29,20:00,2024,35,Regulier,2,2
10796,1998-04-29,20:00,3,90,Regulier,4,1
10797,1998-05-03,15:00,90,2024,Regulier,2,3
10798,1998-05-03,15:00,373,7,Regulier,3,3
10799,1998-05-03,15:00,22,47,Regulier,1,1
10800,1998-05-03,15:00,1986,3,Regulier,1,1
10801,1998-05-03,15:00,224,30,Regulier,2,0
10802,1998-05-03,15:00,3530,2300,Regulier,1,1
10803,1998-05-03,15:00,35,1615,Regulier,1,0
10804,1998-05-03,15:00,282,1,Regulier,5,0
10805,1998-05-03,15:00,16,322,Regulier,3,0
10806,1998-05-10,15:00,30,22,Regulier,1,1
10807,1998-05-10,15:00,7,16,Regulier,4,1
10808,1998-05-10,15:00,2300,35,Regulier,0,1
10809,1998-05-10,15:00,322,224,Regulier,0,2
10810,1998-05-10,15:00,1615,90,Regulier,2,1
10811,1998-05-10,15:00,1,3530,Regulier,3,2
10812,1998-05-10,15:00,3,373,Regulier,6,0
10813,1998-05-10,15:00,47,282,Regulier,5,1
10814,1998-05-10,15:00,2024,1986,Regulier,1,1
10815,1998-08-23,15:00,1615,19,Regulier,1,0
10816,1998-08-23,20:00,282,322,Regulier,2,0
10817,1998-08-23,20:00,31,16,Regulier,2,1
10818,1998-08-23,20:00,373,224,Regulier,0,2
10819,1998-08-23,20:00,3530,2024,Regulier,0,3
10820,1998-08-23,20:00,30,7,Regulier,1,2
10821,1998-08-23,20:00,1986,2300,Regulier,2,1
10822,1998-08-23,20:00,35,22,Regulier,1,1
10823,1998-08-23,20:00,90,3,Regulier,0,2
10824,1998-08-30,15:00,19,282,Regulier,0,6
10825,1998-08-30,18:00,3,3530,Regulier,2,1
10826,1998-08-30,20:00,7,31,Regulier,1,1
10827,1998-08-30,20:00,16,90,Regulier,3,0
10828,1998-08-30,20:00,224,1986,Regulier,2,0
10829,1998-08-30,20:00,2024,373,Regulier,1,4
10830,1998-08-30,20:00,322,30,Regulier,3,1
10831,1998-08-30,20:00,2300,35,Regulier,2,1
10832,1998-08-30,20:00,22,1615,Regulier,2,1
10833,1998-09-02,20:00,1615,2300,Regulier,1,1
10834,1998-09-02,20:00,1986,2024,Regulier,0,1
10835,1998-09-02,20:00,282,22,Regulier,3,1
10836,1998-09-02,20:00,373,3,Regulier,1,1
10837,1998-09-02,20:00,35,224,Regulier,1,1
10838,1998-09-02,20:00,30,19,Regulier,5,1
10839,1998-09-02,20:00,31,322,Regulier,1,1
10840,1998-09-02,20:00,90,3530,Regulier,5,0
10841,1998-09-02,20:00,16,7,Regulier,2,0
10842,1998-09-06,15:00,19,31,Regulier,2,0
10843,1998-09-06,20:00,3530,373,Regulier,1,0
10844,1998-09-06,20:00,2024,35,Regulier,6,0
10845,1998-09-06,20:00,224,1615,Regulier,2,2
10846,1998-09-06,20:00,7,90,Regulier,2,2
10847,1998-09-06,20:00,22,30,Regulier,5,0
10848,1998-09-06,20:00,322,16,Regulier,2,1
10849,1998-09-06,20:00,2300,282,Regulier,1,2
10850,1998-09-06,20:00,3,1986,Regulier,0,1
10851,1998-09-09,20:00,1986,3530,Regulier,1,2
10852,1998-09-09,20:00,31,22,Regulier,0,0
10853,1998-09-09,20:00,30,2300,Regulier,3,0
10854,1998-09-09,20:00,16,19,Regulier,2,1
10855,1998-09-09,20:00,7,322,Regulier,0,1
10856,1998-09-09,20:00,90,373,Regulier,1,3
10857,1998-09-09,20:00,1615,2024,Regulier,1,2
10858,1998-09-09,20:00,35,3,Regulier,2,3
10859,1998-09-09,20:00,282,224,Regulier,0,0
10860,1998-09-13,18:00,3530,35,Regulier,0,3
10861,1998-09-13,20:00,3,1615,Regulier,1,0
10862,1998-09-13,20:00,322,90,Regulier,2,0
10863,1998-09-13,20:00,373,1986,Regulier,2,1
10864,1998-09-13,20:00,2024,282,Regulier,4,3
10865,1998-09-13,20:00,19,7,Regulier,3,4
10866,1998-09-13,20:00,22,16,Regulier,1,0
10867,1998-09-13,20:00,2300,31,Regulier,5,0
10868,1998-09-13,20:00,224,30,Regulier,0,0
10869,1998-09-20,15:00,90,1986,Regulier,3,1
10870,1998-09-20,20:00,31,224,Regulier,2,4
10871,1998-09-20,20:00,1615,3530,Regulier,0,4
10872,1998-09-20,20:00,16,2300,Regulier,1,2
10873,1998-09-20,20:00,282,3,Regulier,2,0
10874,1998-09-20,20:00,7,22,Regulier,1,1
10875,1998-09-20,20:00,35,373,Regulier,1,1
10876,1998-09-20,20:00,30,2024,Regulier,5,1
10877,1998-09-20,20:00,322,19,Regulier,3,1
10878,1998-09-27,15:00,19,90,Regulier,3,4
10879,1998-09-27,20:00,224,16,Regulier,1,5
10880,1998-09-27,20:00,2300,7,Regulier,0,3
10881,1998-09-27,20:00,22,322,Regulier,1,1
10882,1998-09-27,20:00,373,1615,Regulier,1,0
10883,1998-09-27,20:00,2024,31,Regulier,7,0
10884,1998-09-27,20:00,3530,282,Regulier,1,1
10885,1998-09-27,20:00,1986,35,Regulier,2,2
10886,1998-09-27,20:00,3,30,Regulier,3,1
10887,1998-10-04,15:00,1615,1986,Regulier,1,1
10888,1998-10-04,15:00,90,35,Regulier,0,0
10889,1998-10-04,15:00,19,22,Regulier,2,2
10890,1998-10-04,20:00,31,3,Regulier,1,4
10891,1998-10-04,20:00,30,3530,Regulier,1,0
10892,1998-10-04,20:00,16,2024,Regulier,2,0
10893,1998-10-04,20:00,322,2300,Regulier,1,0
10894,1998-10-04,20:00,7,224,Regulier,3,0
10895,1998-10-04,20:00,282,373,Regulier,2,1
10896,1998-10-10,18:00,3,16,Regulier,1,1
10897,1998-10-10,20:00,373,30,Regulier,3,0
10898,1998-10-10,20:00,3530,31,Regulier,2,2
10899,1998-10-10,20:00,22,90,Regulier,0,1
10900,1998-10-10,20:00,1986,282,Regulier,1,2
10901,1998-10-10,20:00,2024,7,Regulier,3,3
10902,1998-10-10,20:00,35,1615,Regulier,3,1
10903,1998-10-10,20:00,2300,19,Regulier,2,2
10904,1998-10-11,15:00,224,322,Regulier,3,5
10905,1998-10-23,20:00,282,35,Regulier,2,3
10906,1998-10-24,20:00,16,3530,Regulier,1,0
10907,1998-10-24,20:00,31,373,Regulier,0,1
10908,1998-10-24,20:00,22,2300,Regulier,1,2
10909,1998-10-24,20:00,7,3,Regulier,0,4
10910,1998-10-24,20:00,30,1986,Regulier,2,1
10911,1998-10-25,15:00,19,224,Regulier,2,2
10912,1998-10-25,15:00,90,1615,Regulier,2,2
10913,1998-10-25,20:00,322,2024,Regulier,3,0
10914,1998-10-30,20:00,224,22,Regulier,3,2
10915,1998-10-30,20:00,3,322,Regulier,2,0
10916,1998-10-31,20:00,3530,7,Regulier,8,1
10917,1998-10-31,20:00,373,16,Regulier,0,1
10918,1998-10-31,20:00,35,30,Regulier,2,0
10919,1998-10-31,20:00,1986,31,Regulier,3,0
10920,1998-10-31,20:00,2300,90,Regulier,0,2
10921,1998-10-31,20:00,2024,19,Regulier,2,0
10922,1998-10-31,20:00,1615,282,Regulier,3,2
10923,1998-11-07,20:00,16,1986,Regulier,1,0
10924,1998-11-07,20:00,30,1615,Regulier,3,1
10925,1998-11-07,20:00,31,35,Regulier,0,2
10926,1998-11-07,20:00,7,373,Regulier,1,1
10927,1998-11-07,20:00,22,2024,Regulier,1,3
10928,1998-11-07,20:00,2300,224,Regulier,1,4
10929,1998-11-08,15:00,90,282,Regulier,3,3
10930,1998-11-08,15:00,19,3,Regulier,2,4
10931,1998-11-08,20:00,322,3530,Regulier,3,2
10932,1998-11-14,20:00,2024,2300,Regulier,0,0
10933,1998-11-14,20:00,373,322,Regulier,2,2
10934,1998-11-14,20:00,1986,7,Regulier,0,1
10935,1998-11-14,20:00,282,30,Regulier,2,0
10936,1998-11-14,20:00,224,90,Regulier,3,1
10937,1998-11-15,15:00,3530,19,Regulier,2,1
10938,1998-11-15,15:00,3,22,Regulier,3,2
10939,1998-11-15,15:00,1615,31,Regulier,2,1
10940,1998-11-15,20:00,35,16,Regulier,0,1
10941,1998-11-21,20:00,7,35,Regulier,3,2
10942,1998-11-21,20:00,22,3530,Regulier,2,2
10943,1998-11-21,20:00,224,2024,Regulier,2,1
10944,1998-11-21,20:00,16,1615,Regulier,0,2
10945,1998-11-21,20:00,31,282,Regulier,0,0
10946,1998-11-21,20:00,322,1986,Regulier,6,0
10947,1998-11-21,20:00,2300,3,Regulier,1,2
10948,1998-11-22,15:00,90,30,Regulier,1,4
10949,1998-11-22,15:00,19,373,Regulier,2,2
10950,1998-11-27,20:00,282,16,Regulier,4,1
10951,1998-11-28,20:00,35,322,Regulier,3,2
10952,1998-11-28,20:00,373,22,Regulier,1,0
10953,1998-11-28,20:00,1986,19,Regulier,3,1
10954,1998-11-28,20:00,30,31,Regulier,4,2
10955,1998-11-29,15:00,3530,2300,Regulier,1,0
10956,1998-11-29,15:00,3,224,Regulier,0,0
10957,1998-11-29,15:00,90,2024,Regulier,3,2
10958,1998-11-29,15:00,1615,7,Regulier,2,2
10959,1998-12-04,20:00,2024,3,Regulier,1,2
10960,1998-12-05,20:00,31,90,Regulier,4,1
10961,1998-12-05,20:00,7,282,Regulier,2,1
10962,1998-12-05,20:00,22,1986,Regulier,1,1
10963,1998-12-05,20:00,224,3530,Regulier,2,2
10964,1998-12-06,15:00,322,1615,Regulier,2,2
10965,1998-12-06,15:00,19,35,Regulier,0,4
10966,1998-12-06,20:00,16,30,Regulier,2,2
10967,1998-12-06,20:00,2300,373,Regulier,0,1
10968,1998-12-12,20:00,16,31,Regulier,3,0
10969,1998-12-12,20:00,224,373,Regulier,5,1
10970,1998-12-12,20:00,2024,3530,Regulier,2,4
10971,1998-12-12,20:00,2300,1986,Regulier,0,0
10972,1998-12-12,20:00,7,30,Regulier,1,0
10973,1998-12-13,15:00,3,90,Regulier,0,0
10974,1998-12-13,15:00,19,1615,Regulier,0,0
10975,1998-12-13,20:00,322,282,Regulier,3,1
10976,1998-12-13,20:00,22,35,Regulier,0,2
10977,1998-12-18,20:00,30,322,Regulier,1,1
10978,1998-12-19,20:00,35,2300,Regulier,3,1
10979,1998-12-19,20:00,1986,224,Regulier,2,3
10980,1998-12-19,20:00,373,2024,Regulier,0,0
10981,1998-12-19,20:00,31,7,Regulier,2,2
10982,1998-12-19,20:00,282,19,Regulier,2,1
10983,1998-12-20,15:00,1615,22,Regulier,1,1
10984,1998-12-20,15:00,3530,3,Regulier,2,0
10985,1998-12-20,15:00,90,16,Regulier,1,0
10986,1999-01-15,20:00,224,35,Regulier,2,3
10987,1999-01-16,20:00,7,16,Regulier,3,2
10988,1999-01-16,20:00,2300,1615,Regulier,0,3
10989,1999-01-16,20:00,22,282,Regulier,2,1
10990,1999-01-16,20:00,2024,1986,Regulier,2,1
10991,1999-01-17,15:00,19,30,Regulier,3,2
10992,1999-01-17,15:00,3530,90,Regulier,1,0
10993,1999-01-17,15:00,3,373,Regulier,3,2
10994,1999-01-17,20:00,322,31,Regulier,3,0
10995,1999-01-23,20:00,373,3530,Regulier,2,0
10996,1999-01-23,20:00,1986,3,Regulier,2,1
10997,1999-01-23,20:00,35,2024,Regulier,3,2
10998,1999-01-23,20:00,31,19,Regulier,1,3
10999,1999-01-23,20:00,30,22,Regulier,4,0
11000,1999-01-23,20:00,282,2300,Regulier,4,3
11001,1999-01-24,15:00,1615,224,Regulier,0,4
11002,1999-01-24,15:00,90,7,Regulier,0,2
11003,1999-01-24,20:00,16,322,Regulier,2,4
11004,1999-01-29,20:00,3,35,Regulier,2,0
11005,1999-01-30,20:00,322,7,Regulier,1,0
11006,1999-01-30,20:00,22,31,Regulier,1,1
11007,1999-01-30,20:00,2024,1615,Regulier,0,3
11008,1999-01-30,20:00,373,90,Regulier,2,0
11009,1999-01-30,20:00,2300,30,Regulier,1,3
11010,1999-01-30,20:00,224,282,Regulier,5,1
11011,1999-01-31,15:00,3530,1986,Regulier,1,0
11012,1999-01-31,15:00,19,16,Regulier,1,3
11013,1999-02-12,20:00,30,224,Regulier,1,2
11014,1999-02-13,20:00,7,19,Regulier,3,1
11015,1999-02-13,20:00,16,22,Regulier,2,0
11016,1999-02-13,20:00,1986,373,Regulier,0,1
11017,1999-02-13,20:00,90,322,Regulier,1,2
11018,1999-02-14,15:00,1615,3,Regulier,0,2
11019,1999-02-14,15:00,31,2300,Regulier,1,1
11020,1999-02-14,20:00,35,3530,Regulier,2,0
11021,1999-02-14,20:00,282,2024,Regulier,3,0
11022,1999-02-26,20:00,3,282,Regulier,4,0
11023,1999-02-27,20:00,22,7,Regulier,1,1
11024,1999-02-27,20:00,373,35,Regulier,1,4
11025,1999-02-27,20:00,2300,16,Regulier,0,6
11026,1999-02-27,20:00,224,31,Regulier,2,1
11027,1999-02-27,20:00,1986,90,Regulier,0,3
11028,1999-02-27,20:00,2024,30,Regulier,0,2
11029,1999-02-28,15:00,3530,1615,Regulier,0,2
11030,1999-02-28,20:00,19,322,Regulier,1,3
11031,1999-03-05,20:00,16,224,Regulier,2,0
11032,1999-03-06,20:00,282,3530,Regulier,1,1
11033,1999-03-06,20:00,7,2300,Regulier,4,1
11034,1999-03-06,20:00,322,22,Regulier,2,1
11035,1999-03-06,20:00,35,1986,Regulier,3,0
11036,1999-03-06,20:00,31,2024,Regulier,1,1
11037,1999-03-07,15:00,1615,373,Regulier,1,1
11038,1999-03-07,15:00,90,19,Regulier,1,1
11039,1999-03-07,20:00,30,3,Regulier,5,2
11040,1999-03-12,20:00,224,7,Regulier,7,1
11041,1999-03-13,20:00,35,90,Regulier,2,1
11042,1999-03-13,20:00,22,19,Regulier,2,1
11043,1999-03-13,20:00,2300,322,Regulier,1,0
11044,1999-03-13,20:00,2024,16,Regulier,3,1
11045,1999-03-13,20:00,1986,1615,Regulier,0,1
11046,1999-03-13,20:00,373,282,Regulier,7,0
11047,1999-03-13,20:00,3530,30,Regulier,1,1
11048,1999-03-14,15:00,3,31,Regulier,2,0
11049,1999-03-19,20:00,16,3,Regulier,3,0
11050,1999-03-20,20:00,282,1986,Regulier,2,1
11051,1999-03-20,20:00,30,373,Regulier,6,0
11052,1999-03-20,20:00,31,3530,Regulier,0,1
11053,1999-03-20,20:00,7,2024,Regulier,2,0
11054,1999-03-20,20:00,322,224,Regulier,3,0
11055,1999-03-21,15:00,19,2300,Regulier,1,0
11056,1999-03-21,15:00,90,22,Regulier,2,2
11057,1999-03-21,15:00,1615,35,Regulier,1,2
11058,1999-03-28,20:00,373,31,Regulier,5,0
11059,1999-03-28,20:00,35,282,Regulier,1,1
11060,1999-03-28,20:00,1986,30,Regulier,0,0
11061,1999-03-28,20:00,3,7,Regulier,1,0
11062,1999-03-28,20:00,2300,22,Regulier,1,2
11063,1999-03-28,20:00,224,19,Regulier,3,1
11064,1999-03-28,20:00,3530,16,Regulier,0,1
11065,1999-03-28,20:00,2024,322,Regulier,1,1
11066,1999-03-28,20:00,1615,90,Regulier,5,1
11067,1999-04-17,20:00,7,3530,Regulier,1,3
11068,1999-04-17,20:00,16,373,Regulier,2,0
11069,1999-04-17,20:00,90,2300,Regulier,0,1
11070,1999-04-17,20:00,282,1615,Regulier,1,0
11071,1999-04-17,20:00,30,35,Regulier,0,0
11072,1999-04-17,20:00,22,224,Regulier,1,3
11073,1999-04-18,15:00,19,2024,Regulier,4,2
11074,1999-04-18,15:00,31,1986,Regulier,1,1
11075,1999-04-18,20:00,322,3,Regulier,1,1
11076,1999-04-24,20:00,282,90,Regulier,6,2
11077,1999-04-24,20:00,373,7,Regulier,1,0
11078,1999-04-24,20:00,2024,22,Regulier,1,0
11079,1999-04-24,20:00,224,2300,Regulier,1,0
11080,1999-04-24,20:00,35,31,Regulier,3,0
11081,1999-04-24,20:00,1986,16,Regulier,3,0
11082,1999-04-24,20:00,3530,322,Regulier,0,2
11083,1999-04-25,15:00,3,19,Regulier,3,0
11084,1999-04-25,15:00,1615,30,Regulier,3,1
11085,1999-04-30,20:00,22,3,Regulier,1,2
11086,1999-05-01,20:00,31,1615,Regulier,1,0
11087,1999-05-01,20:00,7,1986,Regulier,2,2
11088,1999-05-01,20:00,30,282,Regulier,2,3
11089,1999-05-01,20:00,2300,2024,Regulier,1,0
11090,1999-05-02,15:00,19,3530,Regulier,1,2
11091,1999-05-02,15:00,90,224,Regulier,1,4
11092,1999-05-02,18:00,16,35,Regulier,0,6
11093,1999-05-02,20:00,322,373,Regulier,4,1
11094,1999-05-05,18:00,373,19,Regulier,2,2
11095,1999-05-05,20:00,3530,22,Regulier,2,0
11096,1999-05-05,20:00,2024,224,Regulier,1,1
11097,1999-05-05,20:00,282,31,Regulier,1,2
11098,1999-05-05,20:00,1615,16,Regulier,1,1
11099,1999-05-05,20:00,30,90,Regulier,3,1
11100,1999-05-05,20:00,35,7,Regulier,4,0
11101,1999-05-05,20:00,1986,322,Regulier,0,3
11102,1999-05-05,20:00,3,2300,Regulier,3,1
11103,1999-05-08,20:00,2024,90,Regulier,1,1
11104,1999-05-09,15:00,22,373,Regulier,2,1
11105,1999-05-09,15:00,19,1986,Regulier,4,1
11106,1999-05-09,15:00,16,282,Regulier,2,4
11107,1999-05-09,15:00,2300,3530,Regulier,2,1
11108,1999-05-09,15:00,322,35,Regulier,2,5
11109,1999-05-09,15:00,224,3,Regulier,2,0
11110,1999-05-09,15:00,7,1615,Regulier,0,0
11111,1999-05-09,15:00,31,30,Regulier,0,6
11112,1999-05-16,15:00,35,19,Regulier,3,1
11113,1999-05-16,15:00,1986,22,Regulier,2,1
11114,1999-05-16,15:00,3,2024,Regulier,5,3
11115,1999-05-16,15:00,373,2300,Regulier,1,1
11116,1999-05-16,15:00,1615,322,Regulier,1,2
11117,1999-05-16,15:00,30,16,Regulier,3,0
11118,1999-05-16,15:00,90,31,Regulier,4,0
11119,1999-05-16,15:00,3530,224,Regulier,1,1
11120,1999-05-16,15:00,282,7,Regulier,1,4
11121,1999-08-08,15:00,3,373,Regulier,4,0
11122,1999-08-08,20:00,2024,322,Regulier,6,6
11123,1999-08-08,20:00,395,7,Regulier,1,5
11124,1999-08-08,20:00,1986,282,Regulier,1,0
11125,1999-08-08,20:00,30,3530,Regulier,3,1
11126,1999-08-08,20:00,35,224,Regulier,3,2
11127,1999-08-08,20:00,2300,90,Regulier,0,2
11128,1999-08-08,20:00,22,1615,Regulier,2,1
11129,1999-08-08,20:00,16,25,Regulier,2,1
11130,1999-08-15,15:00,90,30,Regulier,2,3
11131,1999-08-15,15:00,1615,224,Regulier,1,1
11132,1999-08-15,20:00,373,395,Regulier,1,1
11133,1999-08-15,20:00,2024,16,Regulier,2,1
11134,1999-08-15,20:00,35,2300,Regulier,5,2
11135,1999-08-15,20:00,7,322,Regulier,0,2
11136,1999-08-15,20:00,25,22,Regulier,2,1
11137,1999-08-15,20:00,282,3,Regulier,2,5
11138,1999-08-15,20:00,3530,1986,Regulier,3,1
11139,1999-08-22,15:00,3,3530,Regulier,2,0
11140,1999-08-22,15:00,1986,90,Regulier,3,3
11141,1999-08-22,20:00,224,25,Regulier,2,0
11142,1999-08-22,20:00,30,35,Regulier,0,3
11143,1999-08-22,20:00,16,7,Regulier,0,2
11144,1999-08-22,20:00,22,2024,Regulier,1,2
11145,1999-08-22,20:00,2300,1615,Regulier,2,2
11146,1999-08-22,20:00,395,322,Regulier,1,1
11147,1999-08-22,20:00,373,282,Regulier,1,1
11148,1999-08-29,15:00,1615,30,Regulier,0,3
11149,1999-08-29,20:00,25,2300,Regulier,3,1
11150,1999-08-29,20:00,3530,373,Regulier,3,1
11151,1999-08-29,20:00,90,3,Regulier,0,2
11152,1999-08-29,20:00,35,1986,Regulier,3,3
11153,1999-08-29,20:00,2024,224,Regulier,3,0
11154,1999-08-29,20:00,7,22,Regulier,3,2
11155,1999-08-29,20:00,282,395,Regulier,0,0
11156,1999-08-29,20:00,322,16,Regulier,4,0
11157,1999-09-12,15:00,3,35,Regulier,0,2
11158,1999-09-12,15:00,22,322,Regulier,2,1
11159,1999-09-12,20:00,30,25,Regulier,5,1
11160,1999-09-12,20:00,1986,1615,Regulier,0,2
11161,1999-09-12,20:00,224,7,Regulier,5,3
11162,1999-09-12,20:00,282,3530,Regulier,1,1
11163,1999-09-12,20:00,373,90,Regulier,1,5
11164,1999-09-12,20:00,395,16,Regulier,0,0
11165,1999-09-12,20:00,2300,2024,Regulier,4,0
11166,1999-09-19,15:00,90,282,Regulier,1,0
11167,1999-09-19,15:00,1615,3,Regulier,1,1
11168,1999-09-19,20:00,322,224,Regulier,2,2
11169,1999-09-19,20:00,7,2300,Regulier,4,1
11170,1999-09-19,20:00,16,22,Regulier,1,3
11171,1999-09-19,20:00,3530,395,Regulier,4,1
11172,1999-09-19,20:00,25,1986,Regulier,1,0
11173,1999-09-19,20:00,35,373,Regulier,2,1
11174,1999-09-19,20:00,2024,30,Regulier,0,2
11175,1999-09-26,15:00,3,25,Regulier,6,0
11176,1999-09-26,15:00,395,22,Regulier,0,0
11177,1999-09-26,20:00,3530,90,Regulier,3,2
11178,1999-09-26,20:00,282,35,Regulier,2,3
11179,1999-09-26,20:00,224,16,Regulier,1,3
11180,1999-09-26,20:00,30,7,Regulier,2,1
11181,1999-09-26,20:00,1986,2024,Regulier,2,2
11182,1999-09-26,20:00,373,1615,Regulier,2,0
11183,1999-09-26,20:00,2300,322,Regulier,1,4
11184,1999-10-03,15:00,1615,282,Regulier,2,3
11185,1999-10-03,15:00,90,395,Regulier,1,0
11186,1999-10-03,20:00,7,1986,Regulier,6,2
11187,1999-10-03,20:00,22,224,Regulier,2,1
11188,1999-10-03,20:00,322,30,Regulier,2,2
11189,1999-10-03,20:00,16,2300,Regulier,3,1
11190,1999-10-03,20:00,25,373,Regulier,3,2
11191,1999-10-03,20:00,2024,3,Regulier,1,0
11192,1999-10-03,20:00,35,3530,Regulier,2,2
11193,1999-10-17,20:00,3,7,Regulier,1,3
11194,1999-10-17,20:00,1986,322,Regulier,0,1
11195,1999-10-17,20:00,2300,22,Regulier,1,1
11196,1999-10-17,20:00,395,224,Regulier,1,4
11197,1999-10-17,20:00,282,25,Regulier,0,2
11198,1999-10-17,20:00,3530,1615,Regulier,1,0
11199,1999-10-17,20:00,30,16,Regulier,1,0
11200,1999-10-17,20:00,373,2024,Regulier,2,1
11201,1999-10-17,20:00,90,35,Regulier,2,3
11202,1999-10-23,20:00,7,373,Regulier,4,2
11203,1999-10-23,20:00,16,1986,Regulier,4,1
11204,1999-10-23,20:00,25,3530,Regulier,2,0
11205,1999-10-23,20:00,2024,282,Regulier,3,3
11206,1999-10-23,20:00,22,30,Regulier,1,1
11207,1999-10-24,15:00,224,2300,Regulier,3,0
11208,1999-10-24,15:00,1615,90,Regulier,1,1
11209,1999-10-24,20:00,35,395,Regulier,4,0
11210,1999-10-24,20:00,322,3,Regulier,1,0
11211,1999-10-28,20:30,35,1615,Regulier,2,0
11212,1999-10-30,18:00,3,16,Regulier,5,2
11213,1999-10-30,20:00,395,2300,Regulier,1,1
11214,1999-10-30,20:00,282,7,Regulier,0,4
11215,1999-10-30,20:00,1986,22,Regulier,1,1
11216,1999-10-30,20:00,3530,2024,Regulier,3,2
11217,1999-10-30,20:00,373,322,Regulier,0,5
11218,1999-10-30,20:00,30,224,Regulier,1,0
11219,1999-10-31,15:00,90,25,Regulier,2,0
11220,1999-11-05,20:00,22,3,Regulier,0,2
11221,1999-11-06,20:00,322,282,Regulier,1,1
11222,1999-11-06,20:00,224,1986,Regulier,0,0
11223,1999-11-06,20:00,2024,90,Regulier,3,2
11224,1999-11-06,20:00,7,3530,Regulier,1,3
11225,1999-11-06,20:00,25,35,Regulier,2,5
11226,1999-11-06,20:00,16,373,Regulier,2,1
11227,1999-11-06,20:00,2300,30,Regulier,1,1
11228,1999-11-07,15:00,1615,395,Regulier,3,0
11229,1999-11-10,20:00,3,224,Regulier,1,2
11230,1999-11-10,20:00,373,22,Regulier,2,2
11231,1999-11-10,20:00,90,7,Regulier,4,2
11232,1999-11-10,20:00,322,3530,Regulier,4,0
11233,1999-11-10,20:00,1615,25,Regulier,5,2
11234,1999-11-10,20:00,282,16,Regulier,5,3
11235,1999-11-10,20:00,395,30,Regulier,2,1
11236,1999-11-10,20:00,35,2024,Regulier,3,0
11237,1999-11-10,20:00,1986,2300,Regulier,0,0
11238,1999-11-19,20:30,7,35,Regulier,0,3
11239,1999-11-20,20:00,22,282,Regulier,2,4
11240,1999-11-20,20:00,2300,3,Regulier,2,3
11241,1999-11-20,20:00,224,373,Regulier,3,0
11242,1999-11-20,20:00,25,395,Regulier,1,1
11243,1999-11-20,20:00,30,1986,Regulier,4,0
11244,1999-11-20,20:00,322,90,Regulier,2,1
11245,1999-11-20,20:00,16,3530,Regulier,1,0
11246,1999-11-21,15:00,2024,1615,Regulier,4,1
11247,1999-11-26,20:30,3,30,Regulier,1,0
11248,1999-11-27,20:00,25,2024,Regulier,2,2
11249,1999-11-27,20:00,373,2300,Regulier,0,2
11250,1999-11-27,20:00,282,224,Regulier,3,2
11251,1999-11-27,20:00,395,1986,Regulier,0,0
11252,1999-11-28,15:00,3530,22,Regulier,3,0
11253,1999-11-28,15:00,90,16,Regulier,1,2
11254,1999-11-28,15:00,1615,7,Regulier,1,2
11255,1999-11-28,20:00,35,322,Regulier,1,3
11256,1999-12-04,20:00,224,3530,Regulier,1,1
11257,1999-12-04,20:00,395,2024,Regulier,2,3
11258,1999-12-04,20:00,1986,3,Regulier,0,0
11259,1999-12-04,20:00,22,90,Regulier,0,1
11260,1999-12-04,20:00,2300,282,Regulier,2,1
11261,1999-12-04,20:00,30,373,Regulier,0,0
11262,1999-12-05,14:30,16,35,Regulier,0,0
11263,1999-12-05,15:00,7,25,Regulier,6,1
11264,1999-12-05,15:00,322,1615,Regulier,4,3
11265,1999-12-11,20:00,3,395,Regulier,4,0
11266,1999-12-11,20:00,2024,7,Regulier,4,2
11267,1999-12-11,20:00,282,30,Regulier,5,1
11268,1999-12-11,20:00,373,1986,Regulier,2,0
11269,1999-12-11,20:00,3530,2300,Regulier,2,0
11270,1999-12-11,20:00,25,322,Regulier,2,0
11271,1999-12-11,20:00,35,22,Regulier,3,0
11272,1999-12-12,15:00,90,224,Regulier,2,5
11273,1999-12-12,15:00,1615,16,Regulier,3,4
11274,2000-01-11,20:00,224,35,Regulier,0,2
11275,2000-01-12,20:00,373,3,Regulier,0,1
11276,2000-01-12,20:00,90,2300,Regulier,2,4
11277,2000-01-12,20:00,282,1986,Regulier,2,1
11278,2000-01-12,20:00,25,16,Regulier,2,4
11279,2000-01-12,20:00,7,395,Regulier,1,1
11280,2000-01-12,20:00,322,2024,Regulier,1,1
11281,2000-01-12,20:00,3530,30,Regulier,1,1
11282,2000-01-12,20:00,1615,22,Regulier,4,1
11283,2000-01-15,20:00,395,373,Regulier,1,2
11284,2000-01-15,20:00,322,7,Regulier,0,1
11285,2000-01-15,20:00,2300,35,Regulier,0,0
11286,2000-01-15,20:00,224,1615,Regulier,4,2
11287,2000-01-15,20:00,22,25,Regulier,1,4
11288,2000-01-15,20:00,1986,3530,Regulier,2,2
11289,2000-01-16,15:00,30,90,Regulier,5,2
11290,2000-01-16,15:00,3,282,Regulier,6,1
11291,2000-01-16,15:00,16,2024,Regulier,4,0
11292,2000-01-21,20:30,3530,3,Regulier,5,3
11293,2000-01-22,20:00,25,224,Regulier,1,3
11294,2000-01-22,20:00,7,16,Regulier,1,5
11295,2000-01-22,20:00,282,373,Regulier,3,0
11296,2000-01-22,20:00,322,395,Regulier,1,0
11297,2000-01-23,15:00,2024,22,Regulier,1,1
11298,2000-01-23,15:00,1615,2300,Regulier,0,5
11299,2000-01-23,15:00,90,1986,Regulier,3,1
11300,2000-01-23,20:00,35,30,Regulier,2,0
11301,2000-01-28,20:00,16,322,Regulier,5,1
11302,2000-01-29,20:00,22,7,Regulier,1,2
11303,2000-01-29,20:00,1986,35,Regulier,3,3
11304,2000-01-29,20:00,395,282,Regulier,3,0
11305,2000-01-29,20:00,373,3530,Regulier,2,0
11306,2000-01-29,20:00,2300,25,Regulier,2,1
11307,2000-01-30,15:00,224,2024,Regulier,2,1
11308,2000-01-30,15:00,30,1615,Regulier,2,0
11309,2000-01-30,15:00,3,90,Regulier,3,0
11310,2000-02-05,20:00,2024,2300,Regulier,3,2
11311,2000-02-05,20:00,322,22,Regulier,1,2
11312,2000-02-05,20:00,25,30,Regulier,4,3
11313,2000-02-05,20:00,7,224,Regulier,2,3
11314,2000-02-06,15:00,90,373,Regulier,2,0
11315,2000-02-06,15:00,1615,1986,Regulier,5,1
11316,2000-02-06,15:00,16,395,Regulier,3,0
11317,2000-02-06,20:00,35,3,Regulier,1,1
11318,2000-02-06,20:00,3530,282,Regulier,0,0
11319,2000-02-11,20:00,224,322,Regulier,5,0
11320,2000-02-12,20:00,2300,7,Regulier,0,1
11321,2000-02-12,20:00,30,2024,Regulier,7,0
11322,2000-02-12,20:00,373,35,Regulier,0,4
11323,2000-02-12,20:00,395,3530,Regulier,0,2
11324,2000-02-12,20:00,1986,25,Regulier,0,2
11325,2000-02-12,20:00,282,90,Regulier,5,1
11326,2000-02-13,15:00,3,1615,Regulier,1,2
11327,2000-02-13,15:00,22,16,Regulier,1,4
11328,2000-02-18,20:00,16,224,Regulier,2,0
11329,2000-02-18,20:30,7,30,Regulier,2,0
11330,2000-02-19,20:00,2024,1986,Regulier,1,0
11331,2000-02-19,20:00,22,395,Regulier,1,3
11332,2000-02-19,20:00,25,3,Regulier,0,0
11333,2000-02-19,20:00,35,282,Regulier,5,0
11334,2000-02-20,15:00,1615,373,Regulier,3,2
11335,2000-02-20,15:00,322,2300,Regulier,4,1
11336,2000-02-20,15:00,90,3530,Regulier,1,2
11337,2000-03-04,20:00,1986,7,Regulier,1,3
11338,2000-03-04,20:00,395,90,Regulier,1,2
11339,2000-03-04,20:00,373,25,Regulier,3,1
11340,2000-03-04,20:00,282,1615,Regulier,2,0
11341,2000-03-04,20:00,2300,16,Regulier,0,2
11342,2000-03-04,20:00,224,22,Regulier,2,1
11343,2000-03-04,20:00,30,322,Regulier,5,0
11344,2000-03-05,15:00,3,2024,Regulier,2,0
11345,2000-03-05,20:00,3530,35,Regulier,1,3
11346,2000-03-10,20:30,7,3,Regulier,2,0
11347,2000-03-11,20:00,224,395,Regulier,3,1
11348,2000-03-11,20:00,2024,373,Regulier,3,2
11349,2000-03-11,20:00,16,30,Regulier,3,1
11350,2000-03-11,20:00,322,1986,Regulier,1,2
11351,2000-03-11,20:00,35,90,Regulier,4,1
11352,2000-03-12,15:00,25,282,Regulier,0,0
11353,2000-03-12,15:00,1615,3530,Regulier,1,0
11354,2000-03-12,20:00,22,2300,Regulier,2,3
11355,2000-03-18,20:00,30,22,Regulier,2,0
11356,2000-03-18,20:00,373,7,Regulier,0,0
11357,2000-03-18,20:00,282,2024,Regulier,0,0
11358,2000-03-18,20:00,3530,25,Regulier,0,0
11359,2000-03-18,20:00,395,35,Regulier,0,0
11360,2000-03-19,15:00,2300,224,Regulier,1,1
11361,2000-03-19,15:00,3,322,Regulier,2,0
11362,2000-03-19,15:00,1986,16,Regulier,2,1
11363,2000-03-19,15:00,90,1615,Regulier,3,0
11364,2000-03-24,20:00,16,3,Regulier,0,1
11365,2000-03-25,00:00,2024,3530,Regulier,3,2
11366,2000-03-25,20:00,25,90,Regulier,2,0
11367,2000-03-25,20:00,322,373,Regulier,0,2
11368,2000-03-25,20:00,22,1986,Regulier,1,1
11369,2000-03-25,20:00,224,30,Regulier,3,3
11370,2000-03-25,20:00,2300,395,Regulier,1,1
11371,2000-03-26,15:00,1615,35,Regulier,2,2
11372,2000-03-26,15:00,7,282,Regulier,1,1
11373,2000-04-01,20:00,3,22,Regulier,3,1
11374,2000-04-01,20:00,30,2300,Regulier,1,3
11375,2000-04-01,20:00,3530,7,Regulier,2,0
11376,2000-04-01,20:00,282,322,Regulier,1,2
11377,2000-04-01,20:00,1986,224,Regulier,0,4
11378,2000-04-01,20:00,90,2024,Regulier,1,1
11379,2000-04-01,20:00,35,25,Regulier,5,0
11380,2000-04-02,14:00,395,1615,Regulier,3,2
11381,2000-04-02,20:00,373,16,Regulier,2,0
11382,2000-04-07,20:00,16,282,Regulier,1,2
11383,2000-04-07,20:00,224,3,Regulier,1,2
11384,2000-04-07,20:30,30,395,Regulier,2,2
11385,2000-04-08,20:00,22,373,Regulier,1,1
11386,2000-04-08,20:00,2024,35,Regulier,5,0
11387,2000-04-08,20:00,3530,322,Regulier,3,0
11388,2000-04-09,15:00,25,1615,Regulier,4,0
11389,2000-04-09,15:00,7,90,Regulier,4,0
11390,2000-04-09,15:00,2300,1986,Regulier,1,0
11391,2000-04-15,20:00,373,224,Regulier,0,0
11392,2000-04-15,20:00,1986,30,Regulier,1,0
11393,2000-04-15,20:00,90,322,Regulier,1,3
11394,2000-04-15,20:00,282,22,Regulier,1,1
11395,2000-04-15,20:00,3530,16,Regulier,2,0
11396,2000-04-16,15:00,3,2300,Regulier,3,1
11397,2000-04-16,15:00,1615,2024,Regulier,3,1
11398,2000-04-16,15:00,395,25,Regulier,3,0
11399,2000-04-16,20:00,35,7,Regulier,1,2
11400,2000-04-21,20:30,30,3,Regulier,1,0
11401,2000-04-22,20:00,2300,373,Regulier,3,4
11402,2000-04-22,20:00,1986,395,Regulier,1,1
11403,2000-04-22,20:00,224,282,Regulier,0,0
11404,2000-04-22,20:00,322,35,Regulier,1,4
11405,2000-04-22,20:00,2024,25,Regulier,8,0
11406,2000-04-22,20:00,7,1615,Regulier,4,2
11407,2000-04-22,20:00,22,3530,Regulier,3,0
11408,2000-04-22,20:00,16,90,Regulier,3,1
11409,2000-05-06,20:00,2024,395,Regulier,4,1
11410,2000-05-06,20:00,25,7,Regulier,0,2
11411,2000-05-06,20:00,3,1986,Regulier,3,1
11412,2000-05-06,20:00,35,16,Regulier,2,0
11413,2000-05-06,20:00,282,2300,Regulier,5,2
11414,2000-05-06,20:00,373,30,Regulier,2,1
11415,2000-05-06,20:00,3530,224,Regulier,0,1
11416,2000-05-06,20:00,90,22,Regulier,0,3
11417,2000-05-06,20:00,1615,322,Regulier,1,2
11418,2000-05-11,20:00,16,1615,Regulier,1,3
11419,2000-05-11,20:00,322,25,Regulier,3,1
11420,2000-05-11,20:00,22,35,Regulier,1,1
11421,2000-05-11,20:00,395,3,Regulier,0,2
11422,2000-05-11,20:00,7,2024,Regulier,2,3
11423,2000-05-11,20:00,1986,373,Regulier,4,1
11424,2000-05-11,20:00,224,90,Regulier,1,1
11425,2000-05-11,20:00,2300,3530,Regulier,1,4
11426,2000-05-11,20:00,30,282,Regulier,1,2
11427,2000-08-13,15:00,1615,16,Regulier,3,4
11428,2000-08-13,15:00,90,30,Regulier,1,3
11429,2000-08-13,15:00,3,7,Regulier,6,2
11430,2000-08-13,20:00,94,282,Regulier,0,0
11431,2000-08-13,20:00,2300,22,Regulier,1,2
11432,2000-08-13,20:00,2024,1,Regulier,2,1
11433,2000-08-13,20:00,373,35,Regulier,0,0
11434,2000-08-13,20:00,224,3530,Regulier,3,0
11435,2000-08-13,20:00,25,322,Regulier,0,0
11436,2000-08-20,20:00,22,1615,Regulier,5,0
11437,2000-08-20,20:00,16,94,Regulier,3,0
11438,2000-08-20,20:00,322,90,Regulier,3,1
11439,2000-08-20,20:00,282,3530,Regulier,2,0
11440,2000-08-20,20:00,7,25,Regulier,2,1
11441,2000-08-20,20:00,224,3,Regulier,1,2
11442,2000-08-20,20:00,1,2300,Regulier,0,1
11443,2000-08-20,20:00,373,30,Regulier,0,1
11444,2000-08-20,20:00,35,2024,Regulier,3,2
11445,2000-08-27,15:00,90,7,Regulier,1,4
11446,2000-08-27,15:00,1615,94,Regulier,2,2
11447,2000-08-27,15:00,3,282,Regulier,3,1
11448,2000-08-27,20:00,3530,16,Regulier,1,0
11449,2000-08-27,20:00,22,1,Regulier,1,0
11450,2000-08-27,20:00,2300,35,Regulier,1,3
11451,2000-08-27,20:00,373,322,Regulier,2,2
11452,2000-08-27,20:00,25,224,Regulier,1,5
11453,2000-08-27,20:00,2024,30,Regulier,1,0
11454,2000-09-06,20:00,94,3530,Regulier,0,5
11455,2000-09-06,20:00,224,90,Regulier,2,0
11456,2000-09-06,20:00,35,22,Regulier,7,2
11457,2000-09-06,20:00,322,2024,Regulier,1,2
11458,2000-09-06,20:00,1,1615,Regulier,2,0
11459,2000-09-06,20:00,30,2300,Regulier,3,0
11460,2000-09-06,20:00,7,373,Regulier,2,1
11461,2000-09-06,20:00,16,3,Regulier,0,4
11462,2000-09-06,20:00,282,25,Regulier,3,2
11463,2000-09-10,15:00,3,94,Regulier,3,0
11464,2000-09-10,15:00,90,282,Regulier,2,2
11465,2000-09-10,15:00,1615,3530,Regulier,3,0
11466,2000-09-10,20:00,22,30,Regulier,2,0
11467,2000-09-10,20:00,373,224,Regulier,1,4
11468,2000-09-10,20:00,2024,7,Regulier,0,0
11469,2000-09-10,20:00,25,16,Regulier,0,4
11470,2000-09-10,20:00,1,35,Regulier,0,3
11471,2000-09-10,20:00,2300,322,Regulier,2,0
11472,2000-09-17,15:00,322,22,Regulier,2,1
11473,2000-09-17,20:00,94,25,Regulier,2,2
11474,2000-09-17,20:00,3530,3,Regulier,2,3
11475,2000-09-17,20:00,35,1615,Regulier,4,3
11476,2000-09-17,20:00,16,90,Regulier,7,0
11477,2000-09-17,20:00,30,1,Regulier,4,1
11478,2000-09-17,20:00,282,373,Regulier,2,1
11479,2000-09-17,20:00,7,2300,Regulier,5,0
11480,2000-09-17,20:00,224,2024,Regulier,3,5
11481,2000-09-24,15:00,1615,3,Regulier,0,6
11482,2000-09-24,15:00,1,322,Regulier,1,0
11483,2000-09-24,15:00,90,94,Regulier,1,0
11484,2000-09-24,20:00,25,3530,Regulier,2,3
11485,2000-09-24,20:00,2300,224,Regulier,0,0
11486,2000-09-24,20:00,22,7,Regulier,4,3
11487,2000-09-24,20:00,35,30,Regulier,5,2
11488,2000-09-24,20:00,2024,282,Regulier,1,1
11489,2000-09-24,20:00,373,16,Regulier,1,1
11490,2000-10-01,15:00,7,1,Regulier,4,2
11491,2000-10-01,15:00,3,25,Regulier,5,2
11492,2000-10-01,20:00,282,2300,Regulier,1,1
11493,2000-10-01,20:00,30,1615,Regulier,4,1
11494,2000-10-01,20:00,224,22,Regulier,3,0
11495,2000-10-01,20:00,16,2024,Regulier,5,3
11496,2000-10-01,20:00,94,373,Regulier,1,0
11497,2000-10-01,20:00,3530,90,Regulier,2,0
11498,2000-10-01,20:00,322,35,Regulier,1,1
11499,2000-10-15,15:00,1615,25,Regulier,1,0
11500,2000-10-15,15:00,2024,94,Regulier,2,1
11501,2000-10-15,15:00,90,3,Regulier,0,2
11502,2000-10-15,20:00,30,322,Regulier,1,1
11503,2000-10-15,20:00,373,3530,Regulier,3,2
11504,2000-10-15,20:00,22,282,Regulier,1,0
11505,2000-10-15,20:00,2300,16,Regulier,0,3
11506,2000-10-15,20:00,35,7,Regulier,2,1
11507,2000-10-15,20:00,1,224,Regulier,1,0
11508,2000-10-20,20:00,16,22,Regulier,4,0
11509,2000-10-21,18:00,224,35,Regulier,1,2
11510,2000-10-21,20:00,322,1615,Regulier,4,0
11511,2000-10-21,20:00,282,1,Regulier,0,1
11512,2000-10-21,20:00,3530,2024,Regulier,3,1
11513,2000-10-21,20:00,7,30,Regulier,2,3
11514,2000-10-21,20:00,94,2300,Regulier,2,3
11515,2000-10-22,15:00,25,90,Regulier,4,1
11516,2000-10-22,15:00,3,373,Regulier,5,0
11517,2000-10-27,20:00,30,224,Regulier,1,4
11518,2000-10-28,20:00,322,7,Regulier,1,1
11519,2000-10-28,20:00,35,282,Regulier,8,0
11520,2000-10-28,20:00,373,25,Regulier,1,0
11521,2000-10-28,20:00,22,94,Regulier,2,1
11522,2000-10-28,20:00,2300,3530,Regulier,2,1
11523,2000-10-29,15:00,1615,90,Regulier,2,4
11524,2000-10-29,15:00,1,16,Regulier,1,2
11525,2000-10-29,20:00,2024,3,Regulier,0,2
11526,2000-11-11,20:00,282,30,Regulier,2,0
11527,2000-11-11,20:00,7,1615,Regulier,2,1
11528,2000-11-11,20:00,25,2024,Regulier,0,1
11529,2000-11-11,20:00,3530,22,Regulier,0,2
11530,2000-11-12,13:00,16,35,Regulier,1,1
11531,2000-11-12,15:00,94,1,Regulier,2,2
11532,2000-11-12,15:00,90,373,Regulier,4,1
11533,2000-11-12,15:00,3,2300,Regulier,6,0
11534,2000-11-12,15:00,224,322,Regulier,2,0
11535,2000-11-17,20:00,22,3,Regulier,0,4
11536,2000-11-18,20:00,35,94,Regulier,2,0
11537,2000-11-18,20:00,322,282,Regulier,0,0
11538,2000-11-18,20:00,30,16,Regulier,1,1
11539,2000-11-18,20:00,7,224,Regulier,1,0
11540,2000-11-18,20:00,2024,90,Regulier,1,1
11541,2000-11-18,20:00,2300,25,Regulier,1,1
11542,2000-11-19,15:00,1,3530,Regulier,1,2
11543,2000-11-19,15:00,1615,373,Regulier,0,4
11544,2000-11-24,20:00,16,322,Regulier,2,1
11545,2000-11-25,20:00,25,22,Regulier,4,3
11546,2000-11-25,20:00,3530,35,Regulier,0,1
11547,2000-11-25,20:00,94,30,Regulier,0,2
11548,2000-11-25,20:00,373,2024,Regulier,1,2
11549,2000-11-25,20:00,224,1615,Regulier,4,3
11550,2000-11-25,20:00,282,7,Regulier,1,1
11551,2000-11-26,15:00,3,1,Regulier,2,0
11552,2000-11-26,15:00,90,2300,Regulier,1,1
11553,2000-12-01,20:30,35,3,Regulier,2,0
11554,2000-12-02,20:00,30,3530,Regulier,1,1
11555,2000-12-02,20:00,322,94,Regulier,1,0
11556,2000-12-02,20:00,1,25,Regulier,3,1
11557,2000-12-02,20:00,224,282,Regulier,2,1
11558,2000-12-02,20:00,7,16,Regulier,2,1
11559,2000-12-02,20:00,22,90,Regulier,0,0
11560,2000-12-03,15:00,2300,373,Regulier,0,0
11561,2000-12-03,15:00,1615,2024,Regulier,0,4
11562,2000-12-08,20:00,16,224,Regulier,3,3
11563,2000-12-09,20:00,373,22,Regulier,1,3
11564,2000-12-09,20:00,3530,322,Regulier,5,1
11565,2000-12-09,20:00,25,35,Regulier,0,2
11566,2000-12-09,20:00,2024,2300,Regulier,1,2
11567,2000-12-09,20:00,94,7,Regulier,1,1
11568,2000-12-10,15:00,90,1,Regulier,0,4
11569,2000-12-10,15:00,3,30,Regulier,1,0
11570,2000-12-10,15:00,1615,282,Regulier,1,6
11571,2000-12-15,20:00,22,2024,Regulier,2,2
11572,2000-12-16,20:00,282,16,Regulier,2,1
11573,2000-12-16,20:00,224,94,Regulier,0,0
11574,2000-12-16,20:00,35,90,Regulier,3,0
11575,2000-12-16,20:00,2300,1615,Regulier,2,1
11576,2000-12-16,20:00,7,3530,Regulier,3,1
11577,2000-12-16,20:00,1,373,Regulier,2,0
11578,2000-12-16,20:00,30,25,Regulier,1,1
11579,2000-12-17,20:00,322,3,Regulier,0,1
11580,2000-12-20,20:00,1,2024,Regulier,1,3
11581,2000-12-20,20:00,16,1615,Regulier,3,0
11582,2000-12-20,20:00,35,373,Regulier,3,2
11583,2000-12-20,20:00,30,90,Regulier,2,0
11584,2000-12-20,20:00,22,2300,Regulier,5,0
11585,2000-12-20,20:00,3530,224,Regulier,4,1
11586,2000-12-20,20:00,322,25,Regulier,3,1
11587,2000-12-20,20:00,282,94,Regulier,3,1
11588,2000-12-24,15:00,7,3,Regulier,0,2
11589,2001-01-19,20:30,3,224,Regulier,2,2
11590,2001-01-20,18:00,94,16,Regulier,0,4
11591,2001-01-20,20:00,3530,282,Regulier,2,0
11592,2001-01-20,20:00,30,373,Regulier,2,1
11593,2001-01-20,20:00,2300,1,Regulier,2,1
11594,2001-01-20,20:00,25,7,Regulier,3,3
11595,2001-01-21,15:00,90,322,Regulier,4,2
11596,2001-01-21,15:00,1615,22,Regulier,1,0
11597,2001-01-21,20:00,2024,35,Regulier,2,2
11598,2001-01-27,20:00,30,2024,Regulier,1,2
11599,2001-01-27,20:00,282,3,Regulier,2,2
11600,2001-01-27,20:00,1,22,Regulier,1,1
11601,2001-01-27,20:00,7,90,Regulier,1,0
11602,2001-01-27,20:00,322,373,Regulier,3,0
11603,2001-01-28,15:00,224,25,Regulier,4,2
11604,2001-01-28,15:00,94,1615,Regulier,0,2
11605,2001-01-28,15:00,16,3530,Regulier,1,1
11606,2001-01-28,20:00,35,2300,Regulier,4,0
11607,2001-02-02,20:30,22,35,Regulier,0,4
11608,2001-02-03,20:00,3530,94,Regulier,3,1
11609,2001-02-03,20:00,2300,30,Regulier,2,1
11610,2001-02-03,20:00,2024,322,Regulier,5,0
11611,2001-02-03,20:00,25,282,Regulier,0,3
11612,2001-02-03,20:00,373,7,Regulier,0,1
11613,2001-02-04,15:00,3,16,Regulier,1,1
11614,2001-02-04,15:00,90,224,Regulier,1,0
11615,2001-02-04,15:00,1615,1,Regulier,2,0
11616,2001-02-09,20:00,94,3,Regulier,1,1
11617,2001-02-09,20:30,35,1,Regulier,2,0
11618,2001-02-10,20:00,282,90,Regulier,2,0
11619,2001-02-10,20:00,322,2300,Regulier,1,0
11620,2001-02-10,20:00,30,22,Regulier,2,0
11621,2001-02-10,20:00,224,373,Regulier,1,0
11622,2001-02-10,20:00,7,2024,Regulier,3,1
11623,2001-02-10,20:00,3530,1615,Regulier,2,1
11624,2001-02-11,15:00,16,25,Regulier,2,0
11625,2001-02-16,20:00,2024,224,Regulier,1,0
11626,2001-02-17,20:00,25,94,Regulier,0,0
11627,2001-02-17,20:00,22,322,Regulier,2,1
11628,2001-02-17,20:00,373,282,Regulier,2,0
11629,2001-02-17,20:00,2300,7,Regulier,1,1
11630,2001-02-17,20:00,1,30,Regulier,0,0
11631,2001-02-18,15:00,90,16,Regulier,1,1
11632,2001-02-18,15:00,1615,35,Regulier,1,4
11633,2001-02-18,15:00,3,3530,Regulier,2,2
11634,2001-03-03,18:00,30,35,Regulier,0,0
11635,2001-03-03,20:00,7,22,Regulier,1,1
11636,2001-03-03,20:00,16,373,Regulier,1,1
11637,2001-03-03,20:00,224,2300,Regulier,0,0
11638,2001-03-03,20:00,3530,25,Regulier,4,1
11639,2001-03-03,20:00,94,90,Regulier,3,0
11640,2001-03-03,20:00,322,1,Regulier,1,1
11641,2001-03-04,15:00,3,1615,Regulier,0,0
11642,2001-03-04,15:00,282,2024,Regulier,2,0
11643,2001-03-09,20:00,2024,16,Regulier,2,2
11644,2001-03-10,20:00,22,224,Regulier,1,3
11645,2001-03-10,20:00,25,3,Regulier,1,1
11646,2001-03-10,20:00,35,322,Regulier,1,0
11647,2001-03-10,20:00,2300,282,Regulier,0,2
11648,2001-03-11,15:00,373,94,Regulier,1,1
11649,2001-03-11,15:00,90,3530,Regulier,2,0
11650,2001-03-11,15:00,1,7,Regulier,1,0
11651,2001-03-11,15:00,1615,30,Regulier,1,0
11652,2001-03-17,16:00,7,35,Regulier,2,1
11653,2001-03-17,20:00,16,2300,Regulier,4,2
11654,2001-03-17,20:00,94,2024,Regulier,3,1
11655,2001-03-17,20:00,282,22,Regulier,1,0
11656,2001-03-17,20:00,322,30,Regulier,2,0
11657,2001-03-17,20:00,3530,373,Regulier,1,0
11658,2001-03-17,20:00,224,1,Regulier,3,2
11659,2001-03-18,15:00,25,1615,Regulier,2,0
11660,2001-03-18,15:00,3,90,Regulier,1,1
11661,2001-03-30,20:30,35,224,Regulier,3,3
11662,2001-03-31,20:00,30,7,Regulier,2,0
11663,2001-03-31,20:00,2024,3530,Regulier,1,2
11664,2001-03-31,20:00,1,282,Regulier,2,1
11665,2001-03-31,20:00,373,3,Regulier,1,2
11666,2001-04-01,15:00,2300,94,Regulier,0,1
11667,2001-04-01,15:00,1615,322,Regulier,1,2
11668,2001-04-01,15:00,90,25,Regulier,1,3
11669,2001-04-01,20:00,22,16,Regulier,2,3
11670,2001-04-06,20:00,94,22,Regulier,1,1
11671,2001-04-07,20:00,224,30,Regulier,1,2
11672,2001-04-07,20:00,3530,2300,Regulier,2,0
11673,2001-04-07,20:00,7,322,Regulier,2,1
11674,2001-04-07,20:00,25,373,Regulier,1,2
11675,2001-04-07,20:00,282,35,Regulier,0,0
11676,2001-04-07,20:00,3,2024,Regulier,2,2
11677,2001-04-07,20:00,16,1,Regulier,0,1
11678,2001-04-07,20:00,90,1615,Regulier,0,0
11679,2001-04-13,20:30,35,16,Regulier,0,0
11680,2001-04-14,20:00,1615,7,Regulier,2,1
11681,2001-04-14,20:00,322,224,Regulier,4,0
11682,2001-04-14,20:00,373,90,Regulier,1,0
11683,2001-04-14,20:00,2300,3,Regulier,0,2
11684,2001-04-14,20:00,1,94,Regulier,1,1
11685,2001-04-14,20:00,2024,25,Regulier,0,0
11686,2001-04-14,20:00,30,282,Regulier,1,4
11687,2001-04-15,20:00,22,3530,Regulier,2,1
11688,2001-04-20,20:00,94,35,Regulier,0,1
11689,2001-04-21,20:00,224,7,Regulier,2,2
11690,2001-04-21,20:00,25,2300,Regulier,2,2
11691,2001-04-21,20:00,282,322,Regulier,2,2
11692,2001-04-21,20:00,16,30,Regulier,3,2
11693,2001-04-21,20:00,373,1615,Regulier,1,1
11694,2001-04-22,15:00,90,2024,Regulier,1,2
11695,2001-04-22,15:00,3,22,Regulier,1,0
11696,2001-04-22,15:00,3530,1,Regulier,3,1
11697,2001-04-28,20:00,35,3530,Regulier,7,0
11698,2001-04-28,20:00,322,16,Regulier,2,2
11699,2001-04-28,20:00,30,94,Regulier,1,2
11700,2001-04-28,20:00,2300,90,Regulier,1,0
11701,2001-04-28,20:00,2024,373,Regulier,4,6
11702,2001-04-28,20:00,22,25,Regulier,4,2
11703,2001-04-28,20:00,7,282,Regulier,3,2
11704,2001-04-29,15:00,1,3,Regulier,0,1
11705,2001-04-29,15:00,1615,224,Regulier,0,1
11706,2001-05-04,20:30,25,1,Regulier,0,3
11707,2001-05-05,18:00,3,35,Regulier,0,1
11708,2001-05-05,20:00,94,322,Regulier,2,1
11709,2001-05-05,20:00,282,224,Regulier,2,1
11710,2001-05-05,20:00,16,7,Regulier,1,0
11711,2001-05-05,20:00,3530,30,Regulier,6,0
11712,2001-05-05,20:00,373,2300,Regulier,1,0
11713,2001-05-06,15:00,90,22,Regulier,4,0
11714,2001-05-06,15:00,2024,1615,Regulier,1,0
11715,2001-05-12,20:00,282,1615,Regulier,3,0
11716,2001-05-12,20:00,7,94,Regulier,2,2
11717,2001-05-12,20:00,30,3,Regulier,0,2
11718,2001-05-12,20:00,1,90,Regulier,0,0
11719,2001-05-12,20:00,224,16,Regulier,1,1
11720,2001-05-12,20:00,2300,2024,Regulier,1,4
11721,2001-05-12,20:00,322,3530,Regulier,2,0
11722,2001-05-12,20:00,35,25,Regulier,1,0
11723,2001-05-12,20:00,22,373,Regulier,1,7
11724,2001-05-19,20:00,94,224,Regulier,1,3
11725,2001-05-20,15:00,90,35,Regulier,1,5
11726,2001-05-20,15:00,16,282,Regulier,0,5
11727,2001-05-20,15:00,1615,2300,Regulier,3,2
11728,2001-05-20,15:00,3530,7,Regulier,1,3
11729,2001-05-20,15:00,2024,22,Regulier,0,1
11730,2001-05-20,15:00,25,30,Regulier,1,1
11731,2001-05-20,15:00,3,322,Regulier,6,0
11732,2001-05-20,15:00,373,1,Regulier,1,1
11733,2001-08-12,15:00,90,224,Regulier,0,5
11734,2001-08-12,15:00,3,2024,Regulier,4,2
11735,2001-08-12,15:00,3530,94,Regulier,8,2
11736,2001-08-12,20:00,322,2300,Regulier,5,1
11737,2001-08-12,20:00,7,373,Regulier,4,2
11738,2001-08-12,20:00,35,1,Regulier,3,0
11739,2001-08-12,20:00,30,282,Regulier,1,1
11740,2001-08-12,20:00,1986,47,Regulier,1,0
11741,2001-08-12,20:00,22,16,Regulier,0,0
11742,2001-08-19,20:00,282,3,Regulier,0,1
11743,2001-08-19,20:00,2300,30,Regulier,1,1
11744,2001-08-19,20:00,224,7,Regulier,0,1
11745,2001-08-19,20:00,1,322,Regulier,3,0
11746,2001-08-19,20:00,94,35,Regulier,1,3
11747,2001-08-19,20:00,47,22,Regulier,0,1
11748,2001-08-19,20:00,16,3530,Regulier,3,0
11749,2001-08-19,20:00,373,1986,Regulier,4,3
11750,2001-08-19,20:00,2024,90,Regulier,0,1
11751,2001-08-26,15:00,3,2300,Regulier,6,1
11752,2001-08-26,15:00,90,282,Regulier,2,1
11753,2001-08-26,15:00,322,94,Regulier,5,1
11754,2001-08-26,20:00,22,373,Regulier,0,3
11755,2001-08-26,20:00,3530,35,Regulier,1,1
11756,2001-08-26,20:00,7,2024,Regulier,4,1
11757,2001-08-26,20:00,30,1,Regulier,2,1
11758,2001-08-26,20:00,16,47,Regulier,2,1
11759,2001-08-26,20:00,1986,224,Regulier,3,2
11760,2001-09-09,15:00,1,3,Regulier,1,2
11761,2001-09-09,20:00,2024,1986,Regulier,6,0
11762,2001-09-09,20:00,282,7,Regulier,0,1
11763,2001-09-09,20:00,224,22,Regulier,0,1
11764,2001-09-09,20:00,2300,90,Regulier,0,4
11765,2001-09-09,20:00,35,322,Regulier,3,3
11766,2001-09-09,20:00,94,30,Regulier,0,0
11767,2001-09-09,20:00,373,16,Regulier,1,1
11768,2001-09-09,20:00,47,3530,Regulier,2,2
11769,2001-09-16,15:00,90,1,Regulier,0,0
11770,2001-09-16,18:00,30,35,Regulier,2,0
11771,2001-09-16,18:00,3,94,Regulier,2,1
11772,2001-09-16,20:00,47,373,Regulier,1,2
11773,2001-09-16,20:00,22,2024,Regulier,4,2
11774,2001-09-16,20:00,3530,322,Regulier,1,1
11775,2001-09-16,20:00,1986,282,Regulier,3,4
11776,2001-09-16,20:00,16,224,Regulier,2,1
11777,2001-09-16,20:00,7,2300,Regulier,2,1
11778,2001-09-23,15:00,2300,1986,Regulier,0,2
11779,2001-09-23,20:00,322,30,Regulier,4,2
11780,2001-09-23,20:00,373,3530,Regulier,2,2
11781,2001-09-23,20:00,224,47,Regulier,4,1
11782,2001-09-23,20:00,282,22,Regulier,1,0
11783,2001-09-23,20:00,2024,16,Regulier,1,2
11784,2001-09-23,20:00,94,90,Regulier,1,3
11785,2001-09-23,20:00,1,7,Regulier,2,3
11786,2001-09-23,20:30,35,3,Regulier,1,0
11787,2001-09-30,15:00,90,35,Regulier,1,5
11788,2001-09-30,15:00,3,322,Regulier,1,2
11789,2001-09-30,20:00,47,2024,Regulier,0,1
11790,2001-09-30,20:00,373,224,Regulier,1,2
11791,2001-09-30,20:00,1986,1,Regulier,2,2
11792,2001-09-30,20:00,7,94,Regulier,2,1
11793,2001-09-30,20:00,3530,30,Regulier,2,0
11794,2001-09-30,20:00,22,2300,Regulier,1,1
11795,2001-09-30,20:00,16,282,Regulier,0,2
11796,2001-10-10,20:00,35,7,Regulier,2,0
11797,2001-10-10,20:00,224,3530,Regulier,3,1
11798,2001-10-10,20:00,322,90,Regulier,5,0
11799,2001-10-10,20:00,2300,16,Regulier,1,1
11800,2001-10-10,20:00,1,22,Regulier,2,0
11801,2001-10-10,20:00,94,1986,Regulier,0,0
11802,2001-10-10,20:00,2024,373,Regulier,0,0
11803,2001-10-10,20:00,30,3,Regulier,0,2
11804,2001-10-10,20:00,282,47,Regulier,4,0
11805,2001-10-14,15:00,90,30,Regulier,0,2
11806,2001-10-14,15:00,3530,3,Regulier,1,2
11807,2001-10-14,20:00,22,94,Regulier,2,1
11808,2001-10-14,20:00,16,1,Regulier,4,2
11809,2001-10-14,20:00,373,282,Regulier,1,0
11810,2001-10-14,20:00,7,322,Regulier,0,0
11811,2001-10-14,20:00,47,2300,Regulier,3,0
11812,2001-10-14,20:00,1986,35,Regulier,2,2
11813,2001-10-14,20:00,224,2024,Regulier,1,2
11814,2001-10-20,20:00,35,22,Regulier,2,1
11815,2001-10-20,20:00,1,47,Regulier,1,2
11816,2001-10-20,20:00,282,224,Regulier,2,1
11817,2001-10-20,20:00,322,1986,Regulier,4,2
11818,2001-10-21,15:00,30,7,Regulier,1,2
11819,2001-10-21,15:00,2300,373,Regulier,3,2
11820,2001-10-21,15:00,3,90,Regulier,3,0
11821,2001-10-21,20:00,2024,3530,Regulier,1,2
11822,2001-10-21,20:00,94,16,Regulier,3,1
11823,2001-10-27,18:00,16,35,Regulier,1,0
11824,2001-10-27,20:00,47,94,Regulier,1,0
11825,2001-10-27,20:00,2024,282,Regulier,0,1
11826,2001-10-27,20:00,3530,90,Regulier,4,0
11827,2001-10-27,20:00,22,322,Regulier,0,3
11828,2001-10-27,20:00,373,1,Regulier,3,1
11829,2001-10-28,13:00,7,3,Regulier,2,2
11830,2001-10-28,15:00,224,2300,Regulier,3,0
11831,2001-10-28,15:00,1986,30,Regulier,2,2
11832,2001-11-03,20:00,30,22,Regulier,1,2
11833,2001-11-03,20:00,35,47,Regulier,2,2
11834,2001-11-03,20:00,1,224,Regulier,2,1
11835,2001-11-03,20:00,2300,2024,Regulier,1,1
11836,2001-11-03,20:00,282,3530,Regulier,3,2
11837,2001-11-04,15:00,94,373,Regulier,1,0
11838,2001-11-04,15:00,3,1986,Regulier,3,1
11839,2001-11-04,15:00,90,7,Regulier,1,3
11840,2001-11-04,20:00,322,16,Regulier,1,1
11841,2001-11-24,20:00,224,94,Regulier,2,0
11842,2001-11-24,20:00,1986,90,Regulier,1,1
11843,2001-11-24,20:00,2024,1,Regulier,2,1
11844,2001-11-24,20:00,373,35,Regulier,0,2
11845,2001-11-24,20:00,3530,7,Regulier,3,2
11846,2001-11-24,20:00,282,2300,Regulier,1,0
11847,2001-11-24,20:00,16,30,Regulier,2,1
11848,2001-11-25,15:00,47,322,Regulier,2,5
11849,2001-11-25,20:00,22,3,Regulier,0,4
11850,2001-11-30,20:00,322,373,Regulier,2,2
11851,2001-12-01,20:00,7,1986,Regulier,0,0
11852,2001-12-01,20:00,2300,3530,Regulier,1,1
11853,2001-12-01,20:00,35,224,Regulier,4,2
11854,2001-12-01,20:00,1,282,Regulier,1,1
11855,2001-12-01,20:00,94,2024,Regulier,3,3
11856,2001-12-01,20:00,30,47,Regulier,1,2
11857,2001-12-02,15:00,90,22,Regulier,1,1
11858,2001-12-02,20:00,3,16,Regulier,1,3
11859,2001-12-08,20:00,2300,1,Regulier,2,3
11860,2001-12-08,20:00,3530,1986,Regulier,3,0
11861,2001-12-08,20:00,282,94,Regulier,2,2
11862,2001-12-08,20:00,373,30,Regulier,0,2
11863,2001-12-08,20:00,224,322,Regulier,2,4
11864,2001-12-08,20:00,16,90,Regulier,2,0
11865,2001-12-08,20:00,2024,35,Regulier,1,2
11866,2001-12-08,20:00,22,7,Regulier,0,3
11867,2001-12-09,15:00,47,3,Regulier,2,3
11868,2001-12-16,14:00,3530,1,Regulier,2,0
11869,2001-12-16,20:00,1986,22,Regulier,5,1
11870,2001-12-16,20:00,7,16,Regulier,2,5
11871,2001-12-16,20:00,94,2300,Regulier,3,2
11872,2001-12-16,20:00,322,2024,Regulier,2,0
11873,2001-12-16,20:00,35,282,Regulier,0,0
11874,2001-12-16,20:00,3,373,Regulier,2,0
11875,2001-12-16,20:00,90,47,Regulier,2,4
11876,2001-12-16,20:00,30,224,Regulier,3,3
11877,2001-12-18,20:00,224,3,Regulier,2,0
11878,2001-12-18,20:00,2300,35,Regulier,1,4
11879,2001-12-19,20:00,1,94,Regulier,0,0
11880,2001-12-19,20:00,2024,30,Regulier,5,4
11881,2001-12-19,20:00,22,3530,Regulier,1,0
11882,2001-12-19,20:00,16,1986,Regulier,2,1
11883,2001-12-19,20:00,373,90,Regulier,3,1
11884,2001-12-19,20:00,282,322,Regulier,2,2
11885,2001-12-19,20:00,47,7,Regulier,0,1
11886,2002-01-11,20:30,94,3530,Regulier,1,1
11887,2002-01-12,20:00,373,7,Regulier,0,1
11888,2002-01-12,20:00,224,90,Regulier,6,1
11889,2002-01-12,20:00,282,30,Regulier,2,1
11890,2002-01-12,20:00,2300,322,Regulier,1,6
11891,2002-01-12,20:00,47,1986,Regulier,0,1
11892,2002-01-12,20:00,2024,3,Regulier,1,4
11893,2002-01-13,14:00,1,35,Regulier,2,2
11894,2002-01-13,20:00,16,22,Regulier,6,0
11895,2002-01-19,20:00,7,224,Regulier,1,1
11896,2002-01-19,20:00,22,47,Regulier,3,1
11897,2002-01-19,20:00,35,94,Regulier,5,2
11898,2002-01-19,20:00,1986,373,Regulier,0,1
11899,2002-01-19,20:00,322,1,Regulier,2,1
11900,2002-01-20,15:00,90,2024,Regulier,0,1
11901,2002-01-20,15:00,30,2300,Regulier,3,3
11902,2002-01-20,15:00,3,282,Regulier,2,4
11903,2002-01-20,20:30,3530,16,Regulier,2,2
11904,2002-01-25,20:30,35,3530,Regulier,1,0
11905,2002-01-26,20:00,373,22,Regulier,2,1
11906,2002-01-26,20:00,1,30,Regulier,1,4
11907,2002-01-26,20:00,282,90,Regulier,1,0
11908,2002-01-26,20:00,2300,3,Regulier,0,4
11909,2002-01-26,20:00,94,322,Regulier,0,0
11910,2002-01-26,20:00,2024,7,Regulier,3,1
11911,2002-01-27,13:00,47,16,Regulier,2,1
11912,2002-01-27,15:00,224,1986,Regulier,1,0
11913,2002-02-02,20:00,1986,2024,Regulier,3,0
11914,2002-02-02,20:00,3530,47,Regulier,2,2
11915,2002-02-02,20:00,16,373,Regulier,1,3
11916,2002-02-02,20:00,22,224,Regulier,0,2
11917,2002-02-02,20:00,7,282,Regulier,1,1
11918,2002-02-03,15:00,90,2300,Regulier,0,1
11919,2002-02-03,15:00,30,94,Regulier,0,1
11920,2002-02-03,15:00,3,1,Regulier,4,1
11921,2002-02-03,20:00,322,35,Regulier,1,1
11922,2002-02-09,20:00,94,3,Regulier,1,2
11923,2002-02-09,20:00,1,90,Regulier,2,0
11924,2002-02-09,20:00,2300,7,Regulier,2,2
11925,2002-02-09,20:00,35,30,Regulier,7,1
11926,2002-02-09,20:00,322,3530,Regulier,4,4
11927,2002-02-09,20:00,282,1986,Regulier,1,0
11928,2002-02-10,15:00,373,47,Regulier,1,2
11929,2002-02-10,15:00,2024,22,Regulier,3,3
11930,2002-02-10,20:00,224,16,Regulier,2,0
11931,2002-02-16,20:00,3530,373,Regulier,1,0
11932,2002-02-16,20:00,22,282,Regulier,1,0
11933,2002-02-16,20:00,30,322,Regulier,1,2
11934,2002-02-16,20:00,47,224,Regulier,1,1
11935,2002-02-16,20:00,1986,2300,Regulier,3,1
11936,2002-02-17,15:00,16,2024,Regulier,2,2
11937,2002-02-17,15:00,7,1,Regulier,3,3
11938,2002-02-17,15:00,90,94,Regulier,0,0
11939,2002-02-17,20:00,3,35,Regulier,1,0
11940,2002-02-22,20:30,94,7,Regulier,3,1
11941,2002-02-23,20:00,282,16,Regulier,1,1
11942,2002-02-23,20:00,224,373,Regulier,3,0
11943,2002-02-23,20:00,30,3530,Regulier,1,1
11944,2002-02-23,20:00,35,90,Regulier,3,1
11945,2002-02-23,20:00,2300,22,Regulier,1,1
11946,2002-02-23,20:00,1,1986,Regulier,3,3
11947,2002-02-24,15:00,2024,47,Regulier,4,0
11948,2002-02-24,20:00,322,3,Regulier,3,2
11949,2002-03-02,20:00,16,2300,Regulier,4,1
11950,2002-03-02,20:00,22,1,Regulier,5,0
11951,2002-03-02,20:00,1986,94,Regulier,3,0
11952,2002-03-02,20:00,3530,224,Regulier,2,2
11953,2002-03-02,20:00,47,282,Regulier,1,0
11954,2002-03-02,20:00,373,2024,Regulier,2,0
11955,2002-03-03,13:00,7,35,Regulier,2,2
11956,2002-03-03,15:00,90,322,Regulier,0,0
11957,2002-03-03,15:00,3,30,Regulier,3,1
11958,2002-03-08,20:00,322,7,Regulier,2,1
11959,2002-03-08,20:30,94,22,Regulier,2,1
11960,2002-03-09,20:00,282,373,Regulier,0,1
11961,2002-03-09,20:00,30,90,Regulier,3,1
11962,2002-03-09,20:00,2024,224,Regulier,0,2
11963,2002-03-09,20:00,2300,47,Regulier,1,3
11964,2002-03-09,20:00,35,1986,Regulier,2,0
11965,2002-03-10,15:00,3,3530,Regulier,3,2
11966,2002-03-10,15:00,1,16,Regulier,0,0
11967,2002-03-16,18:00,22,35,Regulier,1,1
11968,2002-03-16,20:00,16,94,Regulier,1,2
11969,2002-03-16,20:00,3530,2024,Regulier,1,1
11970,2002-03-16,20:00,1986,322,Regulier,1,5
11971,2002-03-16,20:00,224,282,Regulier,4,0
11972,2002-03-16,20:00,7,30,Regulier,2,3
11973,2002-03-17,15:00,373,2300,Regulier,4,2
11974,2002-03-17,15:00,47,1,Regulier,2,0
11975,2002-03-17,20:00,90,3,Regulier,1,1
11976,2002-03-22,20:30,35,16,Regulier,0,0
11977,2002-03-23,20:00,2300,224,Regulier,0,1
11978,2002-03-23,20:00,322,22,Regulier,3,2
11979,2002-03-23,20:00,30,1986,Regulier,6,3
11980,2002-03-23,20:00,282,2024,Regulier,2,0
11981,2002-03-23,20:00,1,373,Regulier,4,1
11982,2002-03-24,15:00,3,7,Regulier,0,1
11983,2002-03-24,15:00,90,3530,Regulier,3,3
11984,2002-03-24,20:00,94,47,Regulier,1,0
11985,2002-03-30,18:00,16,322,Regulier,2,0
11986,2002-03-30,19:30,224,1,Regulier,5,1
11987,2002-03-30,20:00,1986,3,Regulier,0,2
11988,2002-03-30,20:00,22,30,Regulier,3,1
11989,2002-03-30,20:00,2024,2300,Regulier,1,0
11990,2002-03-30,20:00,373,94,Regulier,1,0
11991,2002-03-30,20:00,7,90,Regulier,2,2
11992,2002-03-30,20:00,3530,282,Regulier,0,0
11993,2002-03-31,20:00,47,35,Regulier,2,3
11994,2002-04-05,20:30,3,22,Regulier,1,0
11995,2002-04-06,20:00,30,16,Regulier,1,1
11996,2002-04-06,20:00,35,373,Regulier,0,2
11997,2002-04-06,20:00,94,224,Regulier,1,0
11998,2002-04-06,20:00,322,47,Regulier,2,0
11999,2002-04-06,20:00,2300,282,Regulier,0,2
12000,2002-04-06,20:00,7,3530,Regulier,1,1
12001,2002-04-06,20:00,1,2024,Regulier,1,1
12002,2002-04-07,15:00,90,1986,Regulier,0,1
12003,2002-04-12,20:00,16,3,Regulier,1,1
12004,2002-04-13,20:00,47,30,Regulier,1,0
12005,2002-04-13,20:00,22,90,Regulier,2,1
12006,2002-04-13,20:00,2024,94,Regulier,0,1
12007,2002-04-13,20:00,1986,7,Regulier,2,4
12008,2002-04-13,20:00,3530,2300,Regulier,4,1
12009,2002-04-13,20:00,373,322,Regulier,0,1
12010,2002-04-14,15:00,282,1,Regulier,0,0
12011,2002-04-14,20:00,224,35,Regulier,1,1
12012,2002-04-20,20:00,35,2024,Regulier,3,3
12013,2002-04-20,20:00,30,373,Regulier,0,2
12014,2002-04-20,20:00,7,22,Regulier,3,0
12015,2002-04-20,20:00,1,2300,Regulier,4,0
12016,2002-04-20,20:00,94,282,Regulier,0,1
12017,2002-04-20,20:00,1986,3530,Regulier,2,2
12018,2002-04-21,15:00,3,47,Regulier,1,1
12019,2002-04-21,15:00,90,16,Regulier,1,2
12020,2002-04-21,20:00,322,224,Regulier,3,1
12021,2002-04-27,20:00,22,1986,Regulier,1,3
12022,2002-04-28,15:00,282,35,Regulier,0,1
12023,2002-04-28,15:00,47,90,Regulier,4,3
12024,2002-04-28,15:00,373,3,Regulier,5,3
12025,2002-04-28,15:00,16,7,Regulier,0,1
12026,2002-04-28,15:00,2300,94,Regulier,0,3
12027,2002-04-28,15:00,1,3530,Regulier,2,3
12028,2002-04-28,15:00,2024,322,Regulier,0,0
12029,2002-04-28,15:00,224,30,Regulier,2,0
12030,2002-05-04,20:00,94,1,Regulier,3,0
12031,2002-05-04,20:00,3530,22,Regulier,4,1
12032,2002-05-05,15:00,90,373,Regulier,1,1
12033,2002-05-05,15:00,30,2024,Regulier,4,1
12034,2002-05-05,15:00,1986,16,Regulier,1,1
12035,2002-05-05,15:00,7,47,Regulier,3,5
12036,2002-05-05,15:00,3,224,Regulier,2,0
12037,2002-05-05,15:00,322,282,Regulier,3,3
12038,2002-05-05,15:00,35,2300,Regulier,3,0
12039,2002-08-11,20:00,2300,44,Regulier,3,0
12040,2002-08-11,20:00,3530,373,Regulier,3,2
12041,2002-08-11,20:00,7,1,Regulier,0,0
12042,2002-08-11,20:00,2024,35,Regulier,0,2
12043,2002-08-11,20:00,25,22,Regulier,1,0
12044,2002-08-11,20:00,322,282,Regulier,2,3
12045,2002-08-11,20:00,94,3,Regulier,1,2
12046,2002-08-11,20:30,16,224,Regulier,0,3
12047,2002-08-18,15:00,224,7,Regulier,2,1
12048,2002-08-18,18:00,1,322,Regulier,2,4
12049,2002-08-18,20:00,44,2024,Regulier,2,1
12050,2002-08-18,20:00,3,2300,Regulier,3,0
12051,2002-08-18,20:00,282,3530,Regulier,3,1
12052,2002-08-18,20:00,35,25,Regulier,4,1
12053,2002-08-18,20:00,22,16,Regulier,3,3
12054,2002-08-18,20:00,30,94,Regulier,1,1
12055,2002-08-25,15:00,94,373,Regulier,1,2
12056,2002-08-25,18:00,16,35,Regulier,0,2
12057,2002-08-25,20:00,30,2300,Regulier,5,0
12058,2002-08-25,20:00,7,22,Regulier,2,1
12059,2002-08-25,20:00,1,224,Regulier,3,1
12060,2002-08-25,20:00,2024,3,Regulier,0,2
12061,2002-08-25,20:00,25,44,Regulier,0,0
12062,2002-08-25,20:30,322,3530,Regulier,5,2
12063,2002-09-01,18:00,35,7,Regulier,2,2
12064,2002-09-01,20:00,30,2024,Regulier,0,1
12065,2002-09-01,20:00,44,16,Regulier,1,0
12066,2002-09-01,20:00,373,2300,Regulier,6,1
12067,2002-09-01,20:00,22,1,Regulier,1,1
12068,2002-09-01,20:00,224,322,Regulier,3,3
12069,2002-09-01,20:00,3,25,Regulier,4,0
12070,2002-09-01,20:00,282,94,Regulier,1,1
12071,2002-09-15,15:00,94,3530,Regulier,1,1
12072,2002-09-15,15:00,1,35,Regulier,2,1
12073,2002-09-15,20:00,7,44,Regulier,2,1
12074,2002-09-15,20:00,224,22,Regulier,6,0
12075,2002-09-15,20:00,25,30,Regulier,0,2
12076,2002-09-15,20:00,2024,373,Regulier,0,3
12077,2002-09-15,20:00,2300,282,Regulier,0,1
12078,2002-09-15,20:30,16,3,Regulier,1,2
12079,2002-09-22,15:00,282,2024,Regulier,4,0
12080,2002-09-22,18:00,3,7,Regulier,1,0
12081,2002-09-22,20:00,3530,2300,Regulier,2,1
12082,2002-09-22,20:00,44,1,Regulier,3,0
12083,2002-09-22,20:00,35,224,Regulier,6,3
12084,2002-09-22,20:00,373,25,Regulier,5,1
12085,2002-09-22,20:00,30,16,Regulier,2,0
12086,2002-09-22,20:00,22,322,Regulier,0,0
12087,2002-09-29,15:00,25,282,Regulier,2,3
12088,2002-09-29,20:00,7,30,Regulier,1,3
12089,2002-09-29,20:00,22,35,Regulier,1,3
12090,2002-09-29,20:00,1,3,Regulier,2,2
12091,2002-09-29,20:00,2024,3530,Regulier,2,1
12092,2002-09-29,20:00,224,44,Regulier,0,5
12093,2002-09-29,20:00,322,94,Regulier,1,0
12094,2002-09-29,20:00,16,373,Regulier,2,2
12095,2002-10-06,15:00,3,224,Regulier,5,0
12096,2002-10-06,20:00,282,16,Regulier,3,3
12097,2002-10-06,20:00,44,22,Regulier,4,1
12098,2002-10-06,20:00,373,7,Regulier,6,4
12099,2002-10-06,20:00,35,322,Regulier,1,1
12100,2002-10-06,20:00,30,1,Regulier,3,1
12101,2002-10-06,20:00,3530,25,Regulier,2,2
12102,2002-10-06,20:30,94,2300,Regulier,2,1
12103,2002-10-20,15:00,2024,94,Regulier,0,3
12104,2002-10-20,20:00,22,3,Regulier,2,3
12105,2002-10-20,20:00,16,3530,Regulier,2,1
12106,2002-10-20,20:00,35,44,Regulier,2,1
12107,2002-10-20,20:00,1,373,Regulier,1,3
12108,2002-10-20,20:00,322,2300,Regulier,4,0
12109,2002-10-20,20:00,7,282,Regulier,2,3
12110,2002-10-20,20:00,224,30,Regulier,1,1
12111,2002-10-26,18:00,44,322,Regulier,1,2
12112,2002-10-26,20:00,3530,7,Regulier,2,1
12113,2002-10-26,20:00,30,22,Regulier,2,1
12114,2002-10-26,20:00,2300,2024,Regulier,2,1
12115,2002-10-27,15:00,3,35,Regulier,2,1
12116,2002-10-27,20:00,373,224,Regulier,2,2
12117,2002-10-27,20:00,94,25,Regulier,1,1
12118,2002-10-27,20:00,282,1,Regulier,2,1
12119,2002-11-02,18:00,44,3,Regulier,1,2
12120,2002-11-02,20:00,16,94,Regulier,1,0
12121,2002-11-02,20:00,22,373,Regulier,2,2
12122,2002-11-02,20:00,224,282,Regulier,1,1
12123,2002-11-03,13:15,1,3530,Regulier,5,3
12124,2002-11-03,15:00,322,2024,Regulier,1,1
12125,2002-11-03,15:00,25,2300,Regulier,0,2
12126,2002-11-03,20:00,35,30,Regulier,1,2
12127,2002-11-08,20:00,373,35,Regulier,3,1
12128,2002-11-09,15:00,3,322,Regulier,4,0
12129,2002-11-09,20:00,94,7,Regulier,0,1
12130,2002-11-09,20:00,3530,224,Regulier,0,2
12131,2002-11-09,20:00,2024,25,Regulier,2,0
12132,2002-11-09,20:00,282,22,Regulier,4,1
12133,2002-11-10,15:00,2300,16,Regulier,1,3
12134,2002-11-10,15:00,30,44,Regulier,1,1
12135,2002-11-22,20:30,35,282,Regulier,2,0
12136,2002-11-23,20:00,322,25,Regulier,9,0
12137,2002-11-23,20:00,3,30,Regulier,3,0
12138,2002-11-23,20:00,44,373,Regulier,3,0
12139,2002-11-23,20:00,16,2024,Regulier,3,0
12140,2002-11-23,20:00,22,3530,Regulier,1,6
12141,2002-11-23,20:00,1,94,Regulier,2,1
12142,2002-11-24,15:00,7,2300,Regulier,2,1
12143,2002-11-30,20:00,2300,1,Regulier,3,1
12144,2002-11-30,20:00,2024,7,Regulier,1,0
12145,2002-11-30,20:00,94,224,Regulier,2,0
12146,2002-11-30,20:00,282,44,Regulier,4,0
12147,2002-11-30,20:00,25,16,Regulier,1,1
12148,2002-12-01,14:00,3530,35,Regulier,1,2
12149,2002-12-01,20:00,373,3,Regulier,5,2
12150,2002-12-01,20:00,30,322,Regulier,1,1
12151,2002-12-04,20:30,3,282,Regulier,5,0
12152,2002-12-07,20:00,1,2024,Regulier,1,2
12153,2002-12-07,20:00,224,2300,Regulier,0,0
12154,2002-12-07,20:00,22,94,Regulier,1,1
12155,2002-12-08,15:00,7,25,Regulier,2,0
12156,2002-12-08,15:00,30,373,Regulier,0,2
12157,2002-12-08,15:00,44,3530,Regulier,2,1
12158,2002-12-08,20:00,322,16,Regulier,1,5
12159,2002-12-13,20:00,373,322,Regulier,0,1
12160,2002-12-14,20:00,282,30,Regulier,1,1
12161,2002-12-14,20:00,25,1,Regulier,0,2
12162,2002-12-15,14:00,3530,3,Regulier,1,3
12163,2002-12-15,15:00,16,7,Regulier,4,1
12164,2002-12-15,15:00,2024,224,Regulier,1,2
12165,2002-12-15,15:00,2300,22,Regulier,3,0
12166,2002-12-15,19:30,94,35,Regulier,1,2
12167,2002-12-21,20:00,224,25,Regulier,3,1
12168,2002-12-21,20:00,373,282,Regulier,2,0
12169,2002-12-21,20:00,7,322,Regulier,2,0
12170,2002-12-21,20:00,30,3530,Regulier,2,1
12171,2002-12-21,20:00,44,94,Regulier,1,3
12172,2002-12-21,20:00,22,2024,Regulier,1,0
12173,2002-12-21,20:00,35,2300,Regulier,7,1
12174,2002-12-22,14:00,1,16,Regulier,1,1
12175,2003-01-17,20:00,224,16,Regulier,0,1
12176,2003-01-18,20:00,373,3530,Regulier,1,1
12177,2003-01-18,20:00,1,7,Regulier,1,4
12178,2003-01-18,20:00,3,94,Regulier,3,0
12179,2003-01-19,15:00,22,25,Regulier,3,0
12180,2003-01-19,15:00,35,2024,Regulier,0,2
12181,2003-01-19,15:00,44,2300,Regulier,4,1
12182,2003-01-19,20:00,282,322,Regulier,4,1
12183,2003-01-25,20:00,7,224,Regulier,2,0
12184,2003-01-25,20:00,94,30,Regulier,0,3
12185,2003-01-25,20:00,2300,3,Regulier,2,7
12186,2003-01-25,20:00,2024,44,Regulier,2,0
12187,2003-01-25,20:00,25,35,Regulier,0,2
12188,2003-01-26,15:00,16,22,Regulier,3,0
12189,2003-01-26,15:00,322,1,Regulier,2,0
12190,2003-01-26,20:00,3530,282,Regulier,0,1
12191,2003-02-02,15:00,224,1,Regulier,1,0
12192,2003-02-02,15:00,44,25,Regulier,2,0
12193,2003-02-02,15:00,22,7,Regulier,1,2
12194,2003-02-02,20:00,35,16,Regulier,2,1
12195,2003-02-02,20:00,2300,30,Regulier,7,1
12196,2003-02-02,20:30,373,94,Regulier,2,1
12197,2003-02-02,20:30,3530,322,Regulier,2,1
12198,2003-02-02,20:30,3,2024,Regulier,3,0
12199,2003-02-07,20:30,322,224,Regulier,5,4
12200,2003-02-08,20:00,94,282,Regulier,2,4
12201,2003-02-08,20:00,1,22,Regulier,3,1
12202,2003-02-08,20:00,25,3,Regulier,0,8
12203,2003-02-08,20:00,2024,30,Regulier,1,2
12204,2003-02-09,13:00,7,35,Regulier,0,2
12205,2003-02-09,15:00,2300,373,Regulier,2,1
12206,2003-02-09,15:00,16,44,Regulier,0,0
12207,2003-02-15,15:00,3,16,Regulier,4,2
12208,2003-02-15,20:00,3530,94,Regulier,2,0
12209,2003-02-15,20:00,282,2300,Regulier,1,2
12210,2003-02-15,20:00,30,25,Regulier,3,0
12211,2003-02-15,20:00,44,7,Regulier,0,1
12212,2003-02-15,20:00,373,2024,Regulier,1,0
12213,2003-02-16,15:00,22,224,Regulier,5,0
12214,2003-02-16,15:00,35,1,Regulier,4,1
12215,2003-02-22,20:00,2300,3530,Regulier,3,1
12216,2003-02-22,20:00,16,30,Regulier,1,1
12217,2003-02-22,20:00,322,22,Regulier,3,0
12218,2003-02-22,20:00,2024,282,Regulier,1,3
12219,2003-02-22,20:00,1,44,Regulier,0,1
12220,2003-02-22,20:00,25,373,Regulier,0,0
12221,2003-02-23,13:00,7,3,Regulier,1,4
12222,2003-02-23,20:00,224,35,Regulier,1,0
12223,2003-02-28,20:30,94,322,Regulier,2,2
12224,2003-02-28,20:30,373,16,Regulier,0,1
12225,2003-03-01,20:00,3530,2024,Regulier,1,1
12226,2003-03-01,20:00,30,7,Regulier,2,1
12227,2003-03-01,20:00,44,224,Regulier,2,0
12228,2003-03-02,15:00,3,1,Regulier,1,0
12229,2003-03-02,15:00,282,25,Regulier,5,0
12230,2003-03-02,20:00,35,22,Regulier,2,0
12231,2003-03-07,20:30,16,282,Regulier,1,2
12232,2003-03-08,20:00,1,30,Regulier,2,2
12233,2003-03-08,20:00,22,44,Regulier,2,1
12234,2003-03-08,20:00,7,373,Regulier,3,0
12235,2003-03-08,20:00,25,3530,Regulier,2,0
12236,2003-03-08,20:00,224,3,Regulier,0,4
12237,2003-03-09,15:00,2300,94,Regulier,0,3
12238,2003-03-09,20:00,322,35,Regulier,0,1
12239,2003-03-15,20:00,373,1,Regulier,1,0
12240,2003-03-15,20:00,2300,322,Regulier,1,4
12241,2003-03-15,20:00,282,7,Regulier,5,1
12242,2003-03-15,20:00,3,22,Regulier,1,2
12243,2003-03-16,15:00,3530,16,Regulier,0,1
12244,2003-03-16,15:00,94,2024,Regulier,0,0
12245,2003-03-16,15:00,30,224,Regulier,1,0
12246,2003-03-16,20:00,44,35,Regulier,1,2
12247,2003-03-22,20:00,322,44,Regulier,2,0
12248,2003-03-22,20:00,1,282,Regulier,1,2
12249,2003-03-22,20:00,7,3530,Regulier,1,0
12250,2003-03-22,20:00,22,30,Regulier,0,1
12251,2003-03-22,20:00,224,373,Regulier,1,2
12252,2003-03-23,15:00,2024,2300,Regulier,2,0
12253,2003-03-23,15:00,25,94,Regulier,0,1
12254,2003-03-23,20:00,35,3,Regulier,5,1
12255,2003-04-05,20:00,94,16,Regulier,0,2
12256,2003-04-05,20:00,2024,322,Regulier,3,1
12257,2003-04-05,20:00,3,44,Regulier,4,2
12258,2003-04-05,20:00,2300,25,Regulier,6,0
12259,2003-04-05,20:00,282,224,Regulier,3,2
12260,2003-04-06,15:00,3530,1,Regulier,1,1
12261,2003-04-06,15:00,373,22,Regulier,2,1
12262,2003-04-06,20:00,30,35,Regulier,0,1
12263,2003-04-18,20:30,322,3,Regulier,0,3
12264,2003-04-19,20:00,25,2024,Regulier,0,4
12265,2003-04-19,20:00,44,30,Regulier,2,1
12266,2003-04-19,20:00,35,373,Regulier,2,0
12267,2003-04-19,20:00,7,94,Regulier,3,2
12268,2003-04-20,15:00,224,3530,Regulier,1,6
12269,2003-04-20,15:00,16,2300,Regulier,2,0
12270,2003-04-20,20:00,22,282,Regulier,4,3
12271,2003-04-25,20:30,30,3,Regulier,1,1
12272,2003-04-26,20:00,2024,16,Regulier,2,3
12273,2003-04-26,20:00,25,322,Regulier,2,6
12274,2003-04-26,20:00,94,1,Regulier,1,1
12275,2003-04-26,20:00,3530,22,Regulier,1,1
12276,2003-04-27,15:00,373,44,Regulier,3,4
12277,2003-04-27,15:00,2300,7,Regulier,0,3
12278,2003-04-27,20:00,282,35,Regulier,0,5
12279,2003-05-03,18:00,3,373,Regulier,1,1
12280,2003-05-03,20:00,1,2300,Regulier,3,1
12281,2003-05-03,20:00,7,2024,Regulier,3,2
12282,2003-05-03,20:00,322,30,Regulier,5,2
12283,2003-05-03,20:00,224,94,Regulier,1,0
12284,2003-05-03,20:00,16,25,Regulier,0,0
12285,2003-05-04,15:00,35,3530,Regulier,4,0
12286,2003-05-04,20:00,44,282,Regulier,0,0
12287,2003-05-10,20:00,94,22,Regulier,2,2
12288,2003-05-10,20:00,25,7,Regulier,1,0
12289,2003-05-10,20:00,373,30,Regulier,2,1
12290,2003-05-10,20:00,2024,1,Regulier,2,1
12291,2003-05-10,20:00,16,322,Regulier,0,1
12292,2003-05-11,15:00,2300,224,Regulier,3,0
12293,2003-05-11,15:00,3530,44,Regulier,4,0
12294,2003-05-11,20:00,282,3,Regulier,2,5
12295,2003-05-16,20:30,1,25,Regulier,2,0
12296,2003-05-17,20:00,30,282,Regulier,2,1
12297,2003-05-17,20:00,35,94,Regulier,1,0
12298,2003-05-17,20:00,22,2300,Regulier,0,0
12299,2003-05-17,20:00,224,2024,Regulier,0,4
12300,2003-05-17,20:00,322,373,Regulier,2,2
12301,2003-05-18,15:00,3,3530,Regulier,1,1
12302,2003-05-18,15:00,7,16,Regulier,0,5
12303,2003-05-24,20:00,322,7,Regulier,3,1
12304,2003-05-24,20:00,2024,22,Regulier,1,1
12305,2003-05-24,20:00,94,44,Regulier,1,0
12306,2003-05-24,20:00,25,224,Regulier,3,2
12307,2003-05-25,15:00,3530,30,Regulier,1,2
12308,2003-05-25,15:00,16,1,Regulier,1,3
12309,2003-05-25,15:00,2300,35,Regulier,5,0
12310,2003-05-25,20:00,282,373,Regulier,0,0
12311,2003-08-10,15:00,2300,7,Regulier,2,4
12312,2003-08-10,15:00,2614,12,Regulier,0,0
12313,2003-08-10,20:00,35,1,Regulier,3,1
12314,2003-08-10,20:00,3530,44,Regulier,1,0
12315,2003-08-10,20:00,22,30,Regulier,0,1
12316,2003-08-10,20:00,2024,94,Regulier,0,0
12317,2003-08-10,20:00,282,373,Regulier,0,0
12318,2003-08-10,20:00,224,16,Regulier,2,2
12319,2003-08-10,20:30,3,322,Regulier,1,0
12320,2003-08-17,15:00,44,224,Regulier,3,3
12321,2003-08-17,15:00,12,3,Regulier,0,2
12322,2003-08-17,18:00,7,35,Regulier,1,3
12323,2003-08-17,20:00,1,2024,Regulier,2,1
12324,2003-08-17,20:00,322,22,Regulier,2,0
12325,2003-08-17,20:00,30,3530,Regulier,0,0
12326,2003-08-17,20:00,94,2614,Regulier,2,0
12327,2003-08-17,20:00,2300,373,Regulier,1,4
12328,2003-08-17,20:00,16,282,Regulier,1,0
12329,2003-08-24,15:00,22,12,Regulier,0,0
12330,2003-08-24,15:00,3530,322,Regulier,2,2
12331,2003-08-24,18:00,35,373,Regulier,3,0
12332,2003-08-24,20:00,16,44,Regulier,4,0
12333,2003-08-24,20:00,224,30,Regulier,1,1
12334,2003-08-24,20:00,2024,7,Regulier,2,2
12335,2003-08-24,20:00,3,94,Regulier,3,3
12336,2003-08-24,20:00,282,2300,Regulier,1,2
12337,2003-08-24,20:30,2614,1,Regulier,0,0
12338,2003-08-31,15:00,322,224,Regulier,2,0
12339,2003-08-31,15:00,7,2614,Regulier,2,0
12340,2003-08-31,20:00,94,22,Regulier,0,0
12341,2003-08-31,20:00,44,282,Regulier,1,1
12342,2003-08-31,20:00,373,2024,Regulier,0,0
12343,2003-08-31,20:00,1,3,Regulier,0,4
12344,2003-08-31,20:00,35,2300,Regulier,1,0
12345,2003-08-31,20:00,12,3530,Regulier,1,0
12346,2003-08-31,20:30,30,16,Regulier,0,1
12347,2003-09-14,13:00,16,322,Regulier,0,2
12348,2003-09-14,15:00,44,30,Regulier,1,3
12349,2003-09-14,15:00,224,12,Regulier,4,0
12350,2003-09-14,18:00,282,35,Regulier,0,6
12351,2003-09-14,20:00,2024,2300,Regulier,3,2
12352,2003-09-14,20:00,22,1,Regulier,0,1
12353,2003-09-14,20:00,3,7,Regulier,1,1
12354,2003-09-14,20:00,3530,94,Regulier,0,0
12355,2003-09-14,20:30,2614,373,Regulier,0,1
12356,2003-09-21,15:00,30,282,Regulier,2,1
12357,2003-09-21,15:00,1,3530,Regulier,0,4
12358,2003-09-21,20:00,94,224,Regulier,1,2
12359,2003-09-21,20:00,35,2024,Regulier,5,1
12360,2003-09-21,20:00,322,44,Regulier,0,0
12361,2003-09-21,20:00,2300,2614,Regulier,2,0
12362,2003-09-21,20:00,12,16,Regulier,2,0
12363,2003-09-21,20:00,373,3,Regulier,3,2
12364,2003-09-21,20:00,7,22,Regulier,1,1
12365,2003-09-28,15:00,282,2024,Regulier,1,3
12366,2003-09-28,18:00,16,94,Regulier,0,2
12367,2003-09-28,20:00,22,373,Regulier,1,1
12368,2003-09-28,20:00,30,322,Regulier,3,5
12369,2003-09-28,20:00,44,12,Regulier,0,0
12370,2003-09-28,20:00,3,2300,Regulier,3,0
12371,2003-09-28,20:00,224,1,Regulier,2,0
12372,2003-09-28,20:30,3530,7,Regulier,0,2
12373,2003-09-28,20:30,2614,35,Regulier,2,4
12374,2003-10-05,15:00,1,16,Regulier,0,4
12375,2003-10-05,15:00,12,30,Regulier,0,0
12376,2003-10-05,15:00,373,3530,Regulier,0,0
12377,2003-10-05,20:00,2300,22,Regulier,1,0
12378,2003-10-05,20:00,7,224,Regulier,0,0
12379,2003-10-05,20:00,322,282,Regulier,3,1
12380,2003-10-05,20:00,2024,2614,Regulier,2,0
12381,2003-10-05,20:00,35,3,Regulier,1,1
12382,2003-10-05,20:00,94,44,Regulier,1,1
12383,2003-10-19,15:00,322,12,Regulier,3,1
12384,2003-10-19,19:30,30,94,Regulier,1,1
12385,2003-10-19,20:00,3530,2300,Regulier,2,1
12386,2003-10-19,20:00,282,2614,Regulier,3,0
12387,2003-10-19,20:00,16,7,Regulier,2,0
12388,2003-10-19,20:00,3,2024,Regulier,4,0
12389,2003-10-19,20:00,44,1,Regulier,1,0
12390,2003-10-19,20:00,224,373,Regulier,2,1
12391,2003-10-19,20:30,22,35,Regulier,0,1
12392,2003-10-25,20:00,1,30,Regulier,3,1
12393,2003-10-25,20:00,35,3530,Regulier,4,0
12394,2003-10-25,20:00,2300,224,Regulier,0,3
12395,2003-10-25,20:00,94,322,Regulier,5,2
12396,2003-10-25,20:00,7,44,Regulier,0,0
12397,2003-10-26,15:00,2614,3,Regulier,4,2
12398,2003-10-26,15:00,2024,22,Regulier,2,1
12399,2003-10-26,15:00,12,282,Regulier,2,2
12400,2003-10-26,20:00,373,16,Regulier,1,2
12401,2003-10-31,20:30,30,7,Regulier,0,0
12402,2003-10-31,20:30,224,35,Regulier,0,1
12403,2003-11-01,20:00,282,3,Regulier,2,0
12404,2003-11-01,20:00,322,1,Regulier,3,1
12405,2003-11-01,20:00,44,373,Regulier,3,4
12406,2003-11-01,20:00,3530,2024,Regulier,0,2
12407,2003-11-01,20:00,16,2300,Regulier,4,0
12408,2003-11-02,15:00,12,94,Regulier,2,1
12409,2003-11-02,15:00,22,2614,Regulier,2,1
12410,2003-11-07,20:30,7,322,Regulier,1,1
12411,2003-11-08,20:00,2024,224,Regulier,1,1
12412,2003-11-08,20:00,1,12,Regulier,2,2
12413,2003-11-08,20:00,2614,3530,Regulier,2,0
12414,2003-11-08,20:00,373,30,Regulier,3,2
12415,2003-11-08,20:00,94,282,Regulier,3,2
12416,2003-11-09,15:00,3,22,Regulier,1,0
12417,2003-11-09,15:00,2300,44,Regulier,2,0
12418,2003-11-09,18:00,35,16,Regulier,1,4
12419,2003-11-21,20:30,3530,3,Regulier,2,0
12420,2003-11-21,20:30,44,35,Regulier,0,2
12421,2003-11-22,18:00,322,373,Regulier,4,0
12422,2003-11-22,20:00,282,22,Regulier,0,2
12423,2003-11-22,20:00,16,2024,Regulier,3,0
12424,2003-11-22,20:00,30,2300,Regulier,1,0
12425,2003-11-22,20:00,224,2614,Regulier,2,1
12426,2003-11-23,15:00,12,7,Regulier,1,0
12427,2003-11-23,15:00,94,1,Regulier,1,1
12428,2003-11-29,20:00,2024,44,Regulier,0,1
12429,2003-11-29,20:00,2300,322,Regulier,3,1
12430,2003-11-29,20:00,1,282,Regulier,0,3
12431,2003-11-29,20:00,7,94,Regulier,3,0
12432,2003-11-29,20:00,35,30,Regulier,2,1
12433,2003-11-29,20:00,22,3530,Regulier,0,1
12434,2003-11-30,15:00,2614,16,Regulier,1,1
12435,2003-11-30,15:00,373,12,Regulier,0,0
12436,2003-11-30,20:00,3,224,Regulier,4,2
12437,2003-12-05,20:30,16,3,Regulier,3,1
12438,2003-12-06,18:00,322,35,Regulier,0,1
12439,2003-12-06,20:00,30,2024,Regulier,0,1
12440,2003-12-06,20:00,1,7,Regulier,0,1
12441,2003-12-06,20:00,282,3530,Regulier,0,1
12442,2003-12-06,20:00,94,373,Regulier,0,0
12443,2003-12-06,20:00,224,22,Regulier,3,0
12444,2003-12-07,15:00,12,2300,Regulier,0,4
12445,2003-12-07,15:00,44,2614,Regulier,1,2
12446,2003-12-12,20:30,2614,30,Regulier,0,0
12447,2003-12-12,20:30,22,16,Regulier,0,1
12448,2003-12-13,20:00,3530,224,Regulier,2,2
12449,2003-12-13,20:00,2300,94,Regulier,1,0
12450,2003-12-13,20:00,3,44,Regulier,2,0
12451,2003-12-13,20:00,373,1,Regulier,2,1
12452,2003-12-14,15:00,35,12,Regulier,3,2
12453,2003-12-14,15:00,282,7,Regulier,1,1
12454,2003-12-14,20:00,2024,322,Regulier,1,1
12455,2003-12-20,20:00,224,282,Regulier,3,0
12456,2003-12-20,20:00,322,2614,Regulier,4,1
12457,2003-12-20,20:00,1,2300,Regulier,0,3
12458,2003-12-20,20:00,44,22,Regulier,2,2
12459,2003-12-20,20:00,7,373,Regulier,0,1
12460,2003-12-20,20:00,30,3,Regulier,1,1
12461,2003-12-21,15:00,16,3530,Regulier,2,1
12462,2003-12-21,15:00,12,2024,Regulier,0,0
12463,2003-12-21,20:00,94,35,Regulier,1,4
12464,2004-01-16,20:30,322,3,Regulier,1,0
12465,2004-01-17,18:00,16,224,Regulier,3,3
12466,2004-01-17,20:00,30,22,Regulier,1,1
12467,2004-01-17,20:00,44,3530,Regulier,3,0
12468,2004-01-17,20:00,373,282,Regulier,1,2
12469,2004-01-17,20:00,7,2300,Regulier,2,1
12470,2004-01-18,15:00,1,35,Regulier,0,2
12471,2004-01-18,15:00,12,2614,Regulier,2,3
12472,2004-01-18,20:00,94,2024,Regulier,1,1
12473,2004-01-24,20:00,3530,30,Regulier,1,1
12474,2004-01-24,20:00,35,7,Regulier,2,0
12475,2004-01-24,20:00,2614,94,Regulier,1,3
12476,2004-01-24,20:00,22,322,Regulier,4,3
12477,2004-01-24,20:00,282,16,Regulier,1,1
12478,2004-01-24,20:00,224,44,Regulier,3,2
12479,2004-01-24,20:00,373,2300,Regulier,1,1
12480,2004-01-25,15:00,2024,1,Regulier,2,1
12481,2004-01-25,20:00,3,12,Regulier,5,0
12482,2004-01-31,20:00,1,2614,Regulier,1,1
12483,2004-01-31,20:00,2300,282,Regulier,1,1
12484,2004-01-31,20:00,322,3530,Regulier,1,1
12485,2004-01-31,20:00,44,16,Regulier,1,1
12486,2004-01-31,20:00,7,2024,Regulier,0,2
12487,2004-02-01,15:00,30,224,Regulier,2,2
12488,2004-02-01,15:00,12,22,Regulier,3,2
12489,2004-02-01,20:00,373,35,Regulier,1,3
12490,2004-02-01,20:30,94,3,Regulier,0,4
12491,2004-02-07,20:00,22,94,Regulier,2,2
12492,2004-02-07,20:00,16,30,Regulier,1,1
12493,2004-02-07,20:00,2614,7,Regulier,1,1
12494,2004-02-07,20:00,3530,12,Regulier,2,1
12495,2004-02-07,20:00,282,44,Regulier,0,0
12496,2004-02-07,20:00,2300,35,Regulier,2,3
12497,2004-02-07,20:00,2024,373,Regulier,3,0
12498,2004-02-08,15:00,3,1,Regulier,4,0
12499,2004-02-08,20:00,224,322,Regulier,3,1
12500,2004-02-13,20:30,322,16,Regulier,1,1
12501,2004-02-14,20:00,2300,2024,Regulier,0,3
12502,2004-02-14,20:00,35,282,Regulier,2,1
12503,2004-02-14,20:00,373,2614,Regulier,2,1
12504,2004-02-14,20:00,1,22,Regulier,3,1
12505,2004-02-14,20:00,30,44,Regulier,0,2
12506,2004-02-15,13:00,7,3,Regulier,0,1
12507,2004-02-15,15:00,12,224,Regulier,1,1
12508,2004-02-15,20:30,94,3530,Regulier,0,0
12509,2004-02-20,20:30,44,322,Regulier,0,1
12510,2004-02-21,20:00,282,30,Regulier,3,0
12511,2004-02-21,20:00,224,94,Regulier,2,1
12512,2004-02-21,20:00,22,7,Regulier,2,0
12513,2004-02-21,20:00,3,373,Regulier,2,1
12514,2004-02-21,20:00,16,12,Regulier,7,0
12515,2004-02-22,15:00,2614,2300,Regulier,1,4
12516,2004-02-22,15:00,3530,1,Regulier,1,0
12517,2004-02-22,20:00,2024,35,Regulier,0,0
12518,2004-02-27,20:30,94,16,Regulier,3,2
12519,2004-02-28,20:00,373,22,Regulier,1,2
12520,2004-02-28,20:00,322,30,Regulier,2,0
12521,2004-02-28,20:00,7,3530,Regulier,1,1
12522,2004-02-29,15:00,2024,282,Regulier,7,3
12523,2004-02-29,15:00,12,44,Regulier,0,1
12524,2004-02-29,20:00,2300,3,Regulier,1,3
12525,2004-02-29,20:00,1,224,Regulier,3,1
12526,2004-02-29,20:30,35,2614,Regulier,6,0
12527,2004-03-05,20:30,2614,2024,Regulier,0,1
12528,2004-03-06,20:00,44,94,Regulier,1,0
12529,2004-03-06,20:00,30,12,Regulier,0,0
12530,2004-03-06,20:00,22,2300,Regulier,0,1
12531,2004-03-06,20:00,224,7,Regulier,2,1
12532,2004-03-06,20:00,282,322,Regulier,2,1
12533,2004-03-07,13:00,3,35,Regulier,1,0
12534,2004-03-07,15:00,3530,373,Regulier,0,0
12535,2004-03-07,15:00,16,1,Regulier,3,0
12536,2004-03-12,20:30,2614,282,Regulier,2,3
12537,2004-03-13,20:00,94,30,Regulier,0,1
12538,2004-03-13,20:00,373,224,Regulier,1,1
12539,2004-03-13,20:00,1,44,Regulier,0,0
12540,2004-03-13,20:00,35,22,Regulier,3,2
12541,2004-03-13,20:00,2300,3530,Regulier,0,0
12542,2004-03-14,15:00,7,16,Regulier,0,0
12543,2004-03-14,15:00,12,322,Regulier,0,0
12544,2004-03-14,20:00,2024,3,Regulier,2,3
12545,2004-03-20,20:00,3530,35,Regulier,1,0
12546,2004-03-20,20:00,322,94,Regulier,1,1
12547,2004-03-20,20:00,16,373,Regulier,1,1
12548,2004-03-20,20:00,22,2024,Regulier,3,1
12549,2004-03-20,20:00,3,2614,Regulier,3,0
12550,2004-03-20,20:00,44,7,Regulier,0,1
12551,2004-03-21,15:00,282,12,Regulier,0,2
12552,2004-03-21,15:00,30,1,Regulier,1,0
12553,2004-03-21,20:00,224,2300,Regulier,5,0
12554,2004-04-03,20:00,35,224,Regulier,0,0
12555,2004-04-03,20:00,373,44,Regulier,1,2
12556,2004-04-03,20:00,2300,16,Regulier,0,2
12557,2004-04-03,20:00,1,322,Regulier,3,1
12558,2004-04-03,20:00,2024,3530,Regulier,3,1
12559,2004-04-03,20:00,7,30,Regulier,1,1
12560,2004-04-03,20:00,3,282,Regulier,2,1
12561,2004-04-04,15:00,94,12,Regulier,2,0
12562,2004-04-04,15:00,2614,22,Regulier,3,1
12563,2004-04-09,20:30,16,35,Regulier,1,1
12564,2004-04-09,20:30,322,7,Regulier,1,0
12565,2004-04-10,20:00,282,94,Regulier,2,0
12566,2004-04-10,20:00,3530,2614,Regulier,1,3
12567,2004-04-10,20:00,30,373,Regulier,1,1
12568,2004-04-10,20:00,44,2300,Regulier,2,2
12569,2004-04-11,15:00,12,1,Regulier,1,2
12570,2004-04-11,15:00,224,2024,Regulier,3,2
12571,2004-04-11,20:00,22,3,Regulier,1,1
12572,2004-04-16,20:30,35,44,Regulier,4,1
12573,2004-04-17,20:00,1,94,Regulier,1,3
12574,2004-04-17,20:00,373,322,Regulier,0,3
12575,2004-04-17,20:00,7,12,Regulier,1,1
12576,2004-04-17,20:00,22,282,Regulier,1,2
12577,2004-04-17,20:00,2300,30,Regulier,0,1
12578,2004-04-18,15:00,2614,224,Regulier,1,1
12579,2004-04-18,15:00,3,3530,Regulier,2,1
12580,2004-04-18,20:00,2024,16,Regulier,2,4
12581,2004-04-23,20:30,224,3,Regulier,1,1
12582,2004-04-24,18:00,30,35,Regulier,1,1
12583,2004-04-24,20:00,16,2614,Regulier,4,1
12584,2004-04-24,20:00,12,373,Regulier,2,1
12585,2004-04-24,20:00,3530,22,Regulier,3,1
12586,2004-04-24,20:00,322,2300,Regulier,1,0
12587,2004-04-24,20:00,44,2024,Regulier,0,0
12588,2004-04-25,15:00,282,1,Regulier,3,0
12589,2004-04-25,15:00,94,7,Regulier,2,2
12590,2004-04-30,20:30,3530,282,Regulier,2,1
12591,2004-05-01,18:00,3,16,Regulier,1,0
12592,2004-05-01,20:00,2024,30,Regulier,2,1
12593,2004-05-01,20:00,7,1,Regulier,1,1
12594,2004-05-01,20:00,22,224,Regulier,1,0
12595,2004-05-02,15:00,2300,12,Regulier,1,1
12596,2004-05-02,15:00,2614,44,Regulier,2,0
12597,2004-05-02,15:00,373,94,Regulier,1,2
12598,2004-05-02,20:00,35,322,Regulier,2,1
12599,2004-05-08,20:00,16,22,Regulier,1,1
12600,2004-05-08,20:00,322,2024,Regulier,1,0
12601,2004-05-08,20:00,94,2300,Regulier,3,2
12602,2004-05-08,20:00,30,2614,Regulier,4,0
12603,2004-05-08,20:00,44,3,Regulier,0,9
12604,2004-05-08,20:00,7,282,Regulier,1,1
12605,2004-05-08,20:00,1,373,Regulier,1,2
12606,2004-05-08,20:00,12,35,Regulier,0,2
12607,2004-05-08,20:00,224,3530,Regulier,3,2
12608,2004-05-14,20:30,3530,16,Regulier,1,2
12609,2004-05-15,20:00,22,44,Regulier,1,0
12610,2004-05-15,20:00,2300,1,Regulier,5,2
12611,2004-05-15,20:00,282,224,Regulier,1,1
12612,2004-05-15,20:00,373,7,Regulier,0,2
12613,2004-05-15,20:00,35,94,Regulier,1,1
12614,2004-05-15,20:00,2024,12,Regulier,1,1
12615,2004-05-15,20:00,3,30,Regulier,3,0
12616,2004-05-15,20:00,2614,322,Regulier,2,3
12617,2004-08-08,15:00,22,94,Regulier,2,5
12618,2004-08-08,15:00,31,2024,Regulier,3,3
12619,2004-08-08,18:00,2300,3,Regulier,1,1
12620,2004-08-08,20:00,1936,322,Regulier,0,1
12621,2004-08-08,20:00,373,44,Regulier,0,0
12622,2004-08-08,20:00,7,3530,Regulier,5,0
12623,2004-08-08,20:00,30,16,Regulier,1,1
12624,2004-08-08,20:00,12,282,Regulier,2,2
12625,2004-08-08,20:30,224,35,Regulier,2,0
12626,2004-08-15,15:00,3530,31,Regulier,4,0
12627,2004-08-15,15:00,44,2300,Regulier,2,2
12628,2004-08-15,20:00,282,1936,Regulier,1,0
12629,2004-08-15,20:00,35,373,Regulier,2,1
12630,2004-08-15,20:00,2024,30,Regulier,2,1
12631,2004-08-15,20:00,94,12,Regulier,2,1
12632,2004-08-15,20:00,322,224,Regulier,0,0
12633,2004-08-15,20:00,3,7,Regulier,5,0
12634,2004-08-15,20:30,16,22,Regulier,1,2
12635,2004-08-22,15:00,12,16,Regulier,1,3
12636,2004-08-22,15:00,1936,94,Regulier,1,1
12637,2004-08-22,15:00,2300,35,Regulier,0,1
12638,2004-08-22,20:00,30,3530,Regulier,2,0
12639,2004-08-22,20:00,22,2024,Regulier,0,1
12640,2004-08-22,20:00,7,44,Regulier,2,1
12641,2004-08-22,20:00,224,373,Regulier,4,0
12642,2004-08-22,20:00,31,3,Regulier,1,2
12643,2004-08-22,20:00,322,282,Regulier,2,1
12644,2004-08-29,15:00,373,2300,Regulier,0,1
12645,2004-08-29,15:00,3530,22,Regulier,0,1
12646,2004-08-29,20:00,282,224,Regulier,1,1
12647,2004-08-29,20:00,3,30,Regulier,1,0
12648,2004-08-29,20:00,44,31,Regulier,2,0
12649,2004-08-29,20:00,2024,12,Regulier,1,2
12650,2004-08-29,20:00,16,1936,Regulier,1,3
12651,2004-08-29,20:00,35,7,Regulier,2,0
12652,2004-08-29,20:30,94,322,Regulier,2,0
12653,2004-09-12,15:00,12,3530,Regulier,2,1
12654,2004-09-12,15:00,224,2300,Regulier,1,0
12655,2004-09-12,15:00,282,94,Regulier,1,0
12656,2004-09-12,20:00,1936,2024,Regulier,0,1
12657,2004-09-12,20:00,7,373,Regulier,2,1
12658,2004-09-12,20:00,22,3,Regulier,0,1
12659,2004-09-12,20:00,31,35,Regulier,1,3
12660,2004-09-12,20:00,30,44,Regulier,4,1
12661,2004-09-12,20:30,322,16,Regulier,1,1
12662,2004-09-19,13:00,16,282,Regulier,1,0
12663,2004-09-19,15:00,2300,7,Regulier,1,2
12664,2004-09-19,20:00,44,22,Regulier,0,1
12665,2004-09-19,20:00,3,12,Regulier,5,0
12666,2004-09-19,20:00,2024,322,Regulier,0,0
12667,2004-09-19,20:00,3530,1936,Regulier,2,0
12668,2004-09-19,20:00,35,30,Regulier,5,1
12669,2004-09-19,20:00,373,31,Regulier,0,0
12670,2004-09-19,20:30,94,224,Regulier,3,1
12671,2004-09-26,15:00,30,373,Regulier,0,1
12672,2004-09-26,15:00,322,3530,Regulier,2,1
12673,2004-09-26,20:00,224,7,Regulier,0,2
12674,2004-09-26,20:00,31,2300,Regulier,1,1
12675,2004-09-26,20:00,12,44,Regulier,2,0
12676,2004-09-26,20:00,282,2024,Regulier,3,1
12677,2004-09-26,20:00,94,16,Regulier,0,1
12678,2004-09-26,20:30,1936,3,Regulier,1,6
12679,2004-09-26,20:30,22,35,Regulier,2,1
12680,2004-10-03,15:00,2300,30,Regulier,2,1
12681,2004-10-03,15:00,16,224,Regulier,2,0
12682,2004-10-03,15:00,2024,94,Regulier,0,2
12683,2004-10-03,20:00,3,322,Regulier,1,1
12684,2004-10-03,20:00,373,22,Regulier,2,2
12685,2004-10-03,20:00,35,12,Regulier,5,2
12686,2004-10-03,20:00,7,31,Regulier,2,1
12687,2004-10-03,20:00,3530,282,Regulier,1,2
12688,2004-10-03,20:00,44,1936,Regulier,1,2
12689,2004-10-17,15:00,94,3530,Regulier,1,1
12690,2004-10-17,15:00,12,373,Regulier,5,1
12691,2004-10-17,16:00,22,2300,Regulier,2,1
12692,2004-10-17,20:00,16,2024,Regulier,2,0
12693,2004-10-17,20:00,224,31,Regulier,1,1
12694,2004-10-17,20:00,282,3,Regulier,0,2
12695,2004-10-17,20:00,30,7,Regulier,3,2
12696,2004-10-17,20:00,322,44,Regulier,2,2
12697,2004-10-17,20:30,1936,35,Regulier,0,1
12698,2004-10-23,20:00,7,22,Regulier,3,1
12699,2004-10-23,20:00,373,1936,Regulier,2,0
12700,2004-10-23,20:00,44,282,Regulier,0,1
12701,2004-10-23,20:00,2024,224,Regulier,0,1
12702,2004-10-24,15:00,31,30,Regulier,2,3
12703,2004-10-24,15:00,2300,12,Regulier,5,1
12704,2004-10-24,19:00,3,94,Regulier,2,0
12705,2004-10-24,20:00,35,322,Regulier,4,2
12706,2004-10-24,20:00,3530,16,Regulier,1,0
12707,2004-10-30,20:00,1936,2300,Regulier,1,3
12708,2004-10-30,20:00,2024,3530,Regulier,1,0
12709,2004-10-30,20:00,322,373,Regulier,1,0
12710,2004-10-30,20:00,282,35,Regulier,2,2
12711,2004-10-30,20:00,22,31,Regulier,1,0
12712,2004-10-30,20:00,94,44,Regulier,4,0
12713,2004-10-30,20:00,16,3,Regulier,1,4
12714,2004-10-31,15:00,224,30,Regulier,1,3
12715,2004-10-31,15:00,12,7,Regulier,2,1
12716,2004-11-05,20:30,3,2024,Regulier,2,0
12717,2004-11-06,18:00,35,94,Regulier,2,1
12718,2004-11-06,20:00,44,16,Regulier,2,3
12719,2004-11-06,20:00,30,22,Regulier,1,1
12720,2004-11-06,20:00,3530,224,Regulier,3,1
12721,2004-11-06,20:00,373,282,Regulier,2,0
12722,2004-11-07,15:00,31,12,Regulier,0,1
12723,2004-11-07,15:00,2300,322,Regulier,0,2
12724,2004-11-07,15:00,7,1936,Regulier,3,0
12725,2004-11-10,20:00,1936,31,Regulier,2,2
12726,2004-11-10,20:00,3530,3,Regulier,0,1
12727,2004-11-10,20:00,322,7,Regulier,1,1
12728,2004-11-10,20:00,282,2300,Regulier,1,1
12729,2004-11-10,20:00,224,22,Regulier,0,1
12730,2004-11-10,20:00,94,373,Regulier,1,0
12731,2004-11-10,20:00,12,30,Regulier,2,2
12732,2004-11-10,20:00,16,35,Regulier,1,0
12733,2004-11-10,20:00,2024,44,Regulier,2,1
12734,2004-11-27,20:00,22,12,Regulier,5,1
12735,2004-11-27,20:00,3,224,Regulier,3,0
12736,2004-11-27,20:00,373,16,Regulier,4,1
12737,2004-11-27,20:00,2300,94,Regulier,0,2
12738,2004-11-27,20:00,35,2024,Regulier,4,0
12739,2004-11-27,20:00,7,282,Regulier,3,1
12740,2004-11-27,20:00,31,322,Regulier,1,3
12741,2004-11-28,15:00,44,3530,Regulier,0,1
12742,2004-11-28,15:00,30,1936,Regulier,5,1
12743,2004-12-04,20:00,322,30,Regulier,3,0
12744,2004-12-04,20:00,3,44,Regulier,3,1
12745,2004-12-04,20:00,224,12,Regulier,6,0
12746,2004-12-04,20:00,94,7,Regulier,0,1
12747,2004-12-04,20:00,2024,373,Regulier,2,1
12748,2004-12-04,20:00,3530,35,Regulier,0,1
12749,2004-12-04,20:00,16,2300,Regulier,3,0
12750,2004-12-05,15:00,282,31,Regulier,1,0
12751,2004-12-05,15:00,1936,22,Regulier,1,2
12752,2004-12-11,20:00,2300,2024,Regulier,4,1
12753,2004-12-11,20:00,7,16,Regulier,1,1
12754,2004-12-11,20:00,373,3530,Regulier,1,1
12755,2004-12-11,20:00,35,3,Regulier,2,1
12756,2004-12-11,20:00,30,282,Regulier,2,0
12757,2004-12-11,20:00,22,322,Regulier,2,0
12758,2004-12-11,20:00,31,94,Regulier,2,1
12759,2004-12-12,15:00,224,44,Regulier,5,1
12760,2004-12-12,15:00,12,1936,Regulier,1,2
12761,2004-12-18,20:00,3,373,Regulier,5,1
12762,2004-12-18,20:00,2024,7,Regulier,2,1
12763,2004-12-18,20:00,322,12,Regulier,2,1
12764,2004-12-18,20:00,1936,224,Regulier,2,1
12765,2004-12-18,20:00,16,31,Regulier,5,0
12766,2004-12-18,20:00,282,22,Regulier,1,1
12767,2004-12-19,15:00,94,30,Regulier,3,2
12768,2004-12-19,20:00,2300,3530,Regulier,1,0
12769,2004-12-19,20:30,44,35,Regulier,1,2
12770,2005-01-15,20:00,3,2300,Regulier,3,1
12771,2005-01-15,20:00,35,224,Regulier,2,0
12772,2005-01-15,20:00,3530,7,Regulier,0,0
12773,2005-01-15,20:00,94,22,Regulier,0,0
12774,2005-01-15,20:00,44,373,Regulier,4,1
12775,2005-01-15,20:00,16,30,Regulier,4,1
12776,2005-01-15,20:00,282,12,Regulier,4,0
12777,2005-01-16,15:00,2024,31,Regulier,2,0
12778,2005-01-16,15:00,322,1936,Regulier,3,1
12779,2005-01-22,20:00,22,16,Regulier,0,0
12780,2005-01-22,20:00,30,2024,Regulier,3,0
12781,2005-01-22,20:00,224,322,Regulier,1,2
12782,2005-01-22,20:00,31,3530,Regulier,0,0
12783,2005-01-22,20:00,373,35,Regulier,2,2
12784,2005-01-22,20:00,2300,44,Regulier,0,4
12785,2005-01-22,20:00,1936,282,Regulier,1,2
12786,2005-01-23,15:00,7,3,Regulier,0,1
12787,2005-01-23,15:00,12,94,Regulier,2,2
12788,2005-01-29,20:00,3,31,Regulier,7,3
12789,2005-01-29,20:00,16,12,Regulier,4,0
12790,2005-01-29,20:00,2024,22,Regulier,2,1
12791,2005-01-29,20:00,3530,30,Regulier,2,2
12792,2005-01-29,20:00,373,224,Regulier,3,2
12793,2005-01-29,20:00,35,2300,Regulier,5,2
12794,2005-01-29,20:00,44,7,Regulier,1,0
12795,2005-01-30,15:00,282,322,Regulier,1,3
12796,2005-01-30,15:00,94,1936,Regulier,1,0
12797,2005-02-05,20:00,2300,373,Regulier,3,1
12798,2005-02-05,20:00,322,94,Regulier,1,0
12799,2005-02-05,20:00,1936,16,Regulier,0,1
12800,2005-02-05,20:00,224,282,Regulier,1,1
12801,2005-02-05,20:00,30,3,Regulier,0,2
12802,2005-02-05,20:00,31,44,Regulier,1,0
12803,2005-02-06,15:00,12,2024,Regulier,0,0
12804,2005-02-06,15:00,22,3530,Regulier,1,0
12805,2005-02-06,15:00,7,35,Regulier,0,0
12806,2005-02-12,20:00,3,22,Regulier,1,1
12807,2005-02-12,20:00,94,282,Regulier,0,0
12808,2005-02-12,20:00,2024,1936,Regulier,1,0
12809,2005-02-12,20:00,2300,224,Regulier,2,2
12810,2005-02-12,20:00,35,31,Regulier,0,1
12811,2005-02-13,15:00,44,30,Regulier,4,1
12812,2005-02-13,15:00,3530,12,Regulier,2,3
12813,2005-02-13,20:00,373,7,Regulier,0,2
12814,2005-02-13,20:30,16,322,Regulier,1,0
12815,2005-02-19,20:00,224,94,Regulier,1,1
12816,2005-02-19,20:00,322,2024,Regulier,3,2
12817,2005-02-19,20:00,31,373,Regulier,1,0
12818,2005-02-19,20:00,282,16,Regulier,0,0
12819,2005-02-19,20:00,22,44,Regulier,1,0
12820,2005-02-19,20:00,7,2300,Regulier,1,0
12821,2005-02-19,20:00,30,35,Regulier,1,1
12822,2005-02-20,15:00,12,3,Regulier,1,2
12823,2005-02-20,15:00,1936,3530,Regulier,2,1
12824,2005-03-08,20:30,7,224,Regulier,1,0
12825,2005-03-08,20:30,35,22,Regulier,3,0
12826,2005-03-09,20:30,3530,322,Regulier,3,1
12827,2005-03-09,20:30,3,1936,Regulier,4,1
12828,2005-03-09,20:30,2024,282,Regulier,1,1
12829,2005-03-09,20:30,2300,31,Regulier,2,2
12830,2005-03-09,20:30,373,30,Regulier,4,0
12831,2005-03-09,20:30,44,12,Regulier,1,3
12832,2005-03-09,20:30,16,94,Regulier,1,0
12833,2005-03-12,20:00,22,373,Regulier,0,0
12834,2005-03-12,20:00,322,3,Regulier,2,1
12835,2005-03-12,20:00,282,3530,Regulier,0,1
12836,2005-03-12,20:00,1936,44,Regulier,2,1
12837,2005-03-12,20:00,31,7,Regulier,1,2
12838,2005-03-12,20:00,224,16,Regulier,0,3
12839,2005-03-13,15:00,30,2300,Regulier,1,3
12840,2005-03-13,15:00,12,35,Regulier,1,3
12841,2005-03-13,15:00,94,2024,Regulier,1,2
12842,2005-03-18,20:30,44,322,Regulier,1,2
12843,2005-03-19,20:00,3530,94,Regulier,1,1
12844,2005-03-19,20:00,35,1936,Regulier,3,0
12845,2005-03-19,20:00,2300,22,Regulier,1,2
12846,2005-03-19,20:00,2024,16,Regulier,1,3
12847,2005-03-19,20:00,373,12,Regulier,0,1
12848,2005-03-19,20:00,7,30,Regulier,1,0
12849,2005-03-19,20:00,3,282,Regulier,0,0
12850,2005-03-20,15:00,31,224,Regulier,1,0
12851,2005-04-02,20:00,22,7,Regulier,3,2
12852,2005-04-02,20:00,282,44,Regulier,0,0
12853,2005-04-02,20:00,30,31,Regulier,3,1
12854,2005-04-02,20:00,94,3,Regulier,0,2
12855,2005-04-02,20:00,12,2300,Regulier,1,1
12856,2005-04-02,20:00,16,3530,Regulier,3,0
12857,2005-04-03,15:00,1936,373,Regulier,0,1
12858,2005-04-03,15:00,224,2024,Regulier,3,0
12859,2005-04-03,20:00,322,35,Regulier,2,4
12860,2005-04-09,20:00,3530,2024,Regulier,1,0
12861,2005-04-09,20:00,373,322,Regulier,0,2
12862,2005-04-09,20:00,3,16,Regulier,1,1
12863,2005-04-09,20:00,31,22,Regulier,1,2
12864,2005-04-09,20:00,30,224,Regulier,0,1
12865,2005-04-09,20:00,35,282,Regulier,2,0
12866,2005-04-09,20:00,44,94,Regulier,4,1
12867,2005-04-10,15:00,2300,1936,Regulier,0,1
12868,2005-04-10,15:00,7,12,Regulier,1,2
12869,2005-04-16,20:00,1936,7,Regulier,1,1
12870,2005-04-16,20:00,322,2300,Regulier,2,1
12871,2005-04-16,20:00,2024,3,Regulier,1,3
12872,2005-04-16,20:00,94,35,Regulier,1,1
12873,2005-04-16,20:00,12,31,Regulier,2,0
12874,2005-04-16,20:00,22,30,Regulier,1,0
12875,2005-04-16,20:00,224,3530,Regulier,0,1
12876,2005-04-17,15:00,282,373,Regulier,4,3
12877,2005-04-17,15:00,16,44,Regulier,2,0
12878,2005-04-22,20:30,35,16,Regulier,3,2
12879,2005-04-23,15:00,30,12,Regulier,2,0
12880,2005-04-23,20:00,31,1936,Regulier,1,0
12881,2005-04-23,20:00,7,322,Regulier,0,1
12882,2005-04-23,20:00,44,2024,Regulier,3,2
12883,2005-04-23,20:00,2300,282,Regulier,0,2
12884,2005-04-23,20:00,3,3530,Regulier,6,0
12885,2005-04-23,20:00,373,94,Regulier,2,1
12886,2005-04-24,15:00,22,224,Regulier,2,0
12887,2005-04-30,20:00,224,3,Regulier,0,1
12888,2005-04-30,20:00,282,7,Regulier,0,1
12889,2005-04-30,20:00,2024,35,Regulier,2,2
12890,2005-04-30,20:00,1936,30,Regulier,3,2
12891,2005-04-30,20:00,3530,44,Regulier,2,0
12892,2005-04-30,20:00,16,373,Regulier,4,1
12893,2005-04-30,20:00,12,22,Regulier,0,4
12894,2005-05-01,15:00,94,2300,Regulier,3,0
12895,2005-05-01,15:00,322,31,Regulier,2,2
12896,2005-05-07,20:00,12,224,Regulier,1,0
12897,2005-05-07,20:00,35,3530,Regulier,3,0
12898,2005-05-07,20:00,44,3,Regulier,0,0
12899,2005-05-07,20:00,7,94,Regulier,2,1
12900,2005-05-07,20:00,2300,16,Regulier,2,3
12901,2005-05-07,20:00,30,322,Regulier,1,5
12902,2005-05-07,20:00,22,1936,Regulier,1,2
12903,2005-05-08,15:00,31,282,Regulier,0,2
12904,2005-05-08,15:00,373,2024,Regulier,1,0
12905,2005-05-15,15:00,322,22,Regulier,2,0
12906,2005-05-15,15:00,282,30,Regulier,0,2
12907,2005-05-15,15:00,1936,12,Regulier,2,1
12908,2005-05-15,15:00,44,224,Regulier,0,2
12909,2005-05-15,15:00,94,31,Regulier,2,0
12910,2005-05-15,15:00,3530,373,Regulier,3,1
12911,2005-05-15,15:00,3,35,Regulier,2,2
12912,2005-05-15,15:00,16,7,Regulier,3,0
12913,2005-05-15,15:00,2024,2300,Regulier,1,1
12914,2005-05-21,20:00,31,16,Regulier,1,1
12915,2005-05-21,20:00,30,94,Regulier,7,0
12916,2005-05-21,20:00,224,1936,Regulier,2,0
12917,2005-05-21,20:00,12,322,Regulier,1,3
12918,2005-05-21,20:00,7,2024,Regulier,1,0
12919,2005-05-21,20:00,3530,2300,Regulier,3,1
12920,2005-05-21,20:00,35,44,Regulier,2,1
12921,2005-05-21,20:00,22,282,Regulier,2,1
12922,2005-05-21,20:00,373,3,Regulier,3,2
12923,2005-08-07,18:00,22,3530,Regulier,2,0
12924,2005-08-07,18:00,16,30,Regulier,3,1
12925,2005-08-07,20:00,373,134,Regulier,1,0
12926,2005-08-07,20:00,2024,12,Regulier,2,0
12927,2005-08-07,20:00,282,322,Regulier,1,1
12928,2005-08-07,20:00,7,5381,Regulier,1,3
12929,2005-08-07,20:00,2300,1936,Regulier,0,2
12930,2005-08-07,20:00,35,94,Regulier,6,0
12931,2005-08-07,20:30,3,224,Regulier,2,0
12932,2005-08-14,13:00,12,35,Regulier,0,2
12933,2005-08-14,15:00,134,2300,Regulier,1,0
12934,2005-08-14,15:00,30,373,Regulier,1,0
12935,2005-08-14,18:00,5381,16,Regulier,1,2
12936,2005-08-14,20:00,3530,2024,Regulier,0,1
12937,2005-08-14,20:00,1936,3,Regulier,1,1
12938,2005-08-14,20:00,224,282,Regulier,0,2
12939,2005-08-14,20:30,322,22,Regulier,0,0
12940,2005-08-14,20:30,94,7,Regulier,1,1
12941,2005-08-21,18:00,282,1936,Regulier,1,0
12942,2005-08-21,18:00,35,3530,Regulier,3,1
12943,2005-08-21,20:00,2300,30,Regulier,4,1
12944,2005-08-21,20:00,2024,322,Regulier,1,1
12945,2005-08-21,20:00,3,134,Regulier,1,0
12946,2005-08-21,20:00,5381,94,Regulier,0,0
12947,2005-08-21,20:00,22,224,Regulier,1,0
12948,2005-08-21,20:00,7,12,Regulier,1,0
12949,2005-08-21,20:00,16,373,Regulier,2,0
12950,2005-08-28,15:00,134,282,Regulier,4,0
12951,2005-08-28,18:00,224,2024,Regulier,1,0
12952,2005-08-28,18:00,322,35,Regulier,3,3
12953,2005-08-28,20:00,1936,22,Regulier,2,2
12954,2005-08-28,20:00,30,3,Regulier,1,1
12955,2005-08-28,20:00,94,16,Regulier,2,3
12956,2005-08-28,20:00,12,5381,Regulier,2,4
12957,2005-08-28,20:00,3530,7,Regulier,2,1
12958,2005-08-28,20:30,373,2300,Regulier,1,0
12959,2005-09-11,18:00,7,322,Regulier,2,0
12960,2005-09-11,20:00,3,373,Regulier,2,1
12961,2005-09-11,20:00,94,12,Regulier,0,0
12962,2005-09-11,20:00,22,134,Regulier,1,1
12963,2005-09-11,20:00,35,224,Regulier,3,1
12964,2005-09-11,20:00,2024,1936,Regulier,3,0
12965,2005-09-11,20:00,5381,3530,Regulier,2,1
12966,2005-09-11,20:00,16,2300,Regulier,1,3
12967,2005-09-11,21:30,282,30,Regulier,1,0
12968,2005-09-18,18:00,1936,35,Regulier,1,1
12969,2005-09-18,18:00,2300,3,Regulier,0,1
12970,2005-09-18,20:00,134,2024,Regulier,0,2
12971,2005-09-18,20:00,322,5381,Regulier,3,1
12972,2005-09-18,20:00,373,282,Regulier,1,2
12973,2005-09-18,20:00,3530,94,Regulier,1,1
12974,2005-09-18,20:00,12,16,Regulier,0,3
12975,2005-09-18,20:00,30,22,Regulier,0,0
12976,2005-09-18,20:30,224,7,Regulier,1,2
12977,2005-09-21,20:30,35,134,Regulier,5,1
12978,2005-09-21,20:30,22,373,Regulier,0,1
12979,2005-09-21,20:30,94,322,Regulier,2,3
12980,2005-09-21,20:30,5381,224,Regulier,4,1
12981,2005-09-21,20:30,12,3530,Regulier,3,0
12982,2005-09-21,20:30,2024,30,Regulier,0,0
12983,2005-09-21,20:30,16,3,Regulier,2,0
12984,2005-09-21,20:30,282,2300,Regulier,1,2
12985,2005-09-21,20:45,7,1936,Regulier,2,1
12986,2005-09-25,15:00,134,7,Regulier,1,1
12987,2005-09-25,18:00,3530,16,Regulier,2,2
12988,2005-09-25,20:00,3,282,Regulier,0,1
12989,2005-09-25,20:00,322,12,Regulier,3,1
12990,2005-09-25,20:00,373,2024,Regulier,0,1
12991,2005-09-25,20:00,2300,22,Regulier,1,1
12992,2005-09-25,20:00,1936,5381,Regulier,1,1
12993,2005-09-25,20:00,30,35,Regulier,0,0
12994,2005-09-25,20:00,224,94,Regulier,2,1
12995,2005-10-02,15:00,12,224,Regulier,1,0
12996,2005-10-02,18:00,3530,322,Regulier,2,2
12997,2005-10-02,18:00,5381,134,Regulier,2,1
12998,2005-10-02,20:00,35,373,Regulier,3,0
12999,2005-10-02,20:00,16,282,Regulier,2,1
13000,2005-10-02,20:00,94,1936,Regulier,0,3
13001,2005-10-02,20:00,7,30,Regulier,1,1
13002,2005-10-02,20:00,2024,2300,Regulier,4,1
13003,2005-10-02,20:30,22,3,Regulier,3,3
13004,2005-10-15,18:00,224,3530,Regulier,4,1
13005,2005-10-15,20:00,3,2024,Regulier,2,1
13006,2005-10-15,20:00,2300,35,Regulier,0,1
13007,2005-10-15,20:00,1936,12,Regulier,1,2
13008,2005-10-15,20:00,282,22,Regulier,4,2
13009,2005-10-15,20:00,134,94,Regulier,4,1
13010,2005-10-15,20:00,30,5381,Regulier,0,2
13011,2005-10-16,18:00,373,7,Regulier,1,1
13012,2005-10-16,20:00,322,16,Regulier,0,1
13013,2005-10-21,20:30,16,22,Regulier,1,0
13014,2005-10-22,18:00,2024,282,Regulier,1,1
13015,2005-10-22,20:00,7,2300,Regulier,3,0
13016,2005-10-22,20:00,3530,1936,Regulier,0,1
13017,2005-10-22,20:00,12,134,Regulier,2,2
13018,2005-10-22,20:00,322,224,Regulier,1,0
13019,2005-10-22,20:00,94,30,Regulier,1,0
13020,2005-10-22,20:15,5381,373,Regulier,1,5
13021,2005-10-23,18:00,35,3,Regulier,2,2
13022,2005-10-28,20:30,282,35,Regulier,2,2
13023,2005-10-29,18:00,1936,322,Regulier,1,0
13024,2005-10-29,20:00,2300,5381,Regulier,2,1
13025,2005-10-29,20:00,30,12,Regulier,0,4
13026,2005-10-29,20:00,22,2024,Regulier,2,1
13027,2005-10-29,20:00,3,7,Regulier,2,1
13028,2005-10-29,20:00,373,94,Regulier,1,3
13029,2005-10-30,19:00,224,16,Regulier,2,1
13030,2005-10-30,21:00,134,3530,Regulier,5,1
13031,2005-11-04,21:30,7,282,Regulier,1,2
13032,2005-11-05,19:00,35,22,Regulier,3,1
13033,2005-11-05,21:00,322,134,Regulier,4,1
13034,2005-11-05,21:00,94,2300,Regulier,2,0
13035,2005-11-05,21:00,12,373,Regulier,2,1
13036,2005-11-05,21:00,3530,30,Regulier,4,0
13037,2005-11-05,21:00,224,1936,Regulier,1,1
13038,2005-11-06,14:00,5381,3,Regulier,2,1
13039,2005-11-06,19:00,16,2024,Regulier,1,0
13040,2005-11-19,19:00,22,7,Regulier,2,0
13041,2005-11-19,21:00,1936,16,Regulier,3,1
13042,2005-11-19,21:00,2300,12,Regulier,5,1
13043,2005-11-19,21:00,3,94,Regulier,4,0
13044,2005-11-19,21:00,373,3530,Regulier,1,2
13045,2005-11-19,21:00,282,5381,Regulier,2,3
13046,2005-11-20,16:00,134,224,Regulier,5,0
13047,2005-11-20,19:00,2024,35,Regulier,2,1
13048,2005-11-20,21:00,30,322,Regulier,1,2
13049,2005-11-27,19:00,12,3,Regulier,0,1
13050,2005-11-27,21:30,3530,2300,Regulier,3,1
13051,2005-11-27,21:30,1936,134,Regulier,1,0
13052,2005-11-27,21:30,7,2024,Regulier,0,1
13053,2005-11-27,21:30,322,373,Regulier,2,0
13054,2005-11-27,21:30,5381,22,Regulier,3,0
13055,2005-11-27,21:30,16,35,Regulier,2,0
13056,2005-11-27,21:30,224,30,Regulier,5,0
13057,2005-11-27,21:30,94,282,Regulier,1,1
13058,2005-12-02,21:30,35,7,Regulier,3,0
13059,2005-12-03,19:00,22,94,Regulier,0,2
13060,2005-12-03,21:00,30,1936,Regulier,1,1
13061,2005-12-03,21:00,282,12,Regulier,2,1
13062,2005-12-03,21:00,3,3530,Regulier,2,0
13063,2005-12-03,21:00,16,134,Regulier,0,0
13064,2005-12-03,21:00,373,224,Regulier,3,6
13065,2005-12-03,21:00,2024,5381,Regulier,2,2
13066,2005-12-04,19:00,2300,322,Regulier,0,2
13067,2005-12-09,21:30,3530,282,Regulier,2,1
13068,2005-12-10,19:00,5381,35,Regulier,1,2
13069,2005-12-10,21:00,1936,373,Regulier,0,0
13070,2005-12-10,21:00,12,22,Regulier,2,0
13071,2005-12-10,21:00,94,2024,Regulier,0,3
13072,2005-12-10,21:00,224,2300,Regulier,1,3
13073,2005-12-11,14:00,7,16,Regulier,2,1
13074,2005-12-11,16:00,134,30,Regulier,2,0
13075,2005-12-11,19:00,322,3,Regulier,2,2
13076,2005-12-17,19:00,224,3,Regulier,0,1
13077,2005-12-17,21:00,1936,2300,Regulier,3,1
13078,2005-12-17,21:00,322,282,Regulier,2,2
13079,2005-12-17,21:00,3530,22,Regulier,0,1
13080,2005-12-17,21:00,12,2024,Regulier,2,2
13081,2005-12-17,21:00,134,373,Regulier,1,1
13082,2005-12-18,14:00,5381,7,Regulier,1,2
13083,2005-12-18,19:00,94,35,Regulier,0,0
13084,2005-12-18,21:30,30,16,Regulier,0,2
13085,2006-01-20,21:30,3,1936,Regulier,3,0
13086,2006-01-21,19:00,16,5381,Regulier,1,2
13087,2006-01-21,21:00,7,94,Regulier,3,0
13088,2006-01-21,21:00,35,12,Regulier,2,2
13089,2006-01-21,21:00,2300,134,Regulier,1,1
13090,2006-01-21,21:00,373,30,Regulier,1,1
13091,2006-01-21,21:00,282,224,Regulier,1,1
13092,2006-01-21,21:00,2024,3530,Regulier,1,3
13093,2006-01-22,19:00,22,322,Regulier,2,1
13094,2006-01-28,19:00,373,16,Regulier,0,0
13095,2006-01-28,21:00,1936,282,Regulier,1,1
13096,2006-01-28,21:00,3530,35,Regulier,2,0
13097,2006-01-28,21:00,322,2024,Regulier,2,0
13098,2006-01-28,21:00,30,2300,Regulier,2,0
13099,2006-01-28,21:00,224,22,Regulier,0,1
13100,2006-01-28,21:00,12,7,Regulier,1,2
13101,2006-01-28,21:30,94,5381,Regulier,2,2
13102,2006-01-29,19:00,134,3,Regulier,1,1
13103,2006-02-03,21:30,3,30,Regulier,3,1
13104,2006-02-04,19:00,35,322,Regulier,4,1
13105,2006-02-04,21:00,7,3530,Regulier,2,1
13106,2006-02-04,21:00,22,1936,Regulier,1,0
13107,2006-02-04,21:00,5381,12,Regulier,3,1
13108,2006-02-04,21:00,282,134,Regulier,2,2
13109,2006-02-04,21:00,2300,373,Regulier,1,1
13110,2006-02-04,21:00,2024,224,Regulier,0,5
13111,2006-02-05,21:30,16,94,Regulier,1,1
13112,2006-02-11,19:00,373,3,Regulier,2,2
13113,2006-02-11,21:00,12,94,Regulier,1,0
13114,2006-02-11,21:00,2300,16,Regulier,0,2
13115,2006-02-11,21:00,3530,5381,Regulier,2,0
13116,2006-02-11,21:00,30,282,Regulier,2,0
13117,2006-02-11,21:00,224,35,Regulier,0,1
13118,2006-02-12,21:30,1936,2024,Regulier,1,0
13119,2006-02-12,21:30,134,22,Regulier,2,0
13120,2006-02-12,21:30,322,7,Regulier,2,1
13121,2006-02-17,21:30,35,1936,Regulier,2,0
13122,2006-02-18,19:00,5381,322,Regulier,1,0
13123,2006-02-18,21:00,22,30,Regulier,0,1
13124,2006-02-18,21:00,2024,134,Regulier,3,2
13125,2006-02-18,21:00,7,224,Regulier,0,0
13126,2006-02-18,21:00,282,373,Regulier,1,2
13127,2006-02-18,21:00,16,12,Regulier,7,1
13128,2006-02-19,19:00,3,2300,Regulier,1,0
13129,2006-02-19,21:30,94,3530,Regulier,1,1
13130,2006-02-24,21:30,134,35,Regulier,0,2
13131,2006-02-25,21:00,224,5381,Regulier,0,1
13132,2006-02-25,21:00,2300,282,Regulier,1,3
13133,2006-02-25,21:00,3530,12,Regulier,0,0
13134,2006-02-25,21:00,322,94,Regulier,1,0
13135,2006-02-25,21:00,30,2024,Regulier,2,1
13136,2006-02-25,21:00,373,22,Regulier,1,1
13137,2006-02-26,16:00,3,16,Regulier,1,1
13138,2006-02-26,19:00,1936,7,Regulier,0,1
13139,2006-03-04,19:00,282,3,Regulier,2,0
13140,2006-03-04,21:00,22,2300,Regulier,4,0
13141,2006-03-04,21:00,2024,373,Regulier,2,1
13142,2006-03-04,21:00,5381,1936,Regulier,0,0
13143,2006-03-04,21:00,12,322,Regulier,1,1
13144,2006-03-04,21:00,7,134,Regulier,1,2
13145,2006-03-04,21:00,94,224,Regulier,0,0
13146,2006-03-05,19:00,35,30,Regulier,3,0
13147,2006-03-05,21:30,16,3530,Regulier,3,1
13148,2006-03-10,21:30,373,35,Regulier,3,0
13149,2006-03-11,19:00,322,3530,Regulier,1,0
13150,2006-03-11,21:00,1936,94,Regulier,0,0
13151,2006-03-11,21:00,3,22,Regulier,2,1
13152,2006-03-11,21:00,224,12,Regulier,6,0
13153,2006-03-11,21:00,2300,2024,Regulier,4,1
13154,2006-03-11,21:00,30,7,Regulier,1,3
13155,2006-03-11,21:00,134,5381,Regulier,0,3
13156,2006-03-12,21:00,282,16,Regulier,0,0
13157,2006-03-17,21:30,16,322,Regulier,1,0
13158,2006-03-18,19:00,2024,3,Regulier,0,0
13159,2006-03-18,21:00,35,2300,Regulier,4,0
13160,2006-03-18,21:00,12,1936,Regulier,0,1
13161,2006-03-18,21:00,3530,224,Regulier,1,0
13162,2006-03-18,21:00,22,282,Regulier,3,1
13163,2006-03-18,21:00,5381,30,Regulier,0,1
13164,2006-03-18,21:00,94,134,Regulier,0,0
13165,2006-03-19,19:00,7,373,Regulier,1,0
13166,2006-03-25,21:00,30,94,Regulier,0,0
13167,2006-03-25,21:00,22,16,Regulier,0,0
13168,2006-03-25,21:00,1936,3530,Regulier,0,1
13169,2006-03-25,21:00,2300,7,Regulier,0,1
13170,2006-03-25,21:00,373,5381,Regulier,2,0
13171,2006-03-25,21:00,282,2024,Regulier,3,2
13172,2006-03-26,13:00,3,35,Regulier,0,2
13173,2006-03-26,15:00,134,12,Regulier,1,0
13174,2006-03-26,18:00,224,322,Regulier,1,0
13175,2006-04-01,20:00,12,30,Regulier,3,0
13176,2006-04-01,20:00,322,1936,Regulier,1,0
13177,2006-04-01,20:00,35,282,Regulier,1,1
13178,2006-04-01,20:00,3530,134,Regulier,2,2
13179,2006-04-01,20:00,16,224,Regulier,2,1
13180,2006-04-01,20:00,5381,2300,Regulier,2,2
13181,2006-04-01,20:30,94,373,Regulier,0,2
13182,2006-04-02,18:00,7,3,Regulier,4,1
13183,2006-04-02,18:00,2024,22,Regulier,1,1
13184,2006-04-08,20:00,3,5381,Regulier,2,1
13185,2006-04-08,20:00,1936,224,Regulier,0,1
13186,2006-04-08,20:00,2300,94,Regulier,1,0
13187,2006-04-08,20:00,282,7,Regulier,1,2
13188,2006-04-08,20:00,373,12,Regulier,1,1
13189,2006-04-08,20:00,2024,16,Regulier,0,2
13190,2006-04-08,20:00,22,35,Regulier,1,1
13191,2006-04-08,20:00,30,3530,Regulier,0,2
13192,2006-04-09,18:00,134,322,Regulier,1,2
13193,2006-04-15,20:00,12,2300,Regulier,1,1
13194,2006-04-15,20:00,35,2024,Regulier,5,0
13195,2006-04-15,20:00,16,1936,Regulier,1,0
13196,2006-04-15,20:00,5381,282,Regulier,1,1
13197,2006-04-15,20:00,3530,373,Regulier,4,0
13198,2006-04-15,20:00,322,30,Regulier,1,0
13199,2006-04-15,20:00,7,22,Regulier,2,2
13200,2006-04-15,20:00,224,134,Regulier,0,1
13201,2006-04-16,18:00,94,3,Regulier,0,1
13202,2006-04-22,20:00,2300,3530,Regulier,0,0
13203,2006-04-22,20:00,373,322,Regulier,2,2
13204,2006-04-22,20:00,282,94,Regulier,3,2
13205,2006-04-22,20:00,3,12,Regulier,2,0
13206,2006-04-22,20:00,35,16,Regulier,2,0
13207,2006-04-22,20:00,22,5381,Regulier,2,0
13208,2006-04-22,20:00,30,224,Regulier,2,0
13209,2006-04-23,15:00,134,1936,Regulier,0,1
13210,2006-04-23,18:00,2024,7,Regulier,0,1
13211,2006-04-30,15:00,3530,3,Regulier,1,1
13212,2006-04-30,15:00,1936,30,Regulier,2,1
13213,2006-04-30,15:00,322,2300,Regulier,2,0
13214,2006-04-30,15:00,12,282,Regulier,2,0
13215,2006-04-30,15:00,5381,2024,Regulier,1,2
13216,2006-04-30,15:00,7,35,Regulier,0,0
13217,2006-04-30,15:00,94,22,Regulier,2,2
13218,2006-04-30,15:00,134,16,Regulier,0,0
13219,2006-04-30,15:00,224,373,Regulier,3,0
13220,2006-05-05,20:30,35,5381,Regulier,3,0
13221,2006-05-05,20:30,16,7,Regulier,0,2
13222,2006-05-05,20:30,30,134,Regulier,1,0
13223,2006-05-05,20:30,22,12,Regulier,0,1
13224,2006-05-05,20:30,2024,94,Regulier,2,1
13225,2006-05-05,20:30,282,3530,Regulier,1,2
13226,2006-05-05,20:30,373,1936,Regulier,0,1
13227,2006-05-05,20:30,2300,224,Regulier,1,0
13228,2006-05-05,20:30,3,322,Regulier,3,0
13229,2006-07-30,18:00,282,16,Regulier,2,1
13230,2006-07-30,20:00,1936,44,Regulier,1,0
13231,2006-07-30,20:00,224,12,Regulier,2,1
13232,2006-07-30,20:00,22,30,Regulier,0,0
13233,2006-07-30,20:00,322,5381,Regulier,3,1
13234,2006-07-30,20:00,3530,2300,Regulier,1,0
13235,2006-07-30,20:30,373,35,Regulier,2,4
13236,2006-07-30,20:30,2024,134,Regulier,2,1
13237,2006-07-30,20:30,3,7,Regulier,5,0
13238,2006-08-06,18:00,134,3,Regulier,3,2
13239,2006-08-06,18:00,30,322,Regulier,0,3
13240,2006-08-06,20:00,2300,2024,Regulier,0,3
13241,2006-08-06,20:00,7,224,Regulier,1,3
13242,2006-08-06,20:00,35,3530,Regulier,1,0
13243,2006-08-06,20:00,5381,1936,Regulier,0,1
13244,2006-08-06,20:00,12,282,Regulier,0,0
13245,2006-08-06,20:00,44,373,Regulier,2,0
13246,2006-08-06,20:30,16,22,Regulier,1,2
13247,2006-08-20,18:00,2024,35,Regulier,3,4
13248,2006-08-20,18:00,322,16,Regulier,1,1
13249,2006-08-20,20:00,224,134,Regulier,2,2
13250,2006-08-20,20:00,1936,373,Regulier,2,2
13251,2006-08-20,20:00,22,12,Regulier,2,1
13252,2006-08-20,20:00,3530,44,Regulier,2,1
13253,2006-08-20,20:00,3,2300,Regulier,2,0
13254,2006-08-20,20:00,5381,30,Regulier,2,1
13255,2006-08-20,20:30,282,7,Regulier,1,1
13256,2006-08-27,18:00,16,5381,Regulier,1,1
13257,2006-08-27,18:00,7,22,Regulier,2,1
13258,2006-08-27,20:00,44,2024,Regulier,1,1
13259,2006-08-27,20:00,12,322,Regulier,0,1
13260,2006-08-27,20:00,2300,224,Regulier,3,1
13261,2006-08-27,20:00,373,3530,Regulier,2,0
13262,2006-08-27,20:00,30,1936,Regulier,0,1
13263,2006-08-27,20:30,134,282,Regulier,2,2
13264,2006-08-27,20:30,35,3,Regulier,1,0
13265,2006-09-10,18:00,322,7,Regulier,3,1
13266,2006-09-10,18:00,224,35,Regulier,1,1
13267,2006-09-10,20:00,30,16,Regulier,1,3
13268,2006-09-10,20:00,22,134,Regulier,2,1
13269,2006-09-10,20:00,2024,373,Regulier,1,0
13270,2006-09-10,20:00,5381,12,Regulier,1,2
13271,2006-09-10,20:00,1936,3530,Regulier,1,2
13272,2006-09-10,20:00,3,44,Regulier,0,0
13273,2006-09-10,20:30,282,2300,Regulier,2,0
13274,2006-09-17,18:00,35,282,Regulier,2,0
13275,2006-09-17,18:00,16,1936,Regulier,2,1
13276,2006-09-17,20:00,44,224,Regulier,1,0
13277,2006-09-17,20:00,2300,22,Regulier,2,2
13278,2006-09-17,20:00,3530,2024,Regulier,0,0
13279,2006-09-17,20:00,12,30,Regulier,2,1
13280,2006-09-17,20:30,7,5381,Regulier,1,1
13281,2006-09-17,20:30,373,3,Regulier,2,3
13282,2006-09-17,20:30,134,322,Regulier,3,3
13283,2006-09-24,18:00,16,12,Regulier,1,0
13284,2006-09-24,18:00,5381,134,Regulier,4,2
13285,2006-09-24,20:00,1936,2024,Regulier,0,1
13286,2006-09-24,20:00,322,2300,Regulier,1,0
13287,2006-09-24,20:00,30,7,Regulier,1,4
13288,2006-09-24,20:00,224,373,Regulier,1,0
13289,2006-09-24,20:00,3,3530,Regulier,1,0
13290,2006-09-24,20:00,282,44,Regulier,0,2
13291,2006-09-24,20:30,22,35,Regulier,1,1
13292,2006-10-01,18:00,35,322,Regulier,1,4
13293,2006-10-01,18:00,7,16,Regulier,2,1
13294,2006-10-01,20:00,12,1936,Regulier,1,0
13295,2006-10-01,20:00,134,30,Regulier,2,0
13296,2006-10-01,20:00,373,282,Regulier,1,0
13297,2006-10-01,20:00,3530,224,Regulier,6,2
13298,2006-10-01,20:00,44,22,Regulier,1,2
13299,2006-10-01,20:30,2300,5381,Regulier,1,0
13300,2006-10-01,20:30,2024,3,Regulier,1,2
13301,2006-10-15,18:00,5381,35,Regulier,0,4
13302,2006-10-15,18:00,1936,3,Regulier,1,1
13303,2006-10-15,20:00,16,134,Regulier,2,1
13304,2006-10-15,20:00,22,373,Regulier,2,1
13305,2006-10-15,20:00,224,2024,Regulier,4,0
13306,2006-10-15,20:00,12,7,Regulier,0,1
13307,2006-10-15,20:00,282,3530,Regulier,0,0
13308,2006-10-15,20:00,30,2300,Regulier,0,1
13309,2006-10-15,20:30,322,44,Regulier,5,1
13310,2006-10-27,20:30,3,224,Regulier,5,1
13311,2006-10-28,18:00,3530,22,Regulier,1,1
13312,2006-10-28,20:00,134,12,Regulier,1,0
13313,2006-10-28,20:00,35,30,Regulier,2,0
13314,2006-10-28,20:00,7,1936,Regulier,3,3
13315,2006-10-28,20:00,44,5381,Regulier,0,0
13316,2006-10-28,20:00,2300,16,Regulier,0,3
13317,2006-10-28,20:00,2024,282,Regulier,4,1
13318,2006-10-29,19:00,373,322,Regulier,1,2
13319,2006-11-03,21:30,322,3530,Regulier,4,0
13320,2006-11-04,21:00,30,44,Regulier,0,0
13321,2006-11-04,21:00,12,2300,Regulier,2,2
13322,2006-11-04,21:00,7,134,Regulier,2,0
13323,2006-11-04,21:00,1936,224,Regulier,1,1
13324,2006-11-05,19:00,22,2024,Regulier,1,2
13325,2006-11-05,21:30,16,35,Regulier,0,0
13326,2006-11-05,21:30,282,3,Regulier,3,2
13327,2006-11-05,21:30,5381,373,Regulier,3,0
13328,2006-11-10,21:30,2024,322,Regulier,0,1
13329,2006-11-11,19:00,3,22,Regulier,2,0
13330,2006-11-11,21:00,224,282,Regulier,1,1
13331,2006-11-11,21:00,2300,7,Regulier,1,0
13332,2006-11-11,21:00,373,30,Regulier,4,0
13333,2006-11-11,21:00,35,12,Regulier,2,0
13334,2006-11-11,21:00,3530,5381,Regulier,1,1
13335,2006-11-11,21:00,134,1936,Regulier,1,1
13336,2006-11-12,19:00,44,16,Regulier,2,3
13337,2006-11-18,19:00,7,35,Regulier,2,1
13338,2006-11-18,21:00,16,373,Regulier,1,2
13339,2006-11-18,21:00,5381,2024,Regulier,2,2
13340,2006-11-18,21:00,12,44,Regulier,3,0
13341,2006-11-18,21:00,1936,282,Regulier,0,0
13342,2006-11-18,21:00,134,2300,Regulier,2,1
13343,2006-11-18,21:00,30,3530,Regulier,2,3
13344,2006-11-19,19:00,322,3,Regulier,0,0
13345,2006-11-19,21:30,22,224,Regulier,1,0
13346,2006-11-24,21:30,3530,16,Regulier,1,3
13347,2006-11-25,21:00,2300,1936,Regulier,2,2
13348,2006-11-25,21:00,2024,30,Regulier,2,0
13349,2006-11-25,21:00,44,7,Regulier,0,1
13350,2006-11-25,21:00,282,22,Regulier,0,0
13351,2006-11-25,21:00,224,322,Regulier,2,2
13352,2006-11-25,21:00,373,12,Regulier,2,0
13353,2006-11-26,19:00,35,134,Regulier,3,2
13354,2006-11-26,21:30,3,5381,Regulier,4,1
13355,2006-12-01,21:30,2300,35,Regulier,1,1
13356,2006-12-02,19:00,1936,22,Regulier,0,2
13357,2006-12-02,21:00,322,282,Regulier,1,0
13358,2006-12-02,21:00,134,44,Regulier,2,1
13359,2006-12-02,21:00,12,3530,Regulier,1,2
13360,2006-12-02,21:00,16,2024,Regulier,3,0
13361,2006-12-02,21:00,7,373,Regulier,3,1
13362,2006-12-02,21:00,5381,224,Regulier,0,0
13363,2006-12-03,19:00,30,3,Regulier,1,2
13364,2006-12-08,21:30,22,322,Regulier,4,1
13365,2006-12-09,21:00,44,2300,Regulier,1,0
13366,2006-12-09,21:00,2024,12,Regulier,0,0
13367,2006-12-09,21:00,373,134,Regulier,1,1
13368,2006-12-09,21:00,282,5381,Regulier,0,2
13369,2006-12-09,21:00,3530,7,Regulier,0,3
13370,2006-12-09,21:00,224,30,Regulier,2,2
13371,2006-12-10,14:00,3,16,Regulier,4,4
13372,2006-12-10,19:00,1936,35,Regulier,0,1
13373,2006-12-15,21:30,16,224,Regulier,2,0
13374,2006-12-16,21:00,322,1936,Regulier,3,1
13375,2006-12-16,21:00,2300,373,Regulier,1,2
13376,2006-12-16,21:00,134,3530,Regulier,1,1
13377,2006-12-16,21:00,30,282,Regulier,1,0
13378,2006-12-16,21:00,35,44,Regulier,4,1
13379,2006-12-16,21:00,7,2024,Regulier,2,0
13380,2006-12-17,19:00,12,3,Regulier,1,0
13381,2006-12-17,21:30,5381,22,Regulier,1,0
13382,2007-01-19,20:30,5381,322,Regulier,2,2
13383,2007-01-20,20:00,44,1936,Regulier,1,1
13384,2007-01-20,20:00,30,22,Regulier,2,1
13385,2007-01-20,20:00,35,373,Regulier,2,0
13386,2007-01-20,20:00,12,224,Regulier,2,1
13387,2007-01-20,20:00,2300,3530,Regulier,1,1
13388,2007-01-20,20:00,134,2024,Regulier,2,0
13389,2007-01-21,13:00,7,3,Regulier,0,0
13390,2007-01-21,18:00,16,282,Regulier,3,1
13391,2007-01-26,20:30,22,16,Regulier,2,5
13392,2007-01-27,18:00,224,7,Regulier,0,3
13393,2007-01-27,20:00,1936,5381,Regulier,2,0
13394,2007-01-27,20:00,322,30,Regulier,3,0
13395,2007-01-27,20:00,3,134,Regulier,0,1
13396,2007-01-27,20:00,2024,2300,Regulier,2,0
13397,2007-01-27,20:00,282,12,Regulier,2,0
13398,2007-01-27,20:00,373,44,Regulier,1,0
13399,2007-01-28,18:00,3530,35,Regulier,1,3
13400,2007-02-02,20:30,2300,3,Regulier,0,2
13401,2007-02-03,18:00,7,282,Regulier,3,1
13402,2007-02-03,20:00,44,3530,Regulier,2,1
13403,2007-02-03,20:00,134,224,Regulier,2,1
13404,2007-02-03,20:00,12,22,Regulier,0,0
13405,2007-02-03,20:00,373,1936,Regulier,2,2
13406,2007-02-03,20:00,35,2024,Regulier,1,0
13407,2007-02-03,20:00,30,5381,Regulier,1,0
13408,2007-02-04,18:00,16,322,Regulier,2,1
13409,2007-02-10,19:00,5381,16,Regulier,3,1
13410,2007-02-10,21:00,3530,373,Regulier,3,2
13411,2007-02-10,21:00,1936,30,Regulier,2,1
13412,2007-02-10,21:00,224,2300,Regulier,4,2
13413,2007-02-10,21:00,282,134,Regulier,1,1
13414,2007-02-10,21:00,2024,44,Regulier,2,1
13415,2007-02-10,21:00,322,12,Regulier,3,0
13416,2007-02-11,14:00,3,35,Regulier,2,2
13417,2007-02-11,19:00,22,7,Regulier,1,0
13418,2007-02-16,21:30,44,3,Regulier,1,0
13419,2007-02-17,19:00,2300,282,Regulier,3,2
13420,2007-02-17,21:00,16,30,Regulier,3,2
13421,2007-02-17,21:00,3530,1936,Regulier,3,0
13422,2007-02-17,21:00,35,224,Regulier,2,1
13423,2007-02-17,21:00,373,2024,Regulier,0,2
13424,2007-02-17,21:00,134,22,Regulier,1,3
13425,2007-02-18,19:00,7,322,Regulier,1,3
13426,2007-02-18,21:30,12,5381,Regulier,2,0
13427,2007-02-23,21:30,3,373,Regulier,1,0
13428,2007-02-24,21:00,22,2300,Regulier,2,1
13429,2007-02-24,21:00,30,12,Regulier,0,2
13430,2007-02-24,21:00,322,134,Regulier,3,0
13431,2007-02-24,21:00,1936,16,Regulier,0,3
13432,2007-02-24,21:00,224,44,Regulier,2,2
13433,2007-02-24,21:00,2024,3530,Regulier,1,1
13434,2007-02-25,19:00,282,35,Regulier,1,1
13435,2007-02-25,21:30,5381,7,Regulier,3,2
13436,2007-03-02,21:30,134,5381,Regulier,3,1
13437,2007-03-03,19:00,2300,322,Regulier,0,5
13438,2007-03-03,21:00,12,16,Regulier,0,2
13439,2007-03-03,21:00,35,22,Regulier,3,2
13440,2007-03-03,21:00,373,224,Regulier,1,1
13441,2007-03-03,21:00,44,282,Regulier,1,0
13442,2007-03-03,21:00,7,30,Regulier,4,0
13443,2007-03-03,21:00,2024,1936,Regulier,1,1
13444,2007-03-04,19:00,3530,3,Regulier,4,0
13445,2007-03-09,21:30,22,44,Regulier,1,0
13446,2007-03-10,19:00,16,7,Regulier,0,1
13447,2007-03-10,21:00,282,373,Regulier,1,1
13448,2007-03-10,21:00,1936,12,Regulier,0,0
13449,2007-03-10,21:00,5381,2300,Regulier,2,1
13450,2007-03-10,21:00,3,2024,Regulier,2,0
13451,2007-03-10,21:00,30,134,Regulier,3,1
13452,2007-03-10,21:00,224,3530,Regulier,1,0
13453,2007-03-11,19:00,322,35,Regulier,1,1
13454,2007-03-16,21:30,3530,282,Regulier,1,2
13455,2007-03-17,21:00,3,1936,Regulier,4,1
13456,2007-03-17,21:00,2300,30,Regulier,1,1
13457,2007-03-17,21:00,35,5381,Regulier,0,0
13458,2007-03-17,21:00,2024,224,Regulier,1,0
13459,2007-03-17,21:00,373,22,Regulier,1,1
13460,2007-03-17,21:00,44,322,Regulier,5,0
13461,2007-03-18,19:00,7,12,Regulier,0,2
13462,2007-03-18,21:30,134,16,Regulier,2,3
13463,2007-03-30,20:30,1936,7,Regulier,1,1
13464,2007-03-31,20:00,30,35,Regulier,1,4
13465,2007-03-31,20:00,22,3530,Regulier,3,3
13466,2007-03-31,20:00,12,134,Regulier,1,1
13467,2007-03-31,20:00,16,2300,Regulier,0,0
13468,2007-03-31,20:00,5381,44,Regulier,1,2
13469,2007-03-31,20:00,282,2024,Regulier,1,1
13470,2007-04-01,18:00,224,3,Regulier,2,1
13471,2007-04-01,20:30,322,373,Regulier,2,0
13472,2007-04-06,20:30,35,16,Regulier,1,0
13473,2007-04-07,20:00,134,7,Regulier,1,3
13474,2007-04-07,20:00,224,1936,Regulier,2,2
13475,2007-04-07,20:00,2300,12,Regulier,1,1
13476,2007-04-07,20:00,3,282,Regulier,2,2
13477,2007-04-07,20:00,373,5381,Regulier,2,2
13478,2007-04-07,20:00,44,30,Regulier,1,1
13479,2007-04-08,18:00,2024,22,Regulier,0,1
13480,2007-04-08,20:30,3530,322,Regulier,2,1
13481,2007-04-13,20:30,12,35,Regulier,0,1
13482,2007-04-14,20:00,30,373,Regulier,0,0
13483,2007-04-14,20:00,1936,134,Regulier,6,2
13484,2007-04-14,20:00,16,44,Regulier,1,0
13485,2007-04-14,20:00,5381,3530,Regulier,0,2
13486,2007-04-14,20:00,322,2024,Regulier,3,1
13487,2007-04-14,20:00,282,224,Regulier,1,1
13488,2007-04-15,18:00,7,2300,Regulier,2,1
13489,2007-04-15,20:30,22,3,Regulier,1,1
13490,2007-04-20,20:30,3530,30,Regulier,2,3
13491,2007-04-21,20:00,2024,5381,Regulier,4,2
13492,2007-04-21,20:00,224,22,Regulier,2,1
13493,2007-04-21,20:00,282,1936,Regulier,0,0
13494,2007-04-21,20:00,2300,134,Regulier,2,2
13495,2007-04-21,20:00,44,12,Regulier,1,0
13496,2007-04-21,20:00,373,16,Regulier,0,3
13497,2007-04-22,18:00,35,7,Regulier,1,0
13498,2007-04-22,20:30,3,322,Regulier,0,1
13499,2007-04-27,20:30,16,3530,Regulier,2,2
13500,2007-04-28,20:00,22,282,Regulier,4,3
13501,2007-04-28,20:00,12,373,Regulier,0,1
13502,2007-04-28,20:00,5381,3,Regulier,2,1
13503,2007-04-28,20:00,1936,2300,Regulier,2,0
13504,2007-04-28,20:00,30,2024,Regulier,1,1
13505,2007-04-28,20:00,7,44,Regulier,4,1
13506,2007-04-29,18:00,322,224,Regulier,3,2
13507,2007-04-29,20:30,134,35,Regulier,0,5
13508,2007-05-04,20:30,282,322,Regulier,0,1
13509,2007-05-05,20:00,3530,12,Regulier,1,0
13510,2007-05-05,20:00,3,30,Regulier,4,0
13511,2007-05-05,20:00,22,1936,Regulier,1,0
13512,2007-05-05,20:00,224,5381,Regulier,3,0
13513,2007-05-05,20:00,44,134,Regulier,6,1
13514,2007-05-05,20:00,373,7,Regulier,0,1
13515,2007-05-06,18:00,2024,16,Regulier,1,1
13516,2007-05-06,20:30,35,2300,Regulier,8,1
13517,2007-05-11,20:30,12,2024,Regulier,4,1
13518,2007-05-12,20:00,322,22,Regulier,0,2
13519,2007-05-12,20:00,2300,44,Regulier,0,0
13520,2007-05-12,20:00,134,373,Regulier,3,2
13521,2007-05-12,20:00,30,224,Regulier,3,3
13522,2007-05-12,20:00,7,3530,Regulier,1,2
13523,2007-05-12,20:00,16,3,Regulier,1,0
13524,2007-05-12,20:00,35,1936,Regulier,6,0
13525,2007-05-12,20:00,5381,282,Regulier,1,1
13526,2007-05-18,20:30,3530,134,Regulier,3,0
13527,2007-05-19,20:00,3,12,Regulier,3,3
13528,2007-05-19,20:00,282,30,Regulier,1,4
13529,2007-05-19,20:00,44,35,Regulier,3,1
13530,2007-05-19,20:00,1936,322,Regulier,3,1
13531,2007-05-19,20:00,224,16,Regulier,2,0
13532,2007-05-19,20:00,373,2300,Regulier,3,2
13533,2007-05-19,20:00,2024,7,Regulier,1,1
13534,2007-05-19,20:00,22,5381,Regulier,2,1
13535,2007-08-05,18:00,224,7,Regulier,1,4
13536,2007-08-05,20:00,3,44,Regulier,2,1
13537,2007-08-05,20:00,22,134,Regulier,1,1
13538,2007-08-05,20:00,322,12,Regulier,3,1
13539,2007-08-05,20:00,1936,2024,Regulier,0,1
13540,2007-08-05,20:00,3900,3530,Regulier,1,2
13541,2007-08-05,20:00,282,373,Regulier,2,1
13542,2007-08-05,20:30,25,35,Regulier,0,1
13543,2007-08-05,20:30,5381,16,Regulier,1,4
13544,2007-08-12,18:00,3530,3,Regulier,0,1
13545,2007-08-12,18:00,7,322,Regulier,5,0
13546,2007-08-12,20:00,12,5381,Regulier,2,0
13547,2007-08-12,20:00,35,282,Regulier,1,0
13548,2007-08-12,20:00,373,224,Regulier,0,2
13549,2007-08-12,20:00,44,25,Regulier,1,1
13550,2007-08-12,20:00,16,1936,Regulier,4,1
13551,2007-08-12,20:00,134,3900,Regulier,3,1
13552,2007-08-12,20:30,2024,22,Regulier,1,0
13553,2007-08-19,18:00,16,12,Regulier,4,1
13554,2007-08-19,18:00,3900,35,Regulier,2,2
13555,2007-08-19,20:00,322,134,Regulier,0,0
13556,2007-08-19,20:00,282,3530,Regulier,0,0
13557,2007-08-19,20:00,1936,7,Regulier,0,2
13558,2007-08-19,20:00,22,25,Regulier,1,0
13559,2007-08-19,20:00,224,44,Regulier,3,1
13560,2007-08-19,20:00,5381,2024,Regulier,1,0
13561,2007-08-19,20:30,3,373,Regulier,3,2
13562,2007-08-26,18:00,373,22,Regulier,1,3
13563,2007-08-26,18:00,3530,322,Regulier,1,2
13564,2007-08-26,20:00,134,16,Regulier,0,4
13565,2007-08-26,20:00,12,3900,Regulier,3,0
13566,2007-08-26,20:00,7,5381,Regulier,1,1
13567,2007-08-26,20:00,35,1936,Regulier,3,0
13568,2007-08-26,20:00,2024,224,Regulier,0,2
13569,2007-08-26,20:00,44,282,Regulier,0,1
13570,2007-08-26,20:30,25,3,Regulier,1,1
13571,2007-09-02,18:00,224,35,Regulier,1,2
13572,2007-09-02,20:00,12,7,Regulier,4,1
13573,2007-09-02,20:00,282,25,Regulier,3,1
13574,2007-09-02,20:00,1936,134,Regulier,0,0
13575,2007-09-02,20:00,3900,373,Regulier,1,0
13576,2007-09-02,20:00,322,2024,Regulier,1,0
13577,2007-09-02,20:00,5381,3530,Regulier,2,1
13578,2007-09-02,20:30,16,3,Regulier,2,1
13579,2007-09-02,20:30,22,44,Regulier,3,1
13580,2007-09-16,18:00,7,16,Regulier,1,1
13581,2007-09-16,20:00,3,282,Regulier,1,1
13582,2007-09-16,20:00,3530,22,Regulier,1,0
13583,2007-09-16,20:00,35,5381,Regulier,2,2
13584,2007-09-16,20:00,25,224,Regulier,2,2
13585,2007-09-16,20:00,44,1936,Regulier,2,1
13586,2007-09-16,20:00,134,12,Regulier,0,2
13587,2007-09-16,20:00,2024,3900,Regulier,0,0
13588,2007-09-16,20:30,373,322,Regulier,1,2
13589,2007-09-23,18:00,22,3,Regulier,1,1
13590,2007-09-23,20:00,5381,25,Regulier,2,0
13591,2007-09-23,20:00,12,3530,Regulier,1,1
13592,2007-09-23,20:00,224,282,Regulier,2,0
13593,2007-09-23,20:00,1936,373,Regulier,2,0
13594,2007-09-23,20:00,3900,44,Regulier,0,3
13595,2007-09-23,20:00,7,134,Regulier,1,1
13596,2007-09-23,20:30,322,35,Regulier,1,1
13597,2007-09-23,20:30,16,2024,Regulier,2,1
13598,2007-09-30,18:00,25,3900,Regulier,2,2
13599,2007-09-30,20:00,2024,12,Regulier,1,1
13600,2007-09-30,20:00,35,22,Regulier,0,1
13601,2007-09-30,20:00,134,5381,Regulier,3,2
13602,2007-09-30,20:00,3,224,Regulier,1,0
13603,2007-09-30,20:00,373,16,Regulier,0,0
13604,2007-09-30,20:00,282,1936,Regulier,0,1
13605,2007-09-30,20:30,3530,7,Regulier,2,2
13606,2007-09-30,20:30,44,322,Regulier,1,1
13607,2007-10-07,18:00,16,3530,Regulier,3,1
13608,2007-10-07,20:00,12,373,Regulier,5,1
13609,2007-10-07,20:00,7,2024,Regulier,1,1
13610,2007-10-07,20:00,5381,44,Regulier,2,1
13611,2007-10-07,20:00,3900,282,Regulier,0,1
13612,2007-10-07,20:00,322,25,Regulier,2,1
13613,2007-10-07,20:30,22,224,Regulier,1,3
13614,2007-10-07,20:30,1936,3,Regulier,1,3
13615,2007-10-07,20:30,134,35,Regulier,2,2
13616,2007-10-20,20:00,3,3900,Regulier,2,0
13617,2007-10-20,20:00,3530,1936,Regulier,3,0
13618,2007-10-20,20:00,282,22,Regulier,1,0
13619,2007-10-20,20:00,224,322,Regulier,1,1
13620,2007-10-20,20:00,2024,134,Regulier,6,0
13621,2007-10-20,20:00,25,12,Regulier,0,4
13622,2007-10-20,20:00,373,5381,Regulier,2,1
13623,2007-10-21,18:00,44,16,Regulier,1,1
13624,2007-10-21,20:30,35,7,Regulier,2,1
13625,2007-10-26,20:30,7,44,Regulier,2,0
13626,2007-10-27,20:00,134,373,Regulier,2,0
13627,2007-10-27,20:00,5381,282,Regulier,1,1
13628,2007-10-27,20:00,1936,22,Regulier,1,2
13629,2007-10-27,20:00,3900,224,Regulier,0,3
13630,2007-10-27,20:00,16,25,Regulier,2,2
13631,2007-10-27,20:00,2024,3530,Regulier,1,2
13632,2007-10-28,19:00,12,35,Regulier,0,0
13633,2007-10-28,21:30,322,3,Regulier,1,2
13634,2007-11-02,21:30,224,16,Regulier,0,0
13635,2007-11-03,21:00,35,2024,Regulier,3,1
13636,2007-11-03,21:00,373,7,Regulier,2,1
13637,2007-11-03,21:00,44,12,Regulier,0,2
13638,2007-11-03,21:00,22,3900,Regulier,1,0
13639,2007-11-03,21:00,3,5381,Regulier,1,0
13640,2007-11-03,21:00,3530,134,Regulier,2,0
13641,2007-11-04,19:00,25,1936,Regulier,4,0
13642,2007-11-04,21:30,282,322,Regulier,1,1
13643,2007-11-09,20:30,12,3,Regulier,1,2
13644,2007-11-10,20:00,5381,224,Regulier,2,1
13645,2007-11-10,20:00,2024,373,Regulier,2,0
13646,2007-11-10,20:00,1936,3900,Regulier,4,1
13647,2007-11-10,20:00,322,22,Regulier,1,0
13648,2007-11-10,21:00,16,282,Regulier,1,0
13649,2007-11-11,18:00,7,25,Regulier,4,1
13650,2007-11-11,20:30,3530,35,Regulier,2,0
13651,2007-11-11,20:30,134,44,Regulier,4,3
13652,2007-11-30,20:30,35,16,Regulier,0,0
13653,2007-12-01,20:00,224,1936,Regulier,1,1
13654,2007-12-01,20:00,25,134,Regulier,4,3
13655,2007-12-01,20:00,22,5381,Regulier,2,3
13656,2007-12-01,20:00,282,12,Regulier,1,1
13657,2007-12-01,20:00,373,3530,Regulier,0,3
13658,2007-12-01,20:00,44,2024,Regulier,1,3
13659,2007-12-02,18:00,3900,322,Regulier,2,0
13660,2007-12-02,20:30,3,7,Regulier,0,0
13661,2007-12-07,20:30,16,22,Regulier,5,1
13662,2007-12-08,20:00,12,224,Regulier,3,0
13663,2007-12-08,20:00,3530,44,Regulier,2,0
13664,2007-12-08,20:00,5381,3900,Regulier,1,2
13665,2007-12-08,20:00,7,282,Regulier,4,2
13666,2007-12-08,20:00,2024,25,Regulier,1,1
13667,2007-12-08,20:30,1936,322,Regulier,0,5
13668,2007-12-09,18:00,134,3,Regulier,1,2
13669,2007-12-09,20:30,373,35,Regulier,4,3
13670,2007-12-14,20:30,322,5381,Regulier,5,2
13671,2007-12-15,20:00,282,2024,Regulier,1,1
13672,2007-12-15,20:00,25,3530,Regulier,1,2
13673,2007-12-15,20:00,3900,16,Regulier,0,0
13674,2007-12-15,20:00,1936,12,Regulier,1,4
13675,2007-12-15,20:00,224,134,Regulier,1,3
13676,2007-12-15,20:00,44,373,Regulier,0,0
13677,2007-12-16,13:00,3,35,Regulier,1,0
13678,2007-12-16,18:00,22,7,Regulier,1,2
13679,2007-12-22,20:00,35,44,Regulier,3,2
13680,2007-12-22,20:00,373,25,Regulier,0,1
13681,2007-12-22,20:00,3530,224,Regulier,3,0
13682,2007-12-22,20:00,7,3900,Regulier,2,4
13683,2007-12-22,20:00,5381,1936,Regulier,1,0
13684,2007-12-23,18:00,12,22,Regulier,3,1
13685,2007-12-23,20:30,134,282,Regulier,1,1
13686,2007-12-23,20:30,16,322,Regulier,3,1
13687,2007-12-23,20:30,2024,3,Regulier,0,0
13688,2008-01-18,20:30,44,3,Regulier,0,1
13689,2008-01-19,20:00,2024,1936,Regulier,7,2
13690,2008-01-19,20:00,35,25,Regulier,1,0
13691,2008-01-19,20:00,3530,3900,Regulier,1,0
13692,2008-01-19,20:00,16,5381,Regulier,3,1
13693,2008-01-19,20:00,134,22,Regulier,1,2
13694,2008-01-19,20:00,373,282,Regulier,1,1
13695,2008-01-20,18:00,7,224,Regulier,2,0
13696,2008-01-20,20:30,12,322,Regulier,5,1
13697,2008-01-25,20:30,5381,12,Regulier,0,3
13698,2008-01-26,20:00,22,2024,Regulier,1,1
13699,2008-01-26,20:00,3,3530,Regulier,3,0
13700,2008-01-26,20:00,322,7,Regulier,3,3
13701,2008-01-26,20:00,224,373,Regulier,0,0
13702,2008-01-26,20:00,3900,134,Regulier,2,1
13703,2008-01-26,20:00,25,44,Regulier,2,0
13704,2008-01-27,18:00,282,35,Regulier,0,0
13705,2008-01-27,20:30,1936,16,Regulier,0,1
13706,2008-02-02,20:00,7,1936,Regulier,1,0
13707,2008-02-02,20:00,2024,5381,Regulier,1,1
13708,2008-02-02,20:00,25,22,Regulier,1,0
13709,2008-02-02,20:00,44,224,Regulier,2,0
13710,2008-02-02,20:00,134,322,Regulier,0,0
13711,2008-02-02,20:00,35,3900,Regulier,1,0
13712,2008-02-03,13:00,373,3,Regulier,1,1
13713,2008-02-03,18:00,3530,282,Regulier,1,1
13714,2008-02-03,20:30,12,16,Regulier,0,0
13715,2008-02-09,20:00,22,373,Regulier,1,1
13716,2008-02-09,20:00,1936,35,Regulier,2,4
13717,2008-02-09,20:00,3,25,Regulier,2,0
13718,2008-02-09,20:00,282,44,Regulier,1,2
13719,2008-02-09,20:00,3900,12,Regulier,2,4
13720,2008-02-09,20:00,224,2024,Regulier,1,2
13721,2008-02-09,21:00,16,134,Regulier,0,0
13722,2008-02-10,18:00,5381,7,Regulier,2,1
13723,2008-02-10,20:30,322,3530,Regulier,1,3
13724,2008-02-15,20:30,7,12,Regulier,3,2
13725,2008-02-16,20:00,134,1936,Regulier,2,0
13726,2008-02-16,20:00,44,22,Regulier,0,0
13727,2008-02-16,20:00,2024,322,Regulier,2,1
13728,2008-02-16,20:00,3530,5381,Regulier,0,0
13729,2008-02-16,20:00,373,3900,Regulier,1,2
13730,2008-02-16,20:00,25,282,Regulier,1,1
13731,2008-02-17,13:00,3,16,Regulier,1,2
13732,2008-02-17,18:00,35,224,Regulier,2,1
13733,2008-02-22,20:30,322,373,Regulier,0,1
13734,2008-02-23,20:00,12,134,Regulier,0,0
13735,2008-02-23,20:00,224,25,Regulier,0,1
13736,2008-02-23,20:00,22,3530,Regulier,0,0
13737,2008-02-23,20:00,3900,2024,Regulier,2,0
13738,2008-02-23,20:00,1936,44,Regulier,1,1
13739,2008-02-23,21:00,16,7,Regulier,0,0
13740,2008-02-24,18:00,282,3,Regulier,0,1
13741,2008-02-24,20:30,5381,35,Regulier,1,0
13742,2008-02-29,20:30,3,22,Regulier,0,2
13743,2008-03-01,20:00,134,7,Regulier,0,1
13744,2008-03-01,20:00,25,5381,Regulier,2,1
13745,2008-03-01,20:00,44,3900,Regulier,2,2
13746,2008-03-01,20:00,282,224,Regulier,0,0
13747,2008-03-01,20:00,373,1936,Regulier,1,1
13748,2008-03-01,20:00,2024,16,Regulier,1,3
13749,2008-03-02,18:00,3530,12,Regulier,3,0
13750,2008-03-02,20:30,35,322,Regulier,1,0
13751,2008-03-07,20:30,16,373,Regulier,2,1
13752,2008-03-08,20:00,1936,282,Regulier,2,0
13753,2008-03-08,20:00,3900,25,Regulier,0,3
13754,2008-03-08,20:00,224,3,Regulier,2,0
13755,2008-03-08,20:00,12,2024,Regulier,1,0
13756,2008-03-08,20:00,322,44,Regulier,1,2
13757,2008-03-08,20:00,5381,134,Regulier,3,1
13758,2008-03-09,18:00,7,3530,Regulier,2,1
13759,2008-03-09,20:30,22,35,Regulier,0,2
13760,2008-03-14,20:30,3530,16,Regulier,1,2
13761,2008-03-15,20:00,224,22,Regulier,3,1
13762,2008-03-15,20:00,282,3900,Regulier,1,0
13763,2008-03-15,20:00,2024,7,Regulier,2,0
13764,2008-03-15,20:00,373,12,Regulier,0,0
13765,2008-03-15,20:00,44,5381,Regulier,3,0
13766,2008-03-15,20:00,3,1936,Regulier,1,0
13767,2008-03-16,18:00,35,134,Regulier,5,0
13768,2008-03-16,20:30,25,322,Regulier,2,2
13769,2008-03-21,20:30,322,224,Regulier,3,1
13770,2008-03-22,20:00,5381,373,Regulier,3,2
13771,2008-03-22,20:00,3900,3,Regulier,1,0
13772,2008-03-22,20:00,1936,3530,Regulier,1,2
13773,2008-03-22,20:00,22,282,Regulier,1,0
13774,2008-03-22,20:00,134,2024,Regulier,0,2
13775,2008-03-22,20:00,12,25,Regulier,2,0
13776,2008-03-23,18:00,7,35,Regulier,2,3
13777,2008-03-23,20:30,16,44,Regulier,2,0
13778,2008-03-29,20:00,282,5381,Regulier,0,0
13779,2008-03-29,20:00,22,1936,Regulier,1,0
13780,2008-03-29,20:00,3530,2024,Regulier,0,2
13781,2008-03-29,20:00,224,3900,Regulier,2,1
13782,2008-03-29,20:00,44,7,Regulier,4,0
13783,2008-03-29,20:00,373,134,Regulier,0,1
13784,2008-03-29,21:00,25,16,Regulier,0,1
13785,2008-03-30,17:00,35,12,Regulier,3,1
13786,2008-03-30,19:30,3,322,Regulier,2,6
13787,2008-04-04,19:30,7,373,Regulier,2,3
13788,2008-04-05,19:00,134,3530,Regulier,1,0
13789,2008-04-05,19:00,5381,3,Regulier,2,3
13790,2008-04-05,19:00,12,44,Regulier,0,0
13791,2008-04-05,19:00,3900,22,Regulier,2,4
13792,2008-04-05,19:00,1936,25,Regulier,2,2
13793,2008-04-05,19:00,322,282,Regulier,2,3
13794,2008-04-05,21:00,16,224,Regulier,1,0
13795,2008-04-06,19:30,2024,35,Regulier,0,2
13796,2008-04-11,20:30,282,16,Regulier,0,0
13797,2008-04-12,19:00,25,7,Regulier,1,0
13798,2008-04-12,19:00,224,5381,Regulier,0,2
13799,2008-04-12,19:00,22,322,Regulier,3,1
13800,2008-04-12,19:00,3900,1936,Regulier,1,1
13801,2008-04-12,19:00,44,134,Regulier,1,1
13802,2008-04-12,19:00,373,2024,Regulier,0,2
13803,2008-04-13,17:00,3,12,Regulier,1,0
13804,2008-04-13,19:30,35,3530,Regulier,2,0
13805,2008-04-18,19:30,12,282,Regulier,3,2
13806,2008-04-19,19:00,5381,22,Regulier,2,2
13807,2008-04-19,19:00,322,3900,Regulier,2,0
13808,2008-04-19,19:00,3530,373,Regulier,2,1
13809,2008-04-19,19:00,1936,224,Regulier,0,2
13810,2008-04-19,19:00,2024,44,Regulier,0,0
13811,2008-04-19,19:00,134,25,Regulier,2,2
13812,2008-04-20,17:00,7,3,Regulier,0,0
13813,2008-04-20,20:30,16,35,Regulier,2,0
13814,2008-04-25,19:30,282,7,Regulier,1,1
13815,2008-04-26,19:00,322,1936,Regulier,2,1
13816,2008-04-26,19:00,35,373,Regulier,4,1
13817,2008-04-26,19:00,3900,5381,Regulier,2,1
13818,2008-04-26,19:00,44,3530,Regulier,0,0
13819,2008-04-26,19:00,25,2024,Regulier,1,0
13820,2008-04-26,19:00,224,12,Regulier,1,0
13821,2008-04-27,18:00,22,16,Regulier,2,1
13822,2008-04-27,19:30,3,134,Regulier,1,0
13823,2008-05-02,19:30,5381,322,Regulier,2,2
13824,2008-05-03,19:00,7,22,Regulier,2,1
13825,2008-05-03,19:00,3530,25,Regulier,4,3
13826,2008-05-03,19:00,134,224,Regulier,2,1
13827,2008-05-03,19:00,12,1936,Regulier,0,0
13828,2008-05-03,19:00,373,44,Regulier,1,1
13829,2008-05-03,19:00,35,3,Regulier,2,0
13830,2008-05-03,19:00,2024,282,Regulier,1,2
13831,2008-05-03,20:00,16,3900,Regulier,3,0
13832,2008-05-09,19:30,1936,5381,Regulier,1,2
13833,2008-05-10,19:00,3900,7,Regulier,0,3
13834,2008-05-10,19:00,224,3530,Regulier,1,0
13835,2008-05-10,19:00,282,134,Regulier,3,0
13836,2008-05-10,19:00,3,2024,Regulier,4,0
13837,2008-05-10,19:00,44,35,Regulier,1,2
13838,2008-05-10,19:00,22,12,Regulier,1,3
13839,2008-05-10,19:00,25,373,Regulier,2,3
13840,2008-05-10,20:00,322,16,Regulier,0,2
13841,2008-08-17,18:00,7,44,Regulier,5,0
13842,2008-08-17,20:00,134,19,Regulier,2,2
13843,2008-08-17,20:00,5632,224,Regulier,1,2
13844,2008-08-17,20:00,12,35,Regulier,0,3
13845,2008-08-17,20:00,2024,22,Regulier,1,0
13846,2008-08-17,20:00,5381,282,Regulier,0,0
13847,2008-08-17,20:00,3900,16,Regulier,1,3
13848,2008-08-17,20:30,25,3,Regulier,1,1
13849,2008-08-17,20:30,322,3530,Regulier,1,1
13850,2008-08-24,18:00,44,322,Regulier,3,1
13851,2008-08-24,18:00,16,2024,Regulier,3,0
13852,2008-08-24,20:00,282,5632,Regulier,4,1
13853,2008-08-24,20:00,22,134,Regulier,1,0
13854,2008-08-24,20:00,35,7,Regulier,2,2
13855,2008-08-24,20:00,224,25,Regulier,3,1
13856,2008-08-24,20:00,3530,3900,Regulier,1,1
13857,2008-08-24,20:00,19,12,Regulier,2,1
13858,2008-08-24,20:30,3,5381,Regulier,2,0
13859,2008-08-31,18:00,134,16,Regulier,1,1
13860,2008-08-31,20:00,2024,3530,Regulier,1,0
13861,2008-08-31,20:00,12,44,Regulier,2,1
13862,2008-08-31,20:00,35,19,Regulier,4,0
13863,2008-08-31,20:00,3900,224,Regulier,1,2
13864,2008-08-31,20:00,322,282,Regulier,1,0
13865,2008-08-31,20:00,25,5381,Regulier,0,2
13866,2008-08-31,20:30,5632,3,Regulier,1,4
13867,2008-08-31,20:30,7,22,Regulier,2,0
13868,2008-09-14,18:00,22,12,Regulier,3,2
13869,2008-09-14,18:00,44,35,Regulier,1,2
13870,2008-09-14,20:00,282,2024,Regulier,1,1
13871,2008-09-14,20:00,25,5632,Regulier,0,0
13872,2008-09-14,20:00,16,19,Regulier,2,0
13873,2008-09-14,20:00,3,3900,Regulier,1,1
13874,2008-09-14,20:00,224,7,Regulier,4,2
13875,2008-09-14,20:00,3530,134,Regulier,3,0
13876,2008-09-14,20:30,5381,322,Regulier,1,3
13877,2008-09-21,18:00,5632,16,Regulier,0,1
13878,2008-09-21,20:00,12,3530,Regulier,1,0
13879,2008-09-21,20:00,7,25,Regulier,1,2
13880,2008-09-21,20:00,19,44,Regulier,1,0
13881,2008-09-21,20:00,3900,5381,Regulier,2,0
13882,2008-09-21,20:00,2024,224,Regulier,0,0
13883,2008-09-21,20:00,134,282,Regulier,0,1
13884,2008-09-21,20:30,35,22,Regulier,2,0
13885,2008-09-21,20:30,322,3,Regulier,0,1
13886,2008-09-28,18:00,224,322,Regulier,1,2
13887,2008-09-28,20:00,44,134,Regulier,2,0
13888,2008-09-28,20:00,3,2024,Regulier,2,0
13889,2008-09-28,20:00,5381,5632,Regulier,1,0
13890,2008-09-28,20:00,22,19,Regulier,1,2
13891,2008-09-28,20:00,282,12,Regulier,1,1
13892,2008-09-28,20:30,16,35,Regulier,2,1
13893,2008-09-28,20:30,3530,7,Regulier,2,2
13894,2008-09-28,20:30,25,3900,Regulier,4,1
13895,2008-10-05,18:00,134,3,Regulier,0,1
13896,2008-10-05,20:00,7,282,Regulier,1,1
13897,2008-10-05,20:00,44,22,Regulier,1,1
13898,2008-10-05,20:00,322,25,Regulier,2,1
13899,2008-10-05,20:00,19,3530,Regulier,0,0
13900,2008-10-05,20:00,5632,3900,Regulier,2,1
13901,2008-10-05,20:00,2024,5381,Regulier,3,2
13902,2008-10-05,20:30,12,16,Regulier,4,1
13903,2008-10-05,20:30,35,224,Regulier,2,1
13904,2008-10-19,18:00,3,12,Regulier,3,1
13905,2008-10-19,18:00,3900,322,Regulier,2,4
13906,2008-10-19,20:00,16,44,Regulier,2,1
13907,2008-10-19,20:00,282,19,Regulier,2,0
13908,2008-10-19,20:00,25,2024,Regulier,1,3
13909,2008-10-19,20:00,3530,22,Regulier,1,2
13910,2008-10-19,20:00,5632,7,Regulier,0,1
13911,2008-10-19,20:00,224,134,Regulier,2,0
13912,2008-10-19,20:30,5381,35,Regulier,4,0
13913,2008-10-26,19:00,7,3,Regulier,3,0
13914,2008-10-26,20:00,35,25,Regulier,7,1
13915,2008-10-26,20:00,44,3530,Regulier,0,0
13916,2008-10-26,20:00,134,5381,Regulier,0,3
13917,2008-10-26,20:00,22,282,Regulier,1,1
13918,2008-10-26,20:00,2024,5632,Regulier,4,1
13919,2008-10-26,20:00,12,3900,Regulier,1,2
13920,2008-10-26,20:30,322,16,Regulier,0,0
13921,2008-10-26,20:30,19,224,Regulier,2,2
13922,2008-10-31,20:30,16,22,Regulier,1,2
13923,2008-11-01,21:00,3,19,Regulier,4,1
13924,2008-11-01,21:00,3900,2024,Regulier,2,2
13925,2008-11-01,21:00,282,44,Regulier,0,0
13926,2008-11-01,21:00,5632,322,Regulier,1,3
13927,2008-11-01,21:00,25,134,Regulier,1,2
13928,2008-11-01,21:00,224,12,Regulier,0,1
13929,2008-11-02,19:00,5381,7,Regulier,0,2
13930,2008-11-02,21:30,3530,35,Regulier,1,3
13931,2008-11-07,21:30,12,5381,Regulier,2,0
13932,2008-11-08,21:00,44,224,Regulier,0,0
13933,2008-11-08,21:00,7,3900,Regulier,1,1
13934,2008-11-08,21:00,134,5632,Regulier,1,2
13935,2008-11-08,21:00,19,25,Regulier,0,0
13936,2008-11-08,21:00,2024,322,Regulier,1,0
13937,2008-11-08,21:00,35,282,Regulier,2,3
13938,2008-11-09,19:00,22,3,Regulier,2,2
13939,2008-11-09,20:30,3530,16,Regulier,1,3
13940,2008-11-14,21:30,2024,7,Regulier,3,2
13941,2008-11-15,21:00,322,134,Regulier,1,1
13942,2008-11-15,21:00,5632,12,Regulier,3,0
13943,2008-11-15,21:00,224,22,Regulier,2,1
13944,2008-11-15,21:00,25,44,Regulier,0,0
13945,2008-11-15,21:00,5381,3530,Regulier,2,2
13946,2008-11-15,21:00,3900,19,Regulier,1,0
13947,2008-11-16,14:00,3,35,Regulier,1,1
13948,2008-11-16,18:00,282,16,Regulier,1,1
13949,2008-11-22,18:00,44,3,Regulier,1,2
13950,2008-11-22,20:00,22,5632,Regulier,3,2
13951,2008-11-22,20:00,35,2024,Regulier,2,0
13952,2008-11-22,20:00,12,25,Regulier,2,1
13953,2008-11-22,20:00,134,3900,Regulier,2,2
13954,2008-11-22,20:00,3530,282,Regulier,0,2
13955,2008-11-22,20:00,16,224,Regulier,3,1
13956,2008-11-23,20:30,19,5381,Regulier,1,0
13957,2008-11-23,20:30,7,322,Regulier,2,3
13958,2008-11-28,20:30,3900,35,Regulier,0,2
13959,2008-11-29,20:00,5632,19,Regulier,3,3
13960,2008-11-29,20:00,5381,22,Regulier,4,2
13961,2008-11-29,20:00,7,134,Regulier,4,0
13962,2008-11-29,20:00,322,12,Regulier,3,2
13963,2008-11-29,20:00,224,282,Regulier,2,0
13964,2008-11-29,20:00,2024,44,Regulier,2,1
13965,2008-11-30,18:00,25,16,Regulier,0,0
13966,2008-11-30,20:30,3,3530,Regulier,3,0
13967,2008-12-05,20:30,12,7,Regulier,3,1
13968,2008-12-06,20:00,35,5632,Regulier,5,1
13969,2008-12-06,20:00,134,2024,Regulier,1,0
13970,2008-12-06,20:00,16,5381,Regulier,1,2
13971,2008-12-06,20:00,3530,224,Regulier,3,0
13972,2008-12-06,20:00,22,25,Regulier,1,2
13973,2008-12-06,20:00,44,3900,Regulier,5,2
13974,2008-12-07,18:00,19,322,Regulier,3,1
13975,2008-12-07,20:30,282,3,Regulier,2,0
13976,2008-12-12,20:30,25,3530,Regulier,2,1
13977,2008-12-13,20:00,5381,224,Regulier,2,1
13978,2008-12-13,20:00,322,22,Regulier,1,0
13979,2008-12-13,20:00,2024,12,Regulier,1,2
13980,2008-12-13,20:00,3900,282,Regulier,1,1
13981,2008-12-13,20:00,7,19,Regulier,1,1
13982,2008-12-13,20:00,5632,44,Regulier,2,1
13983,2008-12-14,13:00,3,16,Regulier,1,4
13984,2008-12-14,18:00,134,35,Regulier,0,3
13985,2008-12-19,20:30,35,322,Regulier,2,0
13986,2008-12-20,20:00,44,5381,Regulier,2,2
13987,2008-12-20,20:00,3530,5632,Regulier,2,0
13988,2008-12-20,20:00,12,134,Regulier,4,3
13989,2008-12-20,20:00,282,25,Regulier,2,2
13990,2008-12-20,20:00,22,3900,Regulier,2,0
13991,2008-12-20,20:00,224,3,Regulier,5,1
13992,2008-12-21,18:00,19,2024,Regulier,0,0
13993,2008-12-21,20:30,16,7,Regulier,2,1
13994,2009-01-16,20:30,35,12,Regulier,1,2
13995,2009-01-17,20:00,16,3900,Regulier,3,2
13996,2009-01-17,20:00,19,134,Regulier,2,1
13997,2009-01-17,20:00,224,5632,Regulier,1,1
13998,2009-01-17,20:00,44,7,Regulier,1,2
13999,2009-01-17,20:00,282,5381,Regulier,2,1
14000,2009-01-17,20:00,3,25,Regulier,3,0
14001,2009-01-18,18:00,22,2024,Regulier,1,2
14002,2009-01-18,20:30,3530,322,Regulier,4,1
14003,2009-01-24,20:00,5632,282,Regulier,2,1
14004,2009-01-24,20:00,25,224,Regulier,2,2
14005,2009-01-24,20:00,322,44,Regulier,2,0
14006,2009-01-24,20:00,3900,3530,Regulier,0,1
14007,2009-01-24,20:00,134,22,Regulier,3,1
14008,2009-01-24,20:00,12,19,Regulier,0,1
14009,2009-01-25,18:00,5381,3,Regulier,3,1
14010,2009-01-25,20:30,7,35,Regulier,1,2
14011,2009-01-25,20:30,2024,16,Regulier,0,1
14012,2009-01-31,18:00,3530,2024,Regulier,2,1
14013,2009-01-31,20:00,16,134,Regulier,3,0
14014,2009-01-31,20:00,224,3900,Regulier,0,2
14015,2009-01-31,20:00,19,35,Regulier,1,3
14016,2009-01-31,20:00,3,5632,Regulier,3,1
14017,2009-01-31,20:00,5381,25,Regulier,1,1
14018,2009-01-31,20:00,44,12,Regulier,1,1
14019,2009-02-01,18:00,22,7,Regulier,2,5
14020,2009-02-01,20:30,282,322,Regulier,1,2
14021,2009-02-06,20:30,19,16,Regulier,0,2
14022,2009-02-07,20:00,35,44,Regulier,3,2
14023,2009-02-07,20:00,3900,3,Regulier,0,2
14024,2009-02-07,20:00,322,5381,Regulier,1,2
14025,2009-02-07,20:00,7,224,Regulier,2,0
14026,2009-02-07,20:00,134,3530,Regulier,2,2
14027,2009-02-07,20:00,5632,25,Regulier,1,5
14028,2009-02-08,18:00,2024,282,Regulier,1,0
14029,2009-02-08,20:30,12,22,Regulier,2,2
14030,2009-02-14,18:00,3530,12,Regulier,1,1
14031,2009-02-14,20:00,224,2024,Regulier,0,0
14032,2009-02-14,20:00,25,7,Regulier,3,3
14033,2009-02-14,20:00,44,19,Regulier,1,1
14034,2009-02-14,20:00,16,5632,Regulier,4,0
14035,2009-02-14,20:00,5381,3900,Regulier,1,0
14036,2009-02-14,20:00,282,134,Regulier,2,1
14037,2009-02-15,18:00,22,35,Regulier,0,1
14038,2009-02-15,20:30,3,322,Regulier,0,2
14039,2009-02-20,20:30,322,224,Regulier,1,1
14040,2009-02-21,20:00,19,22,Regulier,1,1
14041,2009-02-21,20:00,5632,5381,Regulier,0,6
14042,2009-02-21,20:00,3900,25,Regulier,1,2
14043,2009-02-21,20:00,134,44,Regulier,3,2
14044,2009-02-21,20:00,7,3530,Regulier,1,3
14045,2009-02-21,20:00,12,282,Regulier,0,0
14046,2009-02-22,18:00,2024,3,Regulier,1,1
14047,2009-02-22,20:30,35,16,Regulier,4,2
14048,2009-02-27,20:30,25,322,Regulier,2,1
14049,2009-02-28,20:00,3,134,Regulier,2,1
14050,2009-02-28,20:00,3530,19,Regulier,3,0
14051,2009-02-28,20:00,224,35,Regulier,1,1
14052,2009-02-28,20:00,3900,5632,Regulier,4,0
14053,2009-02-28,20:00,22,44,Regulier,3,0
14054,2009-02-28,20:00,5381,2024,Regulier,1,1
14055,2009-03-01,18:00,282,7,Regulier,0,1
14056,2009-03-01,20:30,16,12,Regulier,4,0
14057,2009-03-06,20:30,44,16,Regulier,0,1
14058,2009-03-07,20:00,7,5632,Regulier,2,0
14059,2009-03-07,20:00,19,282,Regulier,2,3
14060,2009-03-07,20:00,322,3900,Regulier,4,3
14061,2009-03-07,20:00,35,5381,Regulier,2,0
14062,2009-03-07,20:00,134,224,Regulier,2,0
14063,2009-03-07,20:00,22,3530,Regulier,0,0
14064,2009-03-08,18:00,2024,25,Regulier,0,1
14065,2009-03-08,20:30,12,3,Regulier,1,3
14066,2009-03-13,20:30,25,35,Regulier,2,1
14067,2009-03-14,20:00,3530,44,Regulier,2,0
14068,2009-03-14,20:00,282,22,Regulier,0,0
14069,2009-03-14,20:00,3900,12,Regulier,1,0
14070,2009-03-14,20:00,5381,134,Regulier,0,0
14071,2009-03-14,20:00,5632,2024,Regulier,1,2
14072,2009-03-14,20:00,224,19,Regulier,1,0
14073,2009-03-15,18:00,3,7,Regulier,1,4
14074,2009-03-15,20:30,16,322,Regulier,2,0
14075,2009-03-20,20:30,19,3,Regulier,2,3
14076,2009-03-21,20:00,322,5632,Regulier,3,0
14077,2009-03-21,20:00,134,25,Regulier,1,0
14078,2009-03-21,20:00,2024,3900,Regulier,3,1
14079,2009-03-21,20:00,44,282,Regulier,0,2
14080,2009-03-21,20:00,35,3530,Regulier,2,0
14081,2009-03-21,20:00,12,224,Regulier,0,1
14082,2009-03-22,18:00,7,5381,Regulier,1,0
14083,2009-03-22,20:30,22,16,Regulier,1,0
14084,2009-04-04,18:00,5381,12,Regulier,3,1
14085,2009-04-04,20:00,3900,7,Regulier,1,1
14086,2009-04-04,20:00,322,2024,Regulier,1,4
14087,2009-04-04,20:00,3,22,Regulier,2,1
14088,2009-04-04,20:00,25,19,Regulier,1,1
14089,2009-04-04,20:00,5632,134,Regulier,0,1
14090,2009-04-04,20:00,224,44,Regulier,3,2
14091,2009-04-05,18:00,16,3530,Regulier,3,1
14092,2009-04-05,20:30,282,35,Regulier,0,0
14093,2009-04-10,20:30,134,322,Regulier,1,0
14094,2009-04-11,20:00,3530,5381,Regulier,1,2
14095,2009-04-11,20:00,19,3900,Regulier,1,2
14096,2009-04-11,20:00,44,25,Regulier,0,1
14097,2009-04-11,20:00,22,224,Regulier,1,0
14098,2009-04-11,20:00,12,5632,Regulier,4,1
14099,2009-04-11,20:00,16,282,Regulier,1,0
14100,2009-04-12,18:00,7,2024,Regulier,2,0
14101,2009-04-12,20:30,35,3,Regulier,1,0
14102,2009-04-17,20:30,322,7,Regulier,2,2
14103,2009-04-18,20:00,5381,19,Regulier,5,1
14104,2009-04-18,20:00,3,44,Regulier,3,2
14105,2009-04-18,20:00,25,12,Regulier,0,1
14106,2009-04-18,20:00,282,3530,Regulier,1,0
14107,2009-04-18,20:00,5632,22,Regulier,3,1
14108,2009-04-18,20:00,224,16,Regulier,0,3
14109,2009-04-19,18:00,2024,35,Regulier,0,1
14110,2009-04-19,20:30,3900,134,Regulier,3,1
14111,2009-04-24,20:30,3530,3,Regulier,2,0
14112,2009-04-25,20:00,35,3900,Regulier,4,0
14113,2009-04-25,20:00,19,5632,Regulier,2,2
14114,2009-04-25,20:00,22,5381,Regulier,1,0
14115,2009-04-25,20:00,44,2024,Regulier,0,2
14116,2009-04-25,20:00,282,224,Regulier,3,0
14117,2009-04-25,20:00,16,25,Regulier,4,1
14118,2009-04-26,18:00,134,7,Regulier,1,3
14119,2009-04-26,20:30,12,322,Regulier,1,2
14120,2009-05-01,20:30,3,282,Regulier,2,3
14121,2009-05-02,20:00,224,3530,Regulier,3,1
14122,2009-05-02,20:00,3900,44,Regulier,0,0
14123,2009-05-02,20:00,25,22,Regulier,2,1
14124,2009-05-02,20:00,5381,16,Regulier,0,0
14125,2009-05-02,20:00,7,12,Regulier,2,1
14126,2009-05-02,20:00,2024,134,Regulier,1,0
14127,2009-05-03,18:00,322,19,Regulier,0,1
14128,2009-05-03,20:30,5632,35,Regulier,1,1
14129,2009-05-08,20:30,3530,25,Regulier,3,1
14130,2009-05-09,20:00,224,5381,Regulier,0,2
14131,2009-05-09,20:00,282,3900,Regulier,0,2
14132,2009-05-09,20:00,16,3,Regulier,2,0
14133,2009-05-09,20:00,12,2024,Regulier,2,1
14134,2009-05-09,20:00,22,322,Regulier,3,0
14135,2009-05-09,20:00,19,7,Regulier,0,2
14136,2009-05-09,20:00,35,134,Regulier,3,1
14137,2009-05-09,20:00,44,5632,Regulier,1,1
14138,2009-05-15,20:30,25,282,Regulier,3,0
14139,2009-05-16,20:00,5632,3530,Regulier,1,0
14140,2009-05-16,20:00,134,12,Regulier,1,2
14141,2009-05-16,20:00,322,35,Regulier,0,2
14142,2009-05-16,20:00,5381,44,Regulier,3,0
14143,2009-05-16,20:00,3900,22,Regulier,1,2
14144,2009-05-16,20:00,3,224,Regulier,4,1
14145,2009-05-16,20:00,2024,19,Regulier,1,3
14146,2009-05-16,20:00,7,16,Regulier,0,1
14147,2009-08-02,18:00,22,3,Regulier,1,2
14148,2009-08-02,20:00,134,3530,Regulier,1,1
14149,2009-08-02,20:00,25,2024,Regulier,4,1
14150,2009-08-02,20:00,19,35,Regulier,0,2
14151,2009-08-02,20:00,282,5381,Regulier,1,1
14152,2009-08-02,20:30,12,7,Regulier,1,3
14153,2009-08-02,20:30,16,373,Regulier,2,2
14154,2009-08-09,18:00,7,25,Regulier,2,1
14155,2009-08-09,20:00,35,12,Regulier,3,2
14156,2009-08-09,20:00,2024,19,Regulier,1,1
14157,2009-08-09,20:00,373,22,Regulier,0,0
14158,2009-08-09,20:00,5381,322,Regulier,2,2
14159,2009-08-09,20:30,3530,16,Regulier,1,1
14160,2009-08-09,20:30,3,282,Regulier,2,0
14161,2009-08-16,18:00,35,2024,Regulier,3,0
14162,2009-08-16,20:00,12,5381,Regulier,2,2
14163,2009-08-16,20:00,322,7,Regulier,1,1
14164,2009-08-16,20:00,25,3,Regulier,2,1
14165,2009-08-16,20:00,134,16,Regulier,1,5
14166,2009-08-16,20:00,282,373,Regulier,1,2
14167,2009-08-16,20:30,22,3530,Regulier,1,0
14168,2009-08-23,18:00,3,19,Regulier,2,2
14169,2009-08-23,20:00,5381,35,Regulier,0,2
14170,2009-08-23,20:00,7,282,Regulier,4,1
14171,2009-08-23,20:00,373,134,Regulier,2,1
14172,2009-08-23,20:00,3530,25,Regulier,1,3
14173,2009-08-23,20:30,2024,322,Regulier,0,1
14174,2009-08-23,20:30,16,22,Regulier,1,1
14175,2009-08-30,18:00,322,3530,Regulier,1,1
14176,2009-08-30,18:00,12,3,Regulier,2,3
14177,2009-08-30,20:00,25,373,Regulier,0,2
14178,2009-08-30,20:00,19,7,Regulier,1,0
14179,2009-08-30,20:00,134,22,Regulier,1,3
14180,2009-08-30,20:30,35,16,Regulier,1,1
14181,2009-08-30,20:30,2024,5381,Regulier,1,2
14182,2009-09-13,18:00,373,35,Regulier,2,1
14183,2009-09-13,18:00,3530,282,Regulier,2,1
14184,2009-09-13,20:00,16,25,Regulier,3,0
14185,2009-09-13,20:00,22,12,Regulier,0,4
14186,2009-09-13,20:00,5381,19,Regulier,0,2
14187,2009-09-13,20:00,7,134,Regulier,5,1
14188,2009-09-13,20:30,3,322,Regulier,1,1
14189,2009-09-20,18:00,2024,3,Regulier,1,4
14190,2009-09-20,20:00,19,373,Regulier,0,1
14191,2009-09-20,20:00,282,16,Regulier,1,3
14192,2009-09-20,20:00,25,134,Regulier,3,2
14193,2009-09-20,20:00,12,3530,Regulier,1,2
14194,2009-09-20,20:30,322,22,Regulier,1,2
14195,2009-09-20,21:00,35,7,Regulier,1,1
14196,2009-09-23,20:30,373,322,Regulier,2,4
14197,2009-09-23,20:30,22,25,Regulier,1,2
14198,2009-09-23,20:30,3,5381,Regulier,3,1
14199,2009-09-23,20:30,134,282,Regulier,1,2
14200,2009-09-23,20:30,7,2024,Regulier,1,2
14201,2009-09-23,20:30,16,12,Regulier,1,1
14202,2009-09-23,20:30,3530,19,Regulier,1,0
14203,2009-09-27,18:00,35,3530,Regulier,1,0
14204,2009-09-27,20:00,19,16,Regulier,0,2
14205,2009-09-27,20:00,322,134,Regulier,1,1
14206,2009-09-27,20:00,282,22,Regulier,4,1
14207,2009-09-27,20:00,2024,373,Regulier,2,0
14208,2009-09-27,20:00,5381,7,Regulier,3,1
14209,2009-09-27,20:30,12,25,Regulier,1,0
14210,2009-10-03,20:00,3530,2024,Regulier,3,1
14211,2009-10-03,20:00,373,5381,Regulier,1,2
14212,2009-10-03,20:00,134,12,Regulier,3,2
14213,2009-10-03,20:00,25,282,Regulier,2,0
14214,2009-10-03,20:00,22,19,Regulier,3,3
14215,2009-10-04,16:00,3,35,Regulier,4,2
14216,2009-10-04,20:30,16,322,Regulier,1,0
14217,2009-10-17,18:00,5381,3530,Regulier,4,0
14218,2009-10-17,20:00,19,134,Regulier,2,0
14219,2009-10-17,20:00,282,12,Regulier,1,1
14220,2009-10-17,20:00,35,22,Regulier,2,0
14221,2009-10-17,20:00,2024,16,Regulier,2,0
14222,2009-10-18,18:00,322,25,Regulier,1,2
14223,2009-10-18,20:30,3,7,Regulier,1,0
14224,2009-10-23,20:30,282,322,Regulier,0,2
14225,2009-10-24,20:00,373,7,Regulier,1,2
14226,2009-10-24,20:00,22,2024,Regulier,1,1
14227,2009-10-24,20:00,16,5381,Regulier,1,1
14228,2009-10-24,20:00,12,19,Regulier,1,1
14229,2009-10-25,18:00,134,3,Regulier,2,3
14230,2009-10-25,20:30,25,35,Regulier,0,2
14231,2009-10-31,20:00,19,25,Regulier,2,0
14232,2009-10-31,20:00,2024,134,Regulier,2,2
14233,2009-10-31,20:00,3,373,Regulier,1,0
14234,2009-10-31,20:00,35,282,Regulier,2,0
14235,2009-10-31,20:00,5381,22,Regulier,2,2
14236,2009-11-01,20:00,322,12,Regulier,2,0
14237,2009-11-01,20:30,7,3530,Regulier,0,1
14238,2009-11-06,20:30,22,7,Regulier,0,2
14239,2009-11-07,20:00,12,2024,Regulier,2,1
14240,2009-11-07,20:00,282,19,Regulier,0,0
14241,2009-11-07,20:00,3530,373,Regulier,4,1
14242,2009-11-07,20:00,134,5381,Regulier,2,0
14243,2009-11-08,18:00,322,35,Regulier,0,2
14244,2009-11-08,20:30,16,3,Regulier,3,1
14245,2009-11-21,18:00,7,16,Regulier,2,1
14246,2009-11-21,20:00,3,3530,Regulier,1,2
14247,2009-11-21,20:00,373,12,Regulier,1,1
14248,2009-11-21,20:00,35,134,Regulier,3,1
14249,2009-11-21,20:00,2024,282,Regulier,1,0
14250,2009-11-22,18:00,5381,25,Regulier,4,1
14251,2009-11-22,20:30,19,322,Regulier,2,1
14252,2009-11-27,20:30,35,19,Regulier,1,0
14253,2009-11-28,20:00,2024,25,Regulier,2,0
14254,2009-11-28,20:00,7,12,Regulier,3,1
14255,2009-11-28,20:00,3,22,Regulier,1,0
14256,2009-11-28,20:00,3530,134,Regulier,3,0
14257,2009-11-29,18:00,5381,282,Regulier,1,0
14258,2009-11-29,20:30,373,16,Regulier,2,0
14259,2009-12-04,20:30,25,7,Regulier,2,5
14260,2009-12-05,20:00,16,3530,Regulier,2,2
14261,2009-12-05,20:00,322,2024,Regulier,0,0
14262,2009-12-05,20:00,22,373,Regulier,0,0
14263,2009-12-05,20:00,19,5381,Regulier,1,0
14264,2009-12-06,18:00,282,3,Regulier,0,1
14265,2009-12-06,20:30,12,35,Regulier,1,3
14266,2009-12-11,20:30,2024,35,Regulier,0,2
14267,2009-12-12,20:00,16,134,Regulier,0,1
14268,2009-12-12,20:00,3530,22,Regulier,0,0
14269,2009-12-12,20:00,373,19,Regulier,0,2
14270,2009-12-12,20:00,3,25,Regulier,1,1
14271,2009-12-13,18:00,5381,12,Regulier,1,0
14272,2009-12-13,20:30,7,322,Regulier,2,1
14273,2009-12-19,20:00,322,5381,Regulier,2,2
14274,2009-12-19,20:00,134,373,Regulier,1,2
14275,2009-12-19,20:00,19,2024,Regulier,1,1
14276,2009-12-19,20:00,282,7,Regulier,0,1
14277,2009-12-20,20:30,22,16,Regulier,2,3
14278,2009-12-20,20:30,25,3530,Regulier,1,0
14279,2009-12-20,20:30,35,3,Regulier,3,2
14280,2009-12-26,18:00,16,282,Regulier,2,0
14281,2009-12-26,20:00,3,12,Regulier,2,1
14282,2009-12-26,20:00,3530,322,Regulier,1,0
14283,2009-12-26,20:00,373,25,Regulier,5,2
14284,2009-12-26,20:00,22,134,Regulier,3,0
14285,2009-12-27,18:00,7,35,Regulier,2,2
14286,2009-12-27,20:30,5381,2024,Regulier,1,0
14287,2010-01-10,18:00,19,3,Regulier,1,4
14288,2010-01-10,18:45,322,373,Regulier,0,0
14289,2010-01-10,20:30,35,5381,Regulier,2,1
14290,2010-01-10,20:30,134,7,Regulier,0,4
14291,2010-01-10,20:30,12,16,Regulier,2,0
14292,2010-01-10,20:30,282,3530,Regulier,2,0
14293,2010-01-10,20:30,25,22,Regulier,1,0
14294,2010-01-15,20:30,7,19,Regulier,2,2
14295,2010-01-16,20:00,22,322,Regulier,1,3
14296,2010-01-16,20:00,373,282,Regulier,2,1
14297,2010-01-16,20:00,134,25,Regulier,1,2
14298,2010-01-17,14:30,16,35,Regulier,0,4
14299,2010-01-17,18:00,3530,12,Regulier,1,4
14300,2010-01-17,20:00,3,2024,Regulier,2,1
14301,2010-01-23,20:00,5381,373,Regulier,2,0
14302,2010-01-23,20:00,19,3530,Regulier,3,0
14303,2010-01-23,20:00,2024,7,Regulier,0,0
14304,2010-01-23,20:00,282,134,Regulier,1,4
14305,2010-01-24,18:00,25,16,Regulier,0,0
14306,2010-01-24,20:30,12,22,Regulier,1,0
14307,2010-01-24,20:30,322,3,Regulier,2,0
14308,2010-01-29,20:30,3530,35,Regulier,0,5
14309,2010-01-30,20:00,25,12,Regulier,1,2
14310,2010-01-31,18:00,7,5381,Regulier,0,2
14311,2010-01-31,20:30,22,282,Regulier,4,1
14312,2010-01-31,20:30,16,19,Regulier,3,1
14313,2010-01-31,20:30,373,2024,Regulier,0,1
14314,2010-01-31,20:30,134,322,Regulier,1,1
14315,2010-02-06,20:00,35,373,Regulier,1,2
14316,2010-02-06,20:00,12,134,Regulier,2,0
14317,2010-02-06,20:00,282,25,Regulier,2,1
14318,2010-02-06,20:00,2024,3530,Regulier,1,1
14319,2010-02-07,18:00,5381,3,Regulier,1,1
14320,2010-02-07,20:30,19,22,Regulier,2,1
14321,2010-02-07,20:30,322,16,Regulier,1,0
14322,2010-02-13,20:00,134,19,Regulier,0,2
14323,2010-02-14,18:00,22,35,Regulier,0,2
14324,2010-02-14,18:00,16,2024,Regulier,1,0
14325,2010-02-14,18:00,3530,5381,Regulier,1,1
14326,2010-02-14,20:00,12,282,Regulier,4,0
14327,2010-02-14,20:30,25,322,Regulier,2,1
14328,2010-02-14,20:30,7,3,Regulier,1,1
14329,2010-02-19,20:30,322,282,Regulier,3,1
14330,2010-02-20,20:00,7,373,Regulier,0,1
14331,2010-02-20,20:00,2024,22,Regulier,4,0
14332,2010-02-20,20:00,5381,134,Regulier,1,1
14333,2010-02-20,20:00,19,12,Regulier,3,1
14334,2010-02-21,16:00,3,16,Regulier,2,1
14335,2010-02-21,18:00,35,25,Regulier,2,0
14336,2010-02-26,20:30,3530,7,Regulier,1,1
14337,2010-02-27,20:00,282,2024,Regulier,1,0
14338,2010-02-27,20:00,12,322,Regulier,1,0
14339,2010-02-27,20:00,25,19,Regulier,1,1
14340,2010-02-28,18:00,373,3,Regulier,1,1
14341,2010-02-28,20:30,134,35,Regulier,1,2
14342,2010-02-28,20:30,22,5381,Regulier,0,0
14343,2010-03-14,20:00,3,134,Regulier,1,0
14344,2010-03-14,20:00,7,22,Regulier,2,1
14345,2010-03-14,20:00,373,3530,Regulier,2,0
14346,2010-03-14,20:00,5381,16,Regulier,1,1
14347,2010-03-14,20:00,35,322,Regulier,2,0
14348,2010-03-14,20:00,19,282,Regulier,3,1
14349,2010-03-14,20:00,2024,12,Regulier,2,1
14350,2010-03-21,20:00,322,19,Regulier,1,1
14351,2010-03-21,20:00,12,373,Regulier,3,1
14352,2010-03-21,20:00,16,7,Regulier,0,2
14353,2010-03-21,20:00,282,35,Regulier,0,4
14354,2010-03-21,20:00,3530,3,Regulier,1,4
14355,2010-03-21,20:00,25,5381,Regulier,2,1
14356,2010-03-21,20:00,134,2024,Regulier,0,0
14357,2010-03-27,18:30,373,3,Playoff_1,0,0
14358,2010-03-27,20:30,16,22,Playoff_2,2,0
14359,2010-03-28,18:00,19,7,Playoff_1,1,2
14360,2010-03-28,20:30,35,5381,Playoff_1,6,0
14361,2010-03-30,20:00,3530,322,Playoff_2,1,3
14362,2010-03-31,20:30,7,35,Playoff_1,1,3
14363,2010-03-31,20:30,5381,373,Playoff_1,1,2
14364,2010-03-31,20:30,3,19,Playoff_1,3,0
14365,2010-03-31,20:30,2024,25,Playoff_2,0,2
14366,2010-03-31,20:30,282,12,Playoff_2,5,3
14367,2010-04-03,20:00,12,2024,Playoff_2,2,0
14368,2010-04-03,20:00,22,3530,Playoff_2,0,1
14369,2010-04-03,20:00,35,3,Playoff_1,2,2
14370,2010-04-03,20:00,25,282,Playoff_2,3,1
14371,2010-04-04,20:30,322,16,Playoff_2,1,0
14372,2010-04-05,18:00,19,373,Playoff_1,1,2
14373,2010-04-05,20:30,5381,7,Playoff_1,1,2
14374,2010-04-09,20:30,373,35,Playoff_1,1,1
14375,2010-04-10,18:00,19,5381,Playoff_1,2,0
14376,2010-04-10,20:00,25,12,Playoff_2,1,0
14377,2010-04-10,20:00,22,322,Playoff_2,1,2
14378,2010-04-10,20:00,282,2024,Playoff_2,3,3
14379,2010-04-11,18:00,16,3530,Playoff_2,3,0
14380,2010-04-11,20:30,3,7,Playoff_1,1,1
14381,2010-04-13,20:30,322,22,Playoff_2,3,0
14382,2010-04-14,20:30,7,373,Playoff_1,0,0
14383,2010-04-14,20:30,2024,282,Playoff_2,2,0
14384,2010-04-14,20:30,35,19,Playoff_1,1,0
14385,2010-04-14,20:30,12,25,Playoff_2,2,1
14386,2010-04-14,20:30,5381,3,Playoff_1,2,0
14387,2010-04-15,20:30,3530,16,Playoff_2,2,2
14388,2010-04-17,20:00,2024,12,Playoff_2,4,1
14389,2010-04-17,20:00,373,19,Playoff_1,1,0
14390,2010-04-17,20:00,282,25,Playoff_2,2,2
14391,2010-04-18,16:00,3,35,Playoff_1,1,2
14392,2010-04-18,18:00,7,5381,Playoff_1,5,0
14393,2010-04-18,20:30,16,322,Playoff_2,1,1
14394,2010-04-18,20:30,3530,22,Playoff_2,2,2
14395,2010-04-23,20:30,19,3,Playoff_1,2,0
14396,2010-04-24,20:00,12,282,Playoff_2,1,1
14397,2010-04-24,20:00,373,5381,Playoff_1,1,2
14398,2010-04-24,20:00,25,2024,Playoff_2,1,3
14399,2010-04-25,18:00,322,3530,Playoff_2,2,0
14400,2010-04-25,18:00,22,16,Playoff_2,1,0
14401,2010-04-25,20:30,35,7,Playoff_1,4,2
14402,2010-04-30,20:30,5381,35,Playoff_1,0,0
14403,2010-05-01,20:00,7,19,Playoff_1,0,0
14404,2010-05-02,18:00,3,373,Playoff_1,2,0
14405,2010-05-05,20:30,373,7,Playoff_1,1,1
14406,2010-05-05,20:30,19,35,Playoff_1,1,3
14407,2010-05-05,20:30,3,5381,Playoff_1,3,0
14408,2010-05-08,20:00,35,373,Playoff_1,2,1
14409,2010-05-08,20:00,7,3,Playoff_1,6,2
14410,2010-05-08,20:00,5381,19,Playoff_1,1,2
14411,2010-08-01,18:00,12,22,Regulier,1,1
14412,2010-08-01,20:00,19,3,Regulier,1,0
14413,2010-08-01,20:00,25,282,Regulier,2,0
14414,2010-08-01,20:00,35,4276,Regulier,4,1
14415,2010-08-01,20:00,373,30,Regulier,1,0
14416,2010-08-01,20:00,2024,7,Regulier,0,1
14417,2010-08-01,20:30,322,3530,Regulier,2,1
14418,2010-08-01,20:30,16,5381,Regulier,1,1
14419,2010-08-08,18:00,7,322,Regulier,0,4
14420,2010-08-08,20:00,3,373,Regulier,4,1
14421,2010-08-08,20:00,4276,2024,Regulier,0,1
14422,2010-08-08,20:00,282,19,Regulier,1,1
14423,2010-08-08,20:00,5381,25,Regulier,1,2
14424,2010-08-08,20:00,22,35,Regulier,0,0
14425,2010-08-08,20:30,30,16,Regulier,1,4
14426,2010-08-08,20:30,3530,12,Regulier,0,0
14427,2010-08-15,18:00,16,282,Regulier,3,3
14428,2010-08-15,18:00,322,22,Regulier,5,0
14429,2010-08-15,20:00,25,30,Regulier,1,0
14430,2010-08-15,20:00,35,3530,Regulier,4,0
14431,2010-08-15,20:00,7,4276,Regulier,2,1
14432,2010-08-15,20:00,19,373,Regulier,2,0
14433,2010-08-15,20:00,2024,5381,Regulier,1,1
14434,2010-08-15,20:30,12,3,Regulier,3,1
14435,2010-08-22,18:00,22,7,Regulier,1,3
14436,2010-08-22,20:00,3530,2024,Regulier,0,0
14437,2010-08-22,20:00,282,35,Regulier,0,3
14438,2010-08-22,20:00,5381,12,Regulier,4,0
14439,2010-08-22,20:00,30,19,Regulier,1,2
14440,2010-08-22,20:30,4276,322,Regulier,1,4
14441,2010-08-22,20:30,373,16,Regulier,1,0
14442,2010-08-22,20:30,3,25,Regulier,1,2
14443,2010-08-29,18:00,2024,3,Regulier,1,2
14444,2010-08-29,20:00,22,4276,Regulier,2,0
14445,2010-08-29,20:00,25,373,Regulier,0,0
14446,2010-08-29,20:00,12,282,Regulier,1,1
14447,2010-08-29,20:00,16,19,Regulier,1,0
14448,2010-08-29,20:00,35,5381,Regulier,0,0
14449,2010-08-29,20:30,7,3530,Regulier,1,0
14450,2010-08-29,20:30,322,30,Regulier,4,1
14451,2010-09-12,18:00,3,322,Regulier,2,2
14452,2010-09-12,20:00,3530,22,Regulier,1,0
14453,2010-09-12,20:00,5381,4276,Regulier,0,0
14454,2010-09-12,20:00,16,12,Regulier,2,0
14455,2010-09-12,20:00,19,25,Regulier,1,0
14456,2010-09-12,20:00,30,7,Regulier,2,2
14457,2010-09-12,20:30,373,35,Regulier,0,2
14458,2010-09-12,20:30,282,2024,Regulier,3,1
14459,2010-09-19,18:00,7,5381,Regulier,5,3
14460,2010-09-19,18:00,22,3,Regulier,0,5
14461,2010-09-19,20:00,12,373,Regulier,4,2
14462,2010-09-19,20:00,322,282,Regulier,3,1
14463,2010-09-19,20:00,4276,3530,Regulier,0,1
14464,2010-09-19,20:00,2024,30,Regulier,2,0
14465,2010-09-19,20:30,25,16,Regulier,1,0
14466,2010-09-19,21:00,35,19,Regulier,3,0
14467,2010-09-22,20:30,373,322,Regulier,0,2
14468,2010-09-22,20:30,3,4276,Regulier,4,0
14469,2010-09-22,20:30,19,2024,Regulier,1,2
14470,2010-09-22,20:30,16,22,Regulier,2,1
14471,2010-09-22,20:30,5381,3530,Regulier,4,3
14472,2010-09-22,20:30,25,12,Regulier,2,2
14473,2010-09-22,20:30,282,7,Regulier,3,2
14474,2010-09-22,20:30,30,35,Regulier,1,1
14475,2010-09-26,18:00,35,25,Regulier,5,0
14476,2010-09-26,20:00,22,30,Regulier,0,1
14477,2010-09-26,20:00,7,373,Regulier,2,0
14478,2010-09-26,20:00,322,5381,Regulier,3,0
14479,2010-09-26,20:00,4276,282,Regulier,0,1
14480,2010-09-26,20:00,12,19,Regulier,2,1
14481,2010-09-26,20:00,2024,16,Regulier,1,2
14482,2010-09-26,20:30,3530,3,Regulier,2,1
14483,2010-10-01,20:30,25,322,Regulier,2,2
14484,2010-10-02,20:00,373,2024,Regulier,1,2
14485,2010-10-02,20:00,30,12,Regulier,0,1
14486,2010-10-02,20:00,282,3530,Regulier,1,0
14487,2010-10-02,20:00,5381,22,Regulier,1,1
14488,2010-10-02,20:00,19,4276,Regulier,3,1
14489,2010-10-03,15:30,3,7,Regulier,3,2
14490,2010-10-03,18:00,16,35,Regulier,5,1
14491,2010-10-15,20:30,5381,3,Regulier,2,3
14492,2010-10-16,20:00,2024,25,Regulier,1,1
14493,2010-10-16,20:00,3530,30,Regulier,1,1
14494,2010-10-16,20:00,4276,373,Regulier,6,0
14495,2010-10-16,20:00,22,282,Regulier,1,2
14496,2010-10-16,20:00,7,19,Regulier,2,0
14497,2010-10-17,18:00,322,16,Regulier,4,2
14498,2010-10-17,20:30,12,35,Regulier,1,0
14499,2010-10-22,20:30,19,322,Regulier,1,0
14500,2010-10-23,20:00,30,5381,Regulier,0,0
14501,2010-10-23,20:00,12,4276,Regulier,2,1
14502,2010-10-23,20:00,373,22,Regulier,3,2
14503,2010-10-23,20:00,25,3530,Regulier,5,1
14504,2010-10-24,18:00,16,7,Regulier,2,1
14505,2010-10-24,20:30,35,2024,Regulier,2,0
14506,2010-10-24,20:30,282,3,Regulier,1,0
14507,2010-10-29,20:30,22,19,Regulier,0,0
14508,2010-10-30,20:00,3530,373,Regulier,0,0
14509,2010-10-30,20:00,7,25,Regulier,3,1
14510,2010-10-30,20:00,2024,12,Regulier,2,1
14511,2010-10-30,20:00,5381,282,Regulier,1,1
14512,2010-10-30,20:00,4276,30,Regulier,2,2
14513,2010-10-31,15:30,3,16,Regulier,2,2
14514,2010-10-31,18:00,322,35,Regulier,1,2
14515,2010-11-05,20:30,2024,322,Regulier,1,1
14516,2010-11-06,20:00,16,4276,Regulier,1,3
14517,2010-11-06,20:00,25,22,Regulier,2,0
14518,2010-11-06,20:00,30,282,Regulier,2,2
14519,2010-11-06,20:00,373,5381,Regulier,0,3
14520,2010-11-06,20:00,19,3530,Regulier,4,0
14521,2010-11-07,18:00,35,3,Regulier,2,2
14522,2010-11-07,20:30,12,7,Regulier,0,1
14523,2010-11-13,20:00,3530,16,Regulier,0,1
14524,2010-11-13,20:00,3,30,Regulier,2,0
14525,2010-11-13,20:00,22,2024,Regulier,0,1
14526,2010-11-13,20:00,322,12,Regulier,3,0
14527,2010-11-13,20:00,282,373,Regulier,3,0
14528,2010-11-14,18:00,7,35,Regulier,1,2
14529,2010-11-14,20:30,4276,25,Regulier,0,1
14530,2010-11-14,20:30,5381,19,Regulier,1,1
14531,2010-11-20,18:00,3530,35,Regulier,0,1
14532,2010-11-20,20:00,4276,19,Regulier,3,1
14533,2010-11-20,20:00,7,2024,Regulier,4,4
14534,2010-11-20,20:00,22,322,Regulier,1,3
14535,2010-11-20,20:00,282,25,Regulier,3,1
14536,2010-11-20,20:00,30,373,Regulier,1,2
14537,2010-11-21,18:00,5381,16,Regulier,2,0
14538,2010-11-21,20:30,3,12,Regulier,0,1
14539,2010-11-26,20:30,322,7,Regulier,1,2
14540,2010-11-27,20:00,35,22,Regulier,4,1
14541,2010-11-27,20:00,16,30,Regulier,7,0
14542,2010-11-27,20:00,12,3530,Regulier,1,1
14543,2010-11-27,20:00,2024,4276,Regulier,1,1
14544,2010-11-28,18:00,373,3,Regulier,2,1
14545,2010-11-28,20:30,19,282,Regulier,0,0
14546,2010-11-28,20:30,25,5381,Regulier,0,0
14547,2010-12-03,20:30,282,16,Regulier,2,1
14548,2010-12-04,20:00,4276,7,Regulier,0,3
14549,2010-12-04,20:00,373,19,Regulier,1,0
14550,2010-12-05,18:00,5381,35,Regulier,1,2
14551,2010-12-05,18:00,3,2024,Regulier,4,3
14552,2010-12-05,20:30,30,25,Regulier,2,1
14553,2010-12-05,20:30,3530,322,Regulier,0,1
14554,2010-12-05,20:30,22,12,Regulier,0,3
14555,2010-12-10,20:30,25,3,Regulier,0,1
14556,2010-12-11,20:00,322,4276,Regulier,5,1
14557,2010-12-11,20:00,12,5381,Regulier,1,3
14558,2010-12-11,20:00,7,22,Regulier,2,1
14559,2010-12-11,20:00,16,373,Regulier,1,0
14560,2010-12-11,20:00,2024,3530,Regulier,1,1
14561,2010-12-12,18:00,35,282,Regulier,0,0
14562,2010-12-12,20:30,19,30,Regulier,3,1
14563,2010-12-17,20:30,19,16,Regulier,2,1
14564,2010-12-18,20:00,4276,22,Regulier,1,0
14565,2010-12-18,20:00,30,322,Regulier,1,1
14566,2010-12-18,20:00,5381,2024,Regulier,2,0
14567,2010-12-19,13:00,3,35,Regulier,0,2
14568,2010-12-19,20:30,282,12,Regulier,2,1
14569,2010-12-19,20:30,373,25,Regulier,0,1
14570,2010-12-19,20:30,3530,7,Regulier,2,2
14571,2010-12-26,13:00,12,16,Regulier,1,0
14572,2010-12-26,18:00,7,3,Regulier,0,2
14573,2010-12-26,20:30,35,30,Regulier,6,0
14574,2010-12-26,20:30,4276,5381,Regulier,0,2
14575,2010-12-26,20:30,322,373,Regulier,1,1
14576,2010-12-26,20:30,22,3530,Regulier,2,0
14577,2010-12-26,20:30,2024,282,Regulier,1,2
14578,2010-12-26,20:30,25,19,Regulier,1,0
14579,2011-01-16,18:00,373,12,Regulier,0,3
14580,2011-01-16,18:00,19,35,Regulier,0,2
14581,2011-01-16,18:00,5381,7,Regulier,2,2
14582,2011-01-16,20:00,16,25,Regulier,3,0
14583,2011-01-16,20:30,30,2024,Regulier,2,1
14584,2011-01-16,20:30,3530,4276,Regulier,0,0
14585,2011-01-16,20:30,3,22,Regulier,5,0
14586,2011-01-16,20:30,282,322,Regulier,2,2
14587,2011-01-21,20:30,4276,3,Regulier,1,4
14588,2011-01-22,20:00,3530,5381,Regulier,3,0
14589,2011-01-22,20:00,22,25,Regulier,0,0
14590,2011-01-22,20:00,2024,373,Regulier,3,0
14591,2011-01-22,20:00,12,30,Regulier,3,0
14592,2011-01-22,20:00,322,19,Regulier,3,2
14593,2011-01-23,18:00,35,16,Regulier,2,0
14594,2011-01-23,20:30,7,282,Regulier,2,1
14595,2011-01-28,20:30,5381,322,Regulier,0,1
14596,2011-01-29,20:00,30,22,Regulier,1,0
14597,2011-01-29,20:00,19,12,Regulier,2,1
14598,2011-01-29,20:00,3,3530,Regulier,1,0
14599,2011-01-29,20:00,282,4276,Regulier,0,2
14600,2011-01-29,20:00,16,2024,Regulier,2,1
14601,2011-01-30,18:00,25,35,Regulier,0,0
14602,2011-01-30,20:30,373,7,Regulier,1,1
14603,2011-02-04,20:30,7,30,Regulier,4,1
14604,2011-02-05,20:00,2024,19,Regulier,2,1
14605,2011-02-05,20:00,22,5381,Regulier,2,0
14606,2011-02-05,20:00,35,373,Regulier,2,0
14607,2011-02-05,20:00,12,25,Regulier,0,1
14608,2011-02-06,18:00,322,3,Regulier,1,0
14609,2011-02-06,18:00,3530,282,Regulier,1,1
14610,2011-02-06,20:30,4276,16,Regulier,0,1
14611,2011-02-12,18:00,25,2024,Regulier,3,1
14612,2011-02-12,20:00,35,12,Regulier,1,0
14613,2011-02-12,20:00,3,5381,Regulier,2,0
14614,2011-02-12,20:00,30,3530,Regulier,2,2
14615,2011-02-12,20:00,373,4276,Regulier,1,1
14616,2011-02-12,20:00,282,22,Regulier,1,1
14617,2011-02-13,18:00,16,322,Regulier,0,2
14618,2011-02-13,20:30,19,7,Regulier,0,1
14619,2011-02-19,20:00,322,25,Regulier,1,0
14620,2011-02-19,20:00,5381,30,Regulier,1,1
14621,2011-02-19,20:00,3530,19,Regulier,3,1
14622,2011-02-19,20:00,3,282,Regulier,2,1
14623,2011-02-19,20:00,22,373,Regulier,1,0
14624,2011-02-19,20:00,4276,12,Regulier,0,0
14625,2011-02-20,18:00,7,16,Regulier,4,1
14626,2011-02-20,20:30,2024,35,Regulier,2,0
14627,2011-03-04,20:30,35,322,Regulier,1,1
14628,2011-03-05,20:00,19,22,Regulier,3,0
14629,2011-03-05,20:00,373,3530,Regulier,1,0
14630,2011-03-05,20:00,12,2024,Regulier,0,1
14631,2011-03-05,20:00,25,7,Regulier,1,1
14632,2011-03-05,20:00,282,5381,Regulier,2,1
14633,2011-03-06,18:00,16,3,Regulier,2,2
14634,2011-03-06,20:30,30,4276,Regulier,1,1
14635,2011-03-12,20:00,3530,25,Regulier,1,1
14636,2011-03-12,20:00,282,30,Regulier,1,1
14637,2011-03-12,20:00,4276,35,Regulier,1,1
14638,2011-03-12,20:00,22,16,Regulier,0,2
14639,2011-03-12,20:00,5381,373,Regulier,1,2
14640,2011-03-12,20:00,3,19,Regulier,4,1
14641,2011-03-12,20:00,322,2024,Regulier,0,2
14642,2011-03-12,20:00,7,12,Regulier,1,0
14643,2011-03-19,20:00,19,5381,Regulier,2,2
14644,2011-03-20,18:00,25,4276,Regulier,2,0
14645,2011-03-20,18:00,35,7,Regulier,3,2
14646,2011-03-20,18:00,16,3530,Regulier,1,0
14647,2011-03-20,18:00,373,282,Regulier,0,2
14648,2011-03-20,18:00,2024,22,Regulier,2,2
14649,2011-03-20,18:00,30,3,Regulier,0,0
14650,2011-03-20,18:00,12,322,Regulier,0,1
14651,2011-04-02,18:00,7,3,Playoff_1,1,1
14652,2011-04-02,20:00,25,373,Playoff_2,1,1
14653,2011-04-02,20:00,12,30,Playoff_2,0,0
14654,2011-04-02,20:00,2024,19,Playoff_2,3,0
14655,2011-04-02,20:00,3530,5381,Playoff_2,2,0
14656,2011-04-03,20:00,35,16,Playoff_1,1,3
14657,2011-04-03,20:00,322,282,Playoff_1,2,1
14658,2011-04-08,20:30,30,25,Playoff_2,1,2
14659,2011-04-09,20:00,19,3530,Playoff_2,1,1
14660,2011-04-09,20:00,282,7,Playoff_1,1,1
14661,2011-04-09,20:00,373,12,Playoff_2,1,1
14662,2011-04-10,18:00,3,35,Playoff_1,3,0
14663,2011-04-10,20:30,5381,2024,Playoff_2,1,1
14664,2011-04-10,20:30,16,322,Playoff_1,2,1
14665,2011-04-15,20:30,35,322,Playoff_1,2,0
14666,2011-04-16,18:00,7,16,Playoff_1,1,3
14667,2011-04-16,20:00,25,12,Playoff_2,0,0
14668,2011-04-16,20:00,19,5381,Playoff_2,0,1
14669,2011-04-16,20:00,3530,2024,Playoff_2,3,3
14670,2011-04-16,20:00,373,30,Playoff_2,1,2
14671,2011-04-17,20:30,3,282,Playoff_1,0,0
14672,2011-04-20,20:30,322,3,Playoff_1,3,1
14673,2011-04-20,20:30,7,35,Playoff_1,1,1
14674,2011-04-21,20:30,16,282,Playoff_1,3,0
14675,2011-04-22,20:30,5381,19,Playoff_2,2,0
14676,2011-04-23,20:00,2024,3530,Playoff_2,1,0
14677,2011-04-23,20:00,30,373,Playoff_2,1,1
14678,2011-04-23,20:00,12,25,Playoff_2,3,1
14679,2011-04-23,20:00,322,7,Playoff_1,3,0
14680,2011-04-24,18:00,282,35,Playoff_1,1,2
14681,2011-04-25,18:00,3,16,Playoff_1,1,1
14682,2011-04-29,20:30,16,7,Playoff_1,1,0
14683,2011-04-30,20:00,19,2024,Playoff_2,1,1
14684,2011-04-30,20:00,5381,3530,Playoff_2,1,0
14685,2011-04-30,20:00,373,25,Playoff_2,2,1
14686,2011-04-30,20:00,30,12,Playoff_2,3,0
14687,2011-05-01,18:00,35,3,Playoff_1,0,0
14688,2011-05-01,20:30,282,322,Playoff_1,0,2
14689,2011-05-06,20:30,322,35,Playoff_1,1,0
14690,2011-05-07,18:00,7,282,Playoff_1,2,2
14691,2011-05-07,20:00,3530,19,Playoff_2,0,0
14692,2011-05-07,20:00,2024,5381,Playoff_2,7,1
14693,2011-05-07,20:00,16,3,Playoff_1,1,0
14694,2011-05-07,20:00,12,373,Playoff_2,1,0
14695,2011-05-07,20:00,25,30,Playoff_2,4,3
14696,2011-05-10,20:30,3,322,Playoff_1,3,0
14697,2011-05-11,20:30,35,7,Playoff_1,4,1
14698,2011-05-11,20:30,282,16,Playoff_1,0,1
14699,2011-05-13,20:30,2024,12,Playoff_2,3,0
14700,2011-05-14,20:00,7,322,Playoff_1,2,3
14701,2011-05-14,20:00,282,3,Playoff_1,0,1
14702,2011-05-14,20:00,16,35,Playoff_1,2,1
14703,2011-05-16,20:30,12,2024,Playoff_2,2,2
14704,2011-05-17,20:00,3,7,Playoff_1,3,0
14705,2011-05-17,20:00,322,16,Playoff_1,1,1
14706,2011-05-17,20:00,35,282,Playoff_1,3,4
14707,2011-07-31,18:00,44,16,Regulier,1,1
14708,2011-07-31,20:00,25,373,Regulier,2,1
14709,2011-07-31,20:00,322,3530,Regulier,3,1
14710,2011-07-31,20:00,7,12,Regulier,0,1
14711,2011-07-31,20:00,3,2024,Regulier,5,0
14712,2011-07-31,20:00,282,5381,Regulier,0,0
14713,2011-07-31,20:00,19,30,Regulier,1,1
14714,2011-07-31,20:30,18,35,Regulier,2,1
14715,2011-08-07,18:00,16,282,Regulier,3,1
14716,2011-08-07,20:00,30,322,Regulier,0,0
14717,2011-08-07,20:00,3530,7,Regulier,2,2
14718,2011-08-07,20:00,5381,18,Regulier,2,1
14719,2011-08-07,20:00,12,44,Regulier,1,1
14720,2011-08-07,20:30,35,25,Regulier,3,1
14721,2011-08-07,20:30,373,3,Regulier,3,3
14722,2011-08-07,20:30,2024,19,Regulier,0,0
14723,2011-08-14,18:00,282,35,Regulier,0,1
14724,2011-08-14,18:00,7,16,Regulier,3,1
14725,2011-08-14,20:00,322,5381,Regulier,2,2
14726,2011-08-14,20:00,19,12,Regulier,2,0
14727,2011-08-14,20:00,3,18,Regulier,1,0
14728,2011-08-14,20:00,44,373,Regulier,4,2
14729,2011-08-14,20:00,3530,2024,Regulier,3,1
14730,2011-08-14,20:30,25,30,Regulier,2,1
14731,2011-08-21,18:00,35,44,Regulier,2,2
14732,2011-08-21,18:00,5381,3,Regulier,1,1
14733,2011-08-21,20:00,373,282,Regulier,0,2
14734,2011-08-21,20:00,18,25,Regulier,1,2
14735,2011-08-21,20:00,12,322,Regulier,3,2
14736,2011-08-21,20:00,2024,7,Regulier,2,3
14737,2011-08-21,20:30,30,3530,Regulier,1,1
14738,2011-08-21,20:30,16,19,Regulier,3,1
14739,2011-08-28,15:00,3,35,Regulier,1,1
14740,2011-08-28,18:00,322,25,Regulier,0,0
14741,2011-08-28,20:00,2024,12,Regulier,1,3
14742,2011-08-28,20:00,19,373,Regulier,4,0
14743,2011-08-28,20:00,44,5381,Regulier,3,1
14744,2011-08-28,20:00,7,30,Regulier,1,0
14745,2011-08-28,20:00,282,18,Regulier,0,1
14746,2011-08-28,20:30,3530,16,Regulier,1,1
14747,2011-09-11,18:00,25,3,Regulier,1,2
14748,2011-09-11,18:00,35,19,Regulier,2,0
14749,2011-09-11,20:00,30,282,Regulier,1,1
14750,2011-09-11,20:00,16,2024,Regulier,1,0
14751,2011-09-11,20:00,18,44,Regulier,3,1
14752,2011-09-11,20:00,12,3530,Regulier,2,1
14753,2011-09-11,20:30,5381,7,Regulier,1,3
14754,2011-09-11,20:30,373,322,Regulier,3,4
14755,2011-09-18,14:30,7,35,Regulier,0,1
14756,2011-09-18,18:00,322,16,Regulier,3,0
14757,2011-09-18,20:00,2024,373,Regulier,2,0
14758,2011-09-18,20:00,44,25,Regulier,5,1
14759,2011-09-18,20:00,12,30,Regulier,0,0
14760,2011-09-18,20:00,19,18,Regulier,2,0
14761,2011-09-18,20:00,3530,5381,Regulier,2,0
14762,2011-09-18,20:30,282,3,Regulier,1,2
14763,2011-09-25,18:00,25,282,Regulier,0,2
14764,2011-09-25,18:00,35,3530,Regulier,3,2
14765,2011-09-25,20:00,5381,19,Regulier,1,0
14766,2011-09-25,20:00,3,44,Regulier,2,1
14767,2011-09-25,20:00,30,2024,Regulier,0,0
14768,2011-09-25,20:00,373,7,Regulier,3,4
14769,2011-09-25,20:00,18,322,Regulier,1,1
14770,2011-09-25,20:30,16,12,Regulier,0,0
14771,2011-10-02,14:30,16,30,Regulier,2,0
14772,2011-10-02,18:00,3530,3,Regulier,1,1
14773,2011-10-02,20:00,19,25,Regulier,1,0
14774,2011-10-02,20:00,44,282,Regulier,3,3
14775,2011-10-02,20:00,7,18,Regulier,6,1
14776,2011-10-02,20:00,12,373,Regulier,2,2
14777,2011-10-02,20:00,2024,5381,Regulier,1,1
14778,2011-10-02,20:30,322,35,Regulier,0,1
14779,2011-10-15,18:00,282,322,Regulier,3,1
14780,2011-10-15,20:00,5381,30,Regulier,1,2
14781,2011-10-15,20:00,44,19,Regulier,3,1
14782,2011-10-15,20:00,18,2024,Regulier,1,1
14783,2011-10-15,20:00,373,3530,Regulier,2,4
14784,2011-10-15,20:00,25,12,Regulier,1,2
14785,2011-10-16,14:30,3,7,Regulier,2,0
14786,2011-10-16,18:00,35,16,Regulier,5,0
14787,2011-10-22,18:00,7,282,Regulier,3,1
14788,2011-10-22,20:00,322,44,Regulier,2,0
14789,2011-10-22,20:00,12,18,Regulier,2,0
14790,2011-10-22,20:00,3530,25,Regulier,2,2
14791,2011-10-22,20:00,30,373,Regulier,0,2
14792,2011-10-23,14:30,2024,35,Regulier,1,2
14793,2011-10-23,18:00,19,3,Regulier,2,1
14794,2011-10-23,20:30,16,5381,Regulier,1,0
14795,2011-10-29,18:00,3,322,Regulier,4,5
14796,2011-10-29,20:00,44,7,Regulier,1,1
14797,2011-10-29,20:00,282,19,Regulier,1,4
14798,2011-10-29,20:00,5381,12,Regulier,1,1
14799,2011-10-29,20:00,25,2024,Regulier,1,0
14800,2011-10-29,20:00,18,3530,Regulier,3,2
14801,2011-10-30,18:00,35,30,Regulier,4,0
14802,2011-10-30,20:30,373,16,Regulier,1,1
14803,2011-11-04,20:30,7,25,Regulier,6,2
14804,2011-11-05,20:00,322,19,Regulier,2,2
14805,2011-11-05,20:00,5381,373,Regulier,0,0
14806,2011-11-05,20:00,30,18,Regulier,3,1
14807,2011-11-05,20:00,2024,282,Regulier,2,4
14808,2011-11-05,20:00,3530,44,Regulier,2,0
14809,2011-11-06,18:00,12,35,Regulier,1,0
14810,2011-11-06,20:30,16,3,Regulier,2,1
14811,2011-11-18,20:30,18,16,Regulier,1,3
14812,2011-11-19,20:00,322,2024,Regulier,3,0
14813,2011-11-19,20:00,19,7,Regulier,0,4
14814,2011-11-19,20:00,25,5381,Regulier,1,1
14815,2011-11-19,20:00,282,3530,Regulier,1,1
14816,2011-11-19,20:00,44,30,Regulier,2,1
14817,2011-11-20,18:00,35,373,Regulier,3,1
14818,2011-11-20,20:30,3,12,Regulier,1,0
14819,2011-11-25,20:30,16,25,Regulier,3,2
14820,2011-11-26,18:00,5381,35,Regulier,2,3
14821,2011-11-26,20:00,373,18,Regulier,2,1
14822,2011-11-26,20:00,2024,44,Regulier,2,1
14823,2011-11-26,20:00,30,3,Regulier,0,1
14824,2011-11-26,20:00,12,282,Regulier,1,1
14825,2011-11-26,20:00,3530,19,Regulier,0,1
14826,2011-11-27,18:00,7,322,Regulier,2,0
14827,2011-12-02,20:30,3530,322,Regulier,2,0
14828,2011-12-03,20:00,2024,3,Regulier,0,1
14829,2011-12-03,20:00,373,44,Regulier,2,3
14830,2011-12-03,20:00,12,19,Regulier,1,2
14831,2011-12-03,20:00,5381,282,Regulier,1,1
14832,2011-12-03,20:00,30,25,Regulier,2,2
14833,2011-12-04,14:30,35,18,Regulier,0,0
14834,2011-12-04,18:00,16,7,Regulier,0,0
14835,2011-12-09,20:30,25,35,Regulier,2,1
14836,2011-12-10,18:00,282,16,Regulier,1,1
14837,2011-12-10,20:00,19,2024,Regulier,1,0
14838,2011-12-10,20:00,18,5381,Regulier,2,2
14839,2011-12-10,20:00,322,30,Regulier,4,0
14840,2011-12-10,20:00,7,3530,Regulier,0,1
14841,2011-12-10,20:00,44,12,Regulier,0,2
14842,2011-12-11,18:00,3,373,Regulier,1,0
14843,2011-12-17,20:00,2024,3530,Regulier,3,1
14844,2011-12-17,20:00,30,19,Regulier,2,0
14845,2011-12-17,20:00,373,25,Regulier,0,0
14846,2011-12-17,20:00,5381,44,Regulier,2,3
14847,2011-12-18,14:30,16,322,Regulier,0,0
14848,2011-12-18,18:00,35,282,Regulier,3,2
14849,2011-12-18,18:00,18,3,Regulier,3,1
14850,2011-12-18,20:30,12,7,Regulier,0,1
14851,2011-12-26,15:00,3,5381,Regulier,1,0
14852,2011-12-26,18:00,19,16,Regulier,2,0
14853,2011-12-26,20:30,282,373,Regulier,0,0
14854,2011-12-26,20:30,7,2024,Regulier,3,1
14855,2011-12-26,20:30,322,12,Regulier,4,2
14856,2011-12-26,20:30,3530,30,Regulier,0,0
14857,2011-12-26,20:30,25,18,Regulier,2,2
14858,2011-12-27,20:00,44,35,Regulier,1,1
14859,2012-01-14,18:00,16,3530,Regulier,6,1
14860,2012-01-14,20:00,373,19,Regulier,0,0
14861,2012-01-14,20:00,12,2024,Regulier,3,1
14862,2012-01-14,20:00,30,7,Regulier,2,1
14863,2012-01-14,20:00,25,44,Regulier,4,1
14864,2012-01-14,20:00,18,282,Regulier,1,1
14865,2012-01-15,14:30,35,3,Regulier,3,0
14866,2012-01-15,18:00,5381,322,Regulier,1,1
14867,2012-01-20,20:30,322,373,Regulier,2,1
14868,2012-01-21,18:00,19,35,Regulier,0,1
14869,2012-01-21,20:00,44,18,Regulier,2,2
14870,2012-01-21,20:00,7,5381,Regulier,0,0
14871,2012-01-21,20:00,282,30,Regulier,2,0
14872,2012-01-21,20:00,3,25,Regulier,0,1
14873,2012-01-21,20:00,3530,12,Regulier,4,0
14874,2012-01-22,20:30,2024,16,Regulier,0,0
14875,2012-01-24,20:00,35,7,Regulier,3,1
14876,2012-01-25,20:30,18,19,Regulier,0,2
14877,2012-01-25,20:30,373,2024,Regulier,0,3
14878,2012-01-25,20:30,3,282,Regulier,3,0
14879,2012-01-25,20:30,5381,3530,Regulier,1,0
14880,2012-01-25,20:30,25,322,Regulier,3,2
14881,2012-01-25,20:30,30,12,Regulier,2,2
14882,2012-01-25,20:30,16,44,Regulier,2,1
14883,2012-01-28,18:00,3530,35,Regulier,0,0
14884,2012-01-28,20:00,7,373,Regulier,6,0
14885,2012-01-28,20:00,322,18,Regulier,5,0
14886,2012-01-28,20:00,282,25,Regulier,3,2
14887,2012-01-28,20:00,19,5381,Regulier,0,0
14888,2012-01-28,20:00,2024,30,Regulier,0,2
14889,2012-01-29,18:00,12,16,Regulier,0,1
14890,2012-01-29,20:30,44,3,Regulier,0,2
14891,2012-02-04,18:00,30,16,Regulier,0,2
14892,2012-02-04,20:00,373,12,Regulier,0,1
14893,2012-02-04,20:00,5381,2024,Regulier,3,1
14894,2012-02-04,20:00,18,7,Regulier,2,3
14895,2012-02-04,20:00,25,19,Regulier,0,0
14896,2012-02-04,20:00,282,44,Regulier,3,1
14897,2012-02-05,14:30,35,322,Regulier,4,2
14898,2012-02-05,18:00,3,3530,Regulier,5,1
14899,2012-02-11,18:00,322,282,Regulier,0,1
14900,2012-02-11,20:00,3530,373,Regulier,3,2
14901,2012-02-11,20:00,30,5381,Regulier,2,1
14902,2012-02-11,20:00,19,44,Regulier,2,2
14903,2012-02-11,20:00,2024,18,Regulier,1,3
14904,2012-02-11,20:00,12,25,Regulier,1,0
14905,2012-02-12,14:30,16,35,Regulier,1,2
14906,2012-02-12,18:00,7,3,Regulier,1,3
14907,2012-02-18,18:00,282,7,Regulier,1,1
14908,2012-02-18,20:00,25,3530,Regulier,2,1
14909,2012-02-18,20:00,373,30,Regulier,1,1
14910,2012-02-18,20:00,18,12,Regulier,2,3
14911,2012-02-18,20:00,44,322,Regulier,1,2
14912,2012-02-19,14:30,35,2024,Regulier,3,1
14913,2012-02-19,18:00,3,19,Regulier,2,1
14914,2012-02-19,18:00,5381,16,Regulier,4,2
14915,2012-02-25,20:00,2024,25,Regulier,1,3
14916,2012-02-25,20:00,3530,18,Regulier,2,1
14917,2012-02-25,20:00,7,44,Regulier,2,0
14918,2012-02-25,20:00,19,282,Regulier,2,5
14919,2012-02-25,20:00,12,5381,Regulier,1,0
14920,2012-02-26,14:30,16,373,Regulier,0,0
14921,2012-02-26,18:00,322,3,Regulier,3,0
14922,2012-02-26,20:30,30,35,Regulier,0,0
14923,2012-03-03,18:00,25,7,Regulier,0,2
14924,2012-03-03,20:00,373,5381,Regulier,1,0
14925,2012-03-03,20:00,19,322,Regulier,3,2
14926,2012-03-03,20:00,18,30,Regulier,0,0
14927,2012-03-03,20:00,44,3530,Regulier,4,2
14928,2012-03-03,20:00,282,2024,Regulier,4,0
14929,2012-03-04,14:30,3,16,Regulier,1,0
14930,2012-03-04,18:00,35,12,Regulier,4,0
14931,2012-03-18,14:30,373,35,Regulier,2,2
14932,2012-03-18,14:30,30,44,Regulier,1,1
14933,2012-03-18,14:30,7,19,Regulier,3,1
14934,2012-03-18,14:30,16,18,Regulier,4,0
14935,2012-03-18,14:30,12,3,Regulier,1,2
14936,2012-03-18,14:30,5381,25,Regulier,2,0
14937,2012-03-18,14:30,3530,282,Regulier,2,2
14938,2012-03-18,14:30,2024,322,Regulier,3,2
14939,2012-03-21,20:30,3,30,Regulier,1,0
14940,2012-03-21,20:30,35,5381,Regulier,2,1
14941,2012-03-21,20:30,44,2024,Regulier,2,1
14942,2012-03-21,20:30,322,7,Regulier,3,1
14943,2012-03-21,20:30,18,373,Regulier,3,1
14944,2012-03-21,20:30,25,16,Regulier,1,2
14945,2012-03-21,20:30,282,12,Regulier,1,0
14946,2012-03-21,20:30,19,3530,Regulier,2,0
14947,2012-03-30,20:30,3,322,Playoff_1,2,0
14948,2012-03-31,18:00,7,16,Playoff_1,3,0
14949,2012-03-31,20:00,18,30,Playoff_2,1,1
14950,2012-03-31,20:00,25,12,Playoff_2,0,3
14951,2012-03-31,20:00,44,3530,Playoff_2,2,0
14952,2012-03-31,20:00,282,5381,Playoff_2,1,1
14953,2012-04-01,18:00,35,19,Playoff_1,1,1
14954,2012-04-06,20:30,3530,282,Playoff_2,4,1
14955,2012-04-06,20:30,16,35,Playoff_1,0,0
14956,2012-04-07,18:00,322,7,Playoff_1,2,0
14957,2012-04-07,20:00,5381,44,Playoff_2,0,2
14958,2012-04-07,20:00,12,18,Playoff_2,6,4
14959,2012-04-08,18:00,19,3,Playoff_1,3,1
14960,2012-04-09,18:00,30,25,Playoff_2,2,1
14961,2012-04-11,20:30,322,19,Playoff_1,2,0
14962,2012-04-11,20:30,7,35,Playoff_1,1,4
14963,2012-04-12,20:30,16,3,Playoff_1,1,1
14964,2012-04-13,20:30,12,30,Playoff_2,0,0
14965,2012-04-14,20:00,44,282,Playoff_2,1,1
14966,2012-04-14,20:00,35,322,Playoff_1,1,3
14967,2012-04-14,20:00,25,18,Playoff_2,2,1
14968,2012-04-14,20:00,5381,3530,Playoff_2,2,0
14969,2012-04-15,18:00,3,7,Playoff_1,1,0
14970,2012-04-15,20:30,19,16,Playoff_1,1,1
14971,2012-04-21,17:30,18,25,Playoff_2,4,2
14972,2012-04-21,20:00,3530,5381,Playoff_2,3,1
14973,2012-04-21,20:00,30,12,Playoff_2,2,2
14974,2012-04-21,20:00,19,7,Playoff_1,1,4
14975,2012-04-21,20:00,282,44,Playoff_2,1,2
14976,2012-04-22,18:00,3,35,Playoff_1,0,1
14977,2012-04-22,20:30,322,16,Playoff_1,3,2
14978,2012-04-27,20:30,322,35,Playoff_1,0,4
14979,2012-04-28,18:00,7,3,Playoff_1,2,1
14980,2012-04-28,20:00,18,12,Playoff_2,3,2
14981,2012-04-28,20:00,44,5381,Playoff_2,0,1
14982,2012-04-28,20:00,25,30,Playoff_2,1,1
14983,2012-04-28,20:00,282,3530,Playoff_2,3,1
14984,2012-04-28,20:30,16,19,Playoff_1,2,0
14985,2012-05-01,14:30,3,16,Playoff_1,2,0
14986,2012-05-02,20:00,35,7,Playoff_1,1,0
14987,2012-05-02,20:30,19,322,Playoff_1,3,4
14988,2012-05-05,18:00,7,19,Playoff_1,2,3
14989,2012-05-05,20:00,5381,282,Playoff_2,2,2
14990,2012-05-05,20:00,12,25,Playoff_2,3,1
14991,2012-05-05,20:00,3530,44,Playoff_2,1,1
14992,2012-05-05,20:00,30,18,Playoff_2,1,2
14993,2012-05-06,14:30,35,3,Playoff_1,1,1
14994,2012-05-06,18:00,16,322,Playoff_1,2,3
14995,2012-05-10,20:30,322,3,Playoff_1,1,2
14996,2012-05-10,20:30,16,7,Playoff_1,2,1
14997,2012-05-10,20:30,19,35,Playoff_1,2,0
14998,2012-05-13,14:30,7,322,Playoff_1,3,1
14999,2012-05-13,14:30,35,16,Playoff_1,3,0
15000,2012-05-13,14:30,3,19,Playoff_1,3,2
15001,2012-07-29,18:00,7,30,Regulier,2,0
15002,2012-07-29,18:00,16,5381,Regulier,0,1
15003,2012-07-29,18:00,19,35,Regulier,1,1
15004,2012-07-29,20:00,3,4068,Regulier,3,1
15005,2012-07-29,20:00,44,18,Regulier,5,2
15006,2012-07-29,20:00,25,22,Regulier,4,2
15007,2012-07-29,20:00,3530,282,Regulier,2,4
15008,2012-07-29,20:30,322,12,Regulier,3,3
15009,2012-08-05,18:00,18,322,Regulier,2,2
15010,2012-08-05,18:00,22,3,Regulier,0,1
15011,2012-08-05,18:00,5381,7,Regulier,3,1
15012,2012-08-05,20:00,35,3530,Regulier,1,0
15013,2012-08-05,20:00,4068,25,Regulier,0,0
15014,2012-08-05,20:00,282,44,Regulier,2,2
15015,2012-08-05,20:00,12,19,Regulier,1,2
15016,2012-08-05,20:30,30,16,Regulier,0,0
15017,2012-08-12,18:00,322,282,Regulier,1,0
15018,2012-08-12,18:00,25,3,Regulier,3,3
15019,2012-08-12,18:00,7,18,Regulier,1,1
15020,2012-08-12,20:00,44,30,Regulier,1,1
15021,2012-08-12,20:00,3530,5381,Regulier,1,1
15022,2012-08-12,20:00,19,22,Regulier,0,1
15023,2012-08-12,20:30,16,4068,Regulier,3,1
15024,2012-08-12,20:30,12,35,Regulier,0,3
15025,2012-08-19,18:00,22,16,Regulier,2,6
15026,2012-08-19,20:00,18,12,Regulier,3,2
15027,2012-08-19,20:00,35,44,Regulier,2,1
15028,2012-08-19,20:00,3,3530,Regulier,3,1
15029,2012-08-19,20:00,30,322,Regulier,1,1
15030,2012-08-19,20:00,5381,19,Regulier,2,0
15031,2012-08-19,20:00,282,25,Regulier,2,1
15032,2012-08-19,20:00,4068,7,Regulier,0,2
15033,2012-08-26,14:30,16,25,Regulier,3,2
15034,2012-08-26,18:00,18,35,Regulier,1,1
15035,2012-08-26,18:00,322,5381,Regulier,2,0
15036,2012-08-26,18:00,7,282,Regulier,2,1
15037,2012-08-26,20:00,12,30,Regulier,0,3
15038,2012-08-26,20:00,3530,22,Regulier,2,0
15039,2012-08-26,20:00,19,4068,Regulier,2,1
15040,2012-08-26,20:30,44,3,Regulier,1,3
15041,2012-09-02,14:30,3,16,Regulier,4,2
15042,2012-09-02,18:00,25,3530,Regulier,0,2
15043,2012-09-02,18:00,35,322,Regulier,2,2
15044,2012-09-02,20:00,4068,12,Regulier,2,0
15045,2012-09-02,20:00,30,18,Regulier,1,1
15046,2012-09-02,20:00,5381,44,Regulier,2,4
15047,2012-09-02,20:00,22,7,Regulier,1,1
15048,2012-09-02,20:30,282,19,Regulier,0,1
15049,2012-09-16,18:00,30,35,Regulier,1,1
15050,2012-09-16,18:00,3530,16,Regulier,3,2
15051,2012-09-16,20:00,7,25,Regulier,0,2
15052,2012-09-16,20:00,12,282,Regulier,0,1
15053,2012-09-16,20:00,322,4068,Regulier,1,1
15054,2012-09-16,20:00,18,5381,Regulier,0,1
15055,2012-09-16,20:00,44,22,Regulier,2,3
15056,2012-09-16,20:30,19,3,Regulier,1,1
15057,2012-09-23,14:30,3,12,Regulier,4,0
15058,2012-09-23,18:00,5381,35,Regulier,2,3
15059,2012-09-23,20:00,282,18,Regulier,2,2
15060,2012-09-23,20:00,25,44,Regulier,3,0
15061,2012-09-23,20:00,4068,30,Regulier,1,1
15062,2012-09-23,20:00,3530,19,Regulier,2,1
15063,2012-09-23,20:30,16,7,Regulier,1,2
15064,2012-09-23,20:30,22,322,Regulier,1,2
15065,2012-09-30,14:30,7,3,Regulier,2,2
15066,2012-09-30,18:00,19,16,Regulier,2,1
15067,2012-09-30,20:00,30,5381,Regulier,1,4
15068,2012-09-30,20:00,12,22,Regulier,1,0
15069,2012-09-30,20:00,18,4068,Regulier,5,2
15070,2012-09-30,20:00,44,3530,Regulier,1,0
15071,2012-09-30,20:00,322,25,Regulier,2,1
15072,2012-09-30,20:00,35,282,Regulier,3,0
15073,2012-10-05,20:30,3530,7,Regulier,2,2
15074,2012-10-06,20:00,25,19,Regulier,0,2
15075,2012-10-06,20:00,22,18,Regulier,0,4
15076,2012-10-06,20:00,5381,12,Regulier,3,1
15077,2012-10-06,20:00,4068,44,Regulier,2,2
15078,2012-10-06,20:00,282,30,Regulier,2,2
15079,2012-10-07,14:30,16,35,Regulier,2,1
15080,2012-10-07,18:00,3,322,Regulier,1,1
15081,2012-10-19,20:00,35,4068,Regulier,2,0
15082,2012-10-20,18:00,322,3530,Regulier,3,0
15083,2012-10-20,20:00,18,3,Regulier,4,1
15084,2012-10-20,20:00,12,25,Regulier,1,2
15085,2012-10-20,20:00,7,19,Regulier,0,1
15086,2012-10-20,20:00,5381,282,Regulier,0,3
15087,2012-10-20,20:00,30,22,Regulier,0,1
15088,2012-10-21,18:00,44,16,Regulier,3,1
15089,2012-10-26,20:30,16,12,Regulier,2,1
15090,2012-10-27,19:00,22,35,Regulier,2,0
15091,2012-10-27,20:00,3530,18,Regulier,1,3
15092,2012-10-27,20:00,4068,5381,Regulier,0,2
15093,2012-10-27,20:00,7,44,Regulier,2,0
15094,2012-10-27,20:00,25,30,Regulier,3,0
15095,2012-10-28,14:30,19,322,Regulier,1,1
15096,2012-10-28,18:00,3,282,Regulier,2,3
15097,2012-10-30,20:00,35,7,Regulier,5,0
15098,2012-10-31,20:30,18,25,Regulier,3,1
15099,2012-10-31,20:30,5381,22,Regulier,4,1
15100,2012-10-31,20:30,12,3530,Regulier,3,1
15101,2012-10-31,20:30,282,4068,Regulier,2,0
15102,2012-10-31,20:30,322,16,Regulier,0,2
15103,2012-10-31,20:30,44,19,Regulier,1,0
15104,2012-10-31,20:30,30,3,Regulier,3,2
15105,2012-11-03,18:00,25,35,Regulier,1,4
15106,2012-11-03,20:00,7,322,Regulier,1,2
15107,2012-11-03,20:00,3530,4068,Regulier,1,2
15108,2012-11-03,20:00,19,30,Regulier,4,1
15109,2012-11-03,20:00,22,282,Regulier,0,2
15110,2012-11-03,20:00,44,12,Regulier,3,2
15111,2012-11-04,18:00,3,5381,Regulier,0,1
15112,2012-11-04,20:30,16,18,Regulier,2,0
15113,2012-11-09,20:30,282,16,Regulier,2,1
15114,2012-11-10,20:00,12,7,Regulier,2,2
15115,2012-11-10,20:00,18,19,Regulier,0,0
15116,2012-11-10,20:00,5381,25,Regulier,1,1
15117,2012-11-10,20:00,4068,22,Regulier,0,0
15118,2012-11-10,20:00,30,3530,Regulier,1,3
15119,2012-11-11,14:30,35,3,Regulier,6,1
15120,2012-11-11,18:00,322,44,Regulier,5,1
15121,2012-11-17,20:00,22,25,Regulier,1,1
15122,2012-11-17,20:00,12,322,Regulier,3,1
15123,2012-11-17,20:00,30,7,Regulier,2,0
15124,2012-11-17,20:00,18,44,Regulier,1,3
15125,2012-11-17,20:00,4068,3,Regulier,2,6
15126,2012-11-18,14:30,5381,16,Regulier,0,0
15127,2012-11-18,18:00,35,19,Regulier,1,0
15128,2012-11-18,20:30,282,3530,Regulier,1,0
15129,2012-11-23,20:30,16,30,Regulier,3,0
15130,2012-11-24,18:00,3530,35,Regulier,1,4
15131,2012-11-24,20:00,25,4068,Regulier,0,1
15132,2012-11-24,20:00,7,5381,Regulier,0,1
15133,2012-11-24,20:00,44,282,Regulier,1,2
15134,2012-11-24,20:00,19,12,Regulier,3,1
15135,2012-11-25,18:00,3,22,Regulier,1,0
15136,2012-11-25,20:30,322,18,Regulier,1,1
15137,2012-12-01,20:00,18,7,Regulier,1,1
15138,2012-12-01,20:00,22,19,Regulier,2,0
15139,2012-12-01,20:00,5381,3530,Regulier,0,0
15140,2012-12-01,20:00,3,25,Regulier,1,1
15141,2012-12-01,20:00,30,44,Regulier,0,3
15142,2012-12-01,20:00,35,12,Regulier,2,1
15143,2012-12-02,14:30,282,322,Regulier,3,4
15144,2012-12-02,18:00,4068,16,Regulier,0,2
15145,2012-12-07,20:30,16,22,Regulier,6,1
15146,2012-12-08,18:00,44,35,Regulier,0,5
15147,2012-12-08,20:00,19,5381,Regulier,1,2
15148,2012-12-08,20:00,12,18,Regulier,1,1
15149,2012-12-08,20:00,25,282,Regulier,2,1
15150,2012-12-08,20:00,7,4068,Regulier,0,2
15151,2012-12-09,14:30,3530,3,Regulier,1,7
15152,2012-12-09,18:00,322,30,Regulier,4,1
15153,2012-12-15,18:00,25,16,Regulier,0,2
15154,2012-12-15,20:00,30,12,Regulier,1,1
15155,2012-12-15,20:00,4068,19,Regulier,1,0
15156,2012-12-15,20:00,22,3530,Regulier,1,0
15157,2012-12-15,20:00,3,44,Regulier,2,0
15158,2012-12-15,20:00,282,7,Regulier,2,2
15159,2012-12-16,14:30,5381,322,Regulier,3,2
15160,2012-12-16,18:00,35,18,Regulier,2,1
15161,2012-12-21,20:30,19,282,Regulier,2,3
15162,2012-12-22,20:00,12,4068,Regulier,2,2
15163,2012-12-22,20:00,18,30,Regulier,2,2
15164,2012-12-22,20:00,3530,25,Regulier,0,2
15165,2012-12-22,20:00,7,22,Regulier,1,2
15166,2012-12-22,20:00,44,5381,Regulier,1,1
15167,2012-12-23,14:30,16,3,Regulier,1,3
15168,2012-12-23,18:00,322,35,Regulier,2,4
15169,2012-12-26,14:30,25,7,Regulier,1,0
15170,2012-12-26,14:30,22,44,Regulier,1,2
15171,2012-12-26,14:30,5381,18,Regulier,2,1
15172,2012-12-26,14:30,4068,322,Regulier,1,1
15173,2012-12-26,14:30,282,12,Regulier,3,0
15174,2012-12-26,18:00,3,19,Regulier,0,0
15175,2012-12-27,18:00,16,3530,Regulier,3,0
15176,2012-12-27,20:00,35,30,Regulier,4,1
15177,2013-01-19,18:00,7,16,Regulier,0,0
15178,2013-01-19,20:00,19,3530,Regulier,4,0
15179,2013-01-19,20:00,18,282,Regulier,2,6
15180,2013-01-19,20:00,44,25,Regulier,2,3
15181,2013-01-19,20:00,322,22,Regulier,3,1
15182,2013-01-19,20:00,30,4068,Regulier,0,0
15183,2013-01-20,20:00,35,5381,Regulier,0,1
15184,2013-01-20,20:30,12,3,Regulier,0,3
15185,2013-01-25,20:30,16,19,Regulier,2,0
15186,2013-01-26,18:00,282,35,Regulier,0,2
15187,2013-01-26,20:00,25,322,Regulier,2,1
15188,2013-01-26,20:00,3530,44,Regulier,0,0
15189,2013-01-26,20:00,5381,30,Regulier,2,0
15190,2013-01-26,20:00,4068,18,Regulier,2,0
15191,2013-01-27,14:30,3,7,Regulier,0,0
15192,2013-01-27,18:30,22,12,Regulier,2,1
15193,2013-02-02,18:00,7,3530,Regulier,2,1
15194,2013-02-02,20:00,12,5381,Regulier,1,2
15195,2013-02-02,20:00,30,282,Regulier,1,1
15196,2013-02-02,20:00,19,25,Regulier,2,1
15197,2013-02-02,20:00,44,4068,Regulier,3,0
15198,2013-02-02,20:00,18,22,Regulier,1,0
15199,2013-02-03,14:30,322,3,Regulier,4,1
15200,2013-02-03,18:00,35,16,Regulier,2,2
15201,2013-02-09,18:00,3530,322,Regulier,0,2
15202,2013-02-09,20:00,22,30,Regulier,1,0
15203,2013-02-09,20:00,25,12,Regulier,2,0
15204,2013-02-09,20:00,282,5381,Regulier,1,1
15205,2013-02-09,20:00,19,7,Regulier,1,0
15206,2013-02-09,20:00,3,18,Regulier,3,1
15207,2013-02-10,14:30,16,44,Regulier,0,1
15208,2013-02-10,18:00,4068,35,Regulier,1,2
15209,2013-02-15,20:00,35,22,Regulier,2,0
15210,2013-02-16,18:00,12,16,Regulier,0,1
15211,2013-02-16,20:00,30,25,Regulier,0,2
15212,2013-02-16,20:00,18,3530,Regulier,1,1
15213,2013-02-16,20:00,44,7,Regulier,0,2
15214,2013-02-16,20:00,5381,4068,Regulier,2,0
15215,2013-02-17,14:30,282,3,Regulier,1,1
15216,2013-02-17,18:00,322,19,Regulier,2,0
15217,2013-02-23,18:00,7,12,Regulier,2,0
15218,2013-02-23,20:00,3530,30,Regulier,1,3
15219,2013-02-23,20:00,19,44,Regulier,0,1
15220,2013-02-23,20:00,25,18,Regulier,1,2
15221,2013-02-23,20:00,4068,282,Regulier,0,0
15222,2013-02-24,14:30,3,35,Regulier,2,2
15223,2013-02-24,18:00,16,322,Regulier,0,0
15224,2013-02-24,18:00,22,5381,Regulier,0,1
15225,2013-03-09,20:00,18,16,Regulier,0,4
15226,2013-03-09,20:00,322,7,Regulier,3,2
15227,2013-03-09,20:00,5381,3,Regulier,1,2
15228,2013-03-09,20:00,282,22,Regulier,1,1
15229,2013-03-09,20:00,12,44,Regulier,1,3
15230,2013-03-09,20:00,4068,3530,Regulier,3,2
15231,2013-03-09,20:00,30,19,Regulier,1,0
15232,2013-03-09,20:00,35,25,Regulier,1,0
15233,2013-03-16,20:00,7,35,Regulier,1,1
15234,2013-03-16,20:00,16,282,Regulier,0,2
15235,2013-03-16,20:00,3,30,Regulier,3,0
15236,2013-03-16,20:00,22,4068,Regulier,3,0
15237,2013-03-16,20:00,19,18,Regulier,0,0
15238,2013-03-16,20:00,25,5381,Regulier,2,3
15239,2013-03-16,20:00,44,322,Regulier,1,5
15240,2013-03-16,20:00,3530,12,Regulier,3,1
15241,2013-03-30,18:00,7,44,Playoff_2,2,1
15242,2013-03-30,20:00,30,19,Playoff_2,0,0
15243,2013-03-30,20:00,5381,282,Playoff_1,1,1
15244,2013-03-30,20:00,25,22,Playoff_2,0,0
15245,2013-03-30,20:00,18,4068,Playoff_2,3,1
15246,2013-04-01,14:30,3,16,Playoff_1,0,2
15247,2013-04-01,18:00,35,322,Playoff_1,1,2
15248,2013-04-05,20:30,282,3,Playoff_1,1,4
15249,2013-04-06,18:00,16,35,Playoff_1,0,0
15250,2013-04-06,20:00,44,30,Playoff_2,2,1
15251,2013-04-06,20:00,22,18,Playoff_2,3,0
15252,2013-04-06,20:00,19,7,Playoff_2,0,0
15253,2013-04-06,20:00,4068,25,Playoff_2,1,0
15254,2013-04-07,18:00,322,5381,Playoff_1,1,1
15255,2013-04-12,20:30,5381,16,Playoff_1,3,4
15256,2013-04-13,18:00,30,7,Playoff_2,1,2
15257,2013-04-13,20:00,322,282,Playoff_1,2,1
15258,2013-04-13,20:00,18,25,Playoff_2,0,3
15259,2013-04-13,20:00,22,4068,Playoff_2,1,1
15260,2013-04-13,20:00,19,44,Playoff_2,3,0
15261,2013-04-14,18:00,35,3,Playoff_1,1,1
15262,2013-04-16,20:30,16,322,Playoff_1,3,0
15263,2013-04-17,20:00,35,282,Playoff_1,3,0
15264,2013-04-18,20:30,3,5381,Playoff_1,3,4
15265,2013-04-20,18:00,282,16,Playoff_1,4,1
15266,2013-04-20,20:00,4068,22,Playoff_2,0,0
15267,2013-04-20,20:00,25,18,Playoff_2,1,5
15268,2013-04-20,20:00,7,30,Playoff_2,3,0
15269,2013-04-20,20:00,44,19,Playoff_2,2,1
15270,2013-04-21,18:00,322,3,Playoff_1,0,2
15271,2013-04-21,20:30,5381,35,Playoff_1,2,1
15272,2013-04-27,20:00,30,44,Playoff_2,0,1
15273,2013-04-27,20:00,282,322,Playoff_1,0,0
15274,2013-04-27,20:00,18,22,Playoff_2,0,0
15275,2013-04-27,20:00,7,19,Playoff_2,1,0
15276,2013-04-27,20:00,25,4068,Playoff_2,2,0
15277,2013-04-28,14:30,3,35,Playoff_1,2,1
15278,2013-04-28,18:00,16,5381,Playoff_1,1,0
15279,2013-05-03,20:30,5381,322,Playoff_1,0,4
15280,2013-05-04,20:00,44,7,Playoff_2,1,1
15281,2013-05-04,20:00,4068,18,Playoff_2,0,1
15282,2013-05-04,20:00,22,25,Playoff_2,1,2
15283,2013-05-04,20:00,19,30,Playoff_2,0,3
15284,2013-05-05,14:30,35,16,Playoff_1,2,0
15285,2013-05-05,18:00,3,282,Playoff_1,2,1
15286,2013-05-11,20:00,282,5381,Playoff_1,2,3
15287,2013-05-12,14:30,16,3,Playoff_1,2,4
15288,2013-05-12,18:00,322,35,Playoff_1,1,2
15289,2013-05-16,20:30,5381,3,Playoff_1,5,2
15290,2013-05-16,20:30,282,35,Playoff_1,2,4
15291,2013-05-16,20:30,322,16,Playoff_1,1,1
15292,2013-05-19,14:30,3,322,Playoff_1,1,0
15293,2013-05-19,14:30,35,5381,Playoff_1,1,1
15294,2013-05-19,14:30,16,282,Playoff_1,4,3
15295,2013-07-28,18:00,35,282,Regulier,2,3
15296,2013-07-28,20:00,30,5381,Regulier,1,2
15297,2013-07-28,20:00,19,18,Regulier,1,0
15298,2013-07-28,20:00,44,12,Regulier,1,1
15299,2013-07-28,20:00,4068,7,Regulier,1,1
15300,2013-07-28,20:00,322,31,Regulier,3,0
15301,2013-07-28,20:30,25,16,Regulier,0,2
15302,2013-07-28,20:30,3,22,Regulier,2,0
15303,2013-08-04,14:30,7,25,Regulier,2,1
15304,2013-08-04,18:00,16,30,Regulier,3,0
15305,2013-08-04,20:00,282,44,Regulier,2,1
15306,2013-08-04,20:00,22,4068,Regulier,1,1
15307,2013-08-04,20:00,5381,19,Regulier,1,0
15308,2013-08-04,20:00,18,322,Regulier,1,4
15309,2013-08-04,20:30,12,35,Regulier,0,4
15310,2013-08-04,20:30,31,3,Regulier,1,2
15311,2013-08-11,14:30,3,5381,Regulier,1,1
15312,2013-08-11,18:00,35,7,Regulier,4,1
15313,2013-08-11,20:00,4068,25,Regulier,0,0
15314,2013-08-11,20:00,31,18,Regulier,1,1
15315,2013-08-11,20:00,30,12,Regulier,1,1
15316,2013-08-11,20:00,44,22,Regulier,1,2
15317,2013-08-11,20:30,322,16,Regulier,0,2
15318,2013-08-11,20:30,19,282,Regulier,3,3
15319,2013-08-18,14:30,16,18,Regulier,1,0
15320,2013-08-18,18:00,25,3,Regulier,1,2
15321,2013-08-18,18:00,4068,35,Regulier,0,3
15322,2013-08-18,20:00,12,31,Regulier,2,0
15323,2013-08-18,20:00,5381,44,Regulier,2,0
15324,2013-08-18,20:00,282,322,Regulier,3,1
15325,2013-08-18,20:00,22,19,Regulier,1,2
15326,2013-08-18,20:00,7,30,Regulier,2,1
15327,2013-08-25,14:30,3,7,Regulier,1,1
15328,2013-08-25,18:00,322,12,Regulier,1,0
15329,2013-08-25,18:00,35,22,Regulier,5,2
15330,2013-08-25,18:00,31,5381,Regulier,1,1
15331,2013-08-25,20:00,30,4068,Regulier,1,0
15332,2013-08-25,20:00,19,25,Regulier,1,2
15333,2013-08-25,20:00,18,282,Regulier,2,1
15334,2013-08-25,20:30,44,16,Regulier,0,2
15335,2013-09-01,14:30,16,19,Regulier,2,0
15336,2013-09-01,18:00,25,30,Regulier,0,0
15337,2013-09-01,18:00,5381,35,Regulier,4,3
15338,2013-09-01,20:00,12,18,Regulier,1,1
15339,2013-09-01,20:00,7,44,Regulier,1,0
15340,2013-09-01,20:00,282,31,Regulier,1,0
15341,2013-09-01,20:30,22,322,Regulier,1,1
15342,2013-09-01,20:30,4068,3,Regulier,1,2
15343,2013-09-15,14:30,31,16,Regulier,2,4
15344,2013-09-15,18:00,35,25,Regulier,5,0
15345,2013-09-15,18:00,322,5381,Regulier,5,2
15346,2013-09-15,20:00,19,7,Regulier,3,0
15347,2013-09-15,20:00,18,22,Regulier,0,0
15348,2013-09-15,20:00,282,12,Regulier,3,0
15349,2013-09-15,20:00,3,30,Regulier,4,1
15350,2013-09-15,20:00,44,4068,Regulier,1,1
15351,2013-09-22,14:30,3,35,Regulier,4,0
15352,2013-09-22,18:00,16,282,Regulier,2,1
15353,2013-09-22,20:00,30,19,Regulier,2,0
15354,2013-09-22,20:00,25,44,Regulier,4,2
15355,2013-09-22,20:00,7,31,Regulier,1,1
15356,2013-09-22,20:00,22,12,Regulier,2,0
15357,2013-09-22,20:30,5381,18,Regulier,4,2
15358,2013-09-22,20:30,4068,322,Regulier,0,0
15359,2013-09-29,14:30,35,30,Regulier,2,0
15360,2013-09-29,18:00,12,16,Regulier,0,5
15361,2013-09-29,18:00,282,5381,Regulier,2,4
15362,2013-09-29,20:00,322,25,Regulier,1,0
15363,2013-09-29,20:00,18,7,Regulier,1,1
15364,2013-09-29,20:00,44,3,Regulier,0,1
15365,2013-09-29,20:00,19,4068,Regulier,2,1
15366,2013-09-29,20:00,31,22,Regulier,1,0
15367,2013-10-05,20:00,25,12,Regulier,1,2
15368,2013-10-05,20:00,22,282,Regulier,2,1
15369,2013-10-05,20:00,4068,31,Regulier,2,0
15370,2013-10-05,20:00,30,44,Regulier,2,1
15371,2013-10-05,20:00,3,18,Regulier,1,0
15372,2013-10-06,14:30,35,19,Regulier,0,1
15373,2013-10-06,18:00,5381,16,Regulier,1,0
15374,2013-10-06,20:30,7,322,Regulier,1,2
15375,2013-10-18,20:30,44,35,Regulier,0,2
15376,2013-10-19,20:00,18,4068,Regulier,4,2
15377,2013-10-19,20:00,31,25,Regulier,0,3
15378,2013-10-19,20:00,322,30,Regulier,4,0
15379,2013-10-19,20:00,12,5381,Regulier,1,1
15380,2013-10-19,20:00,282,7,Regulier,2,2
15381,2013-10-20,14:30,16,22,Regulier,2,2
15382,2013-10-20,18:00,19,3,Regulier,4,1
15383,2013-10-25,20:30,7,12,Regulier,1,1
15384,2013-10-26,20:00,30,31,Regulier,0,2
15385,2013-10-26,20:00,4068,282,Regulier,0,2
15386,2013-10-26,20:00,44,19,Regulier,0,1
15387,2013-10-26,20:00,25,18,Regulier,4,2
15388,2013-10-27,14:30,3,322,Regulier,0,2
15389,2013-10-27,18:00,35,16,Regulier,1,1
15390,2013-10-27,20:30,5381,22,Regulier,1,1
15391,2013-10-30,20:30,282,30,Regulier,1,0
15392,2013-10-30,20:30,22,25,Regulier,2,2
15393,2013-10-30,20:30,18,44,Regulier,2,2
15394,2013-10-30,20:30,31,35,Regulier,0,3
15395,2013-10-30,20:30,5381,7,Regulier,3,2
15396,2013-10-30,20:30,322,19,Regulier,1,0
15397,2013-10-31,20:30,16,4068,Regulier,2,2
15398,2013-10-31,20:30,12,3,Regulier,2,0
15399,2013-11-02,18:00,35,18,Regulier,3,1
15400,2013-11-02,20:00,30,22,Regulier,2,1
15401,2013-11-02,20:00,19,31,Regulier,2,0
15402,2013-11-02,20:00,44,322,Regulier,2,3
15403,2013-11-02,20:00,25,5381,Regulier,2,2
15404,2013-11-03,14:30,7,16,Regulier,0,1
15405,2013-11-03,18:00,3,282,Regulier,1,0
15406,2013-11-03,20:30,4068,12,Regulier,0,1
15407,2013-11-08,20:30,282,25,Regulier,4,0
15408,2013-11-09,20:00,22,7,Regulier,0,1
15409,2013-11-09,20:00,12,19,Regulier,3,1
15410,2013-11-09,20:00,31,44,Regulier,2,0
15411,2013-11-09,20:00,18,30,Regulier,2,0
15412,2013-11-10,14:30,16,3,Regulier,0,0
15413,2013-11-10,18:00,322,35,Regulier,0,1
15414,2013-11-10,20:30,5381,4068,Regulier,2,0
15415,2013-11-23,18:00,22,35,Regulier,2,1
15416,2013-11-23,20:00,31,322,Regulier,4,0
15417,2013-11-23,20:00,12,30,Regulier,2,4
15418,2013-11-23,20:00,5381,25,Regulier,3,1
15419,2013-11-23,20:00,18,19,Regulier,1,1
15420,2013-11-23,20:00,7,4068,Regulier,2,0
15421,2013-11-24,18:00,282,3,Regulier,0,3
15422,2013-11-24,20:30,16,44,Regulier,1,0
15423,2013-11-30,20:00,25,7,Regulier,0,1
15424,2013-11-30,20:00,3,31,Regulier,2,0
15425,2013-11-30,20:00,44,282,Regulier,1,0
15426,2013-11-30,20:00,4068,22,Regulier,0,0
15427,2013-12-01,14:30,30,16,Regulier,0,5
15428,2013-12-01,18:00,35,12,Regulier,2,1
15429,2013-12-01,20:30,322,18,Regulier,3,0
15430,2013-12-01,20:30,19,5381,Regulier,1,1
15431,2013-12-07,18:00,35,4068,Regulier,2,0
15432,2013-12-07,20:00,3,25,Regulier,3,0
15433,2013-12-07,20:00,19,22,Regulier,1,1
15434,2013-12-07,20:00,31,12,Regulier,2,0
15435,2013-12-07,20:00,44,5381,Regulier,1,1
15436,2013-12-07,20:00,30,7,Regulier,1,3
15437,2013-12-08,14:30,18,16,Regulier,0,0
15438,2013-12-08,18:00,322,282,Regulier,0,2
15439,2013-12-14,20:00,18,31,Regulier,1,2
15440,2013-12-14,20:00,282,19,Regulier,0,0
15441,2013-12-14,20:00,12,44,Regulier,2,1
15442,2013-12-14,20:00,25,4068,Regulier,0,0
15443,2013-12-15,14:30,16,322,Regulier,3,1
15444,2013-12-15,18:00,7,35,Regulier,1,2
15445,2013-12-15,20:30,22,3,Regulier,2,2
15446,2013-12-15,20:30,5381,30,Regulier,3,0
15447,2013-12-21,18:00,12,322,Regulier,1,0
15448,2013-12-21,20:00,4068,30,Regulier,3,1
15449,2013-12-21,20:00,5381,31,Regulier,2,2
15450,2013-12-21,20:00,25,19,Regulier,5,2
15451,2013-12-21,20:00,22,44,Regulier,0,2
15452,2013-12-21,20:00,282,18,Regulier,2,0
15453,2013-12-22,14:30,7,3,Regulier,1,3
15454,2013-12-22,18:00,16,35,Regulier,1,1
15455,2013-12-26,14:30,322,22,Regulier,0,3
15456,2013-12-26,14:30,18,12,Regulier,3,0
15457,2013-12-26,14:30,30,25,Regulier,3,0
15458,2013-12-26,14:30,44,7,Regulier,1,0
15459,2013-12-26,14:30,31,282,Regulier,0,3
15460,2013-12-26,18:00,35,5381,Regulier,1,0
15461,2013-12-26,20:30,3,4068,Regulier,1,2
15462,2013-12-27,20:00,19,16,Regulier,1,5
15463,2014-01-18,18:00,16,31,Regulier,2,0
15464,2014-01-18,20:00,12,282,Regulier,0,3
15465,2014-01-18,20:00,4068,44,Regulier,4,1
15466,2014-01-18,20:00,7,19,Regulier,0,1
15467,2014-01-18,20:00,30,3,Regulier,1,1
15468,2014-01-18,20:00,22,18,Regulier,2,0
15469,2014-01-19,14:30,25,35,Regulier,2,1
15470,2014-01-19,18:00,5381,322,Regulier,1,0
15471,2014-01-24,20:30,282,16,Regulier,0,1
15472,2014-01-25,20:00,44,25,Regulier,0,2
15473,2014-01-25,20:00,12,22,Regulier,3,0
15474,2014-01-25,20:00,19,30,Regulier,3,4
15475,2014-01-25,20:00,18,5381,Regulier,1,0
15476,2014-01-25,20:00,31,4068,Regulier,2,1
15477,2014-01-26,14:30,322,7,Regulier,1,2
15478,2014-01-26,18:00,35,3,Regulier,2,0
15479,2014-01-31,20:30,30,35,Regulier,2,0
15480,2014-02-01,18:00,16,12,Regulier,4,0
15481,2014-02-01,20:00,4068,19,Regulier,1,1
15482,2014-02-01,20:00,7,18,Regulier,2,0
15483,2014-02-01,20:00,25,322,Regulier,0,2
15484,2014-02-01,20:00,22,31,Regulier,0,1
15485,2014-02-01,20:00,3,44,Regulier,2,1
15486,2014-02-02,18:00,5381,282,Regulier,1,1
15487,2014-02-08,18:00,19,35,Regulier,2,2
15488,2014-02-08,20:00,31,7,Regulier,0,0
15489,2014-02-08,20:00,282,22,Regulier,3,1
15490,2014-02-08,20:00,18,25,Regulier,0,0
15491,2014-02-08,20:00,44,30,Regulier,1,5
15492,2014-02-08,20:00,12,4068,Regulier,0,0
15493,2014-02-09,14:30,16,5381,Regulier,2,0
15494,2014-02-09,18:00,322,3,Regulier,1,3
15495,2014-02-14,20:30,3,19,Regulier,3,1
15496,2014-02-15,18:00,22,16,Regulier,0,1
15497,2014-02-15,20:00,25,31,Regulier,1,1
15498,2014-02-15,20:00,5381,12,Regulier,2,1
15499,2014-02-15,20:00,30,322,Regulier,0,1
15500,2014-02-15,20:00,4068,18,Regulier,1,0
15501,2014-02-16,14:30,7,282,Regulier,1,1
15502,2014-02-16,18:00,35,44,Regulier,2,0
15503,2014-02-21,20:30,282,35,Regulier,2,1
15504,2014-02-22,20:00,12,25,Regulier,3,2
15505,2014-02-22,20:00,19,44,Regulier,1,2
15506,2014-02-22,20:00,22,5381,Regulier,3,2
15507,2014-02-22,20:00,31,30,Regulier,3,2
15508,2014-02-23,14:30,18,3,Regulier,2,5
15509,2014-02-23,18:00,16,7,Regulier,2,3
15510,2014-02-23,20:30,322,4068,Regulier,0,2
15511,2014-02-28,20:30,25,282,Regulier,1,0
15512,2014-03-01,20:00,30,18,Regulier,0,0
15513,2014-03-01,20:00,19,12,Regulier,4,0
15514,2014-03-01,20:00,7,22,Regulier,2,1
15515,2014-03-01,20:00,4068,5381,Regulier,2,2
15516,2014-03-01,20:00,44,31,Regulier,3,0
15517,2014-03-02,14:30,3,16,Regulier,1,0
15518,2014-03-02,18:00,35,322,Regulier,2,0
15519,2014-03-08,20:00,322,44,Regulier,3,1
15520,2014-03-08,20:00,31,19,Regulier,0,0
15521,2014-03-08,20:00,5381,3,Regulier,1,1
15522,2014-03-08,20:00,16,25,Regulier,2,0
15523,2014-03-08,20:00,18,35,Regulier,1,0
15524,2014-03-08,20:00,22,30,Regulier,1,1
15525,2014-03-08,20:00,12,7,Regulier,1,4
15526,2014-03-08,20:00,282,4068,Regulier,0,0
15527,2014-03-16,18:00,3,12,Regulier,2,0
15528,2014-03-16,18:00,19,322,Regulier,2,2
15529,2014-03-16,18:00,35,31,Regulier,4,0
15530,2014-03-16,18:00,7,5381,Regulier,0,1
15531,2014-03-16,18:00,30,282,Regulier,1,2
15532,2014-03-16,18:00,4068,16,Regulier,1,1
15533,2014-03-16,18:00,44,18,Regulier,3,2
15534,2014-03-16,18:00,25,22,Regulier,0,3
15535,2014-03-28,20:30,3,282,Playoff_1,5,1
15536,2014-03-29,20:00,19,12,Playoff_2,4,0
15537,2014-03-29,20:00,4068,30,Playoff_2,2,0
15538,2014-03-29,20:00,322,5381,Playoff_1,0,3
15539,2014-03-29,20:00,7,31,Playoff_2,0,1
15540,2014-03-30,18:00,16,35,Playoff_1,1,0
15541,2014-03-30,20:30,25,22,Playoff_2,0,2
15542,2014-04-04,20:30,5381,16,Playoff_1,2,0
15543,2014-04-05,20:00,22,19,Playoff_2,1,1
15544,2014-04-05,20:00,12,25,Playoff_2,0,1
15545,2014-04-05,20:00,282,322,Playoff_1,1,1
15546,2014-04-05,20:00,30,7,Playoff_2,1,0
15547,2014-04-05,20:00,31,4068,Playoff_2,0,0
15548,2014-04-06,20:00,35,3,Playoff_1,3,0
15549,2014-04-11,20:30,282,35,Playoff_1,1,2
15550,2014-04-12,18:00,5381,3,Playoff_1,2,1
15551,2014-04-12,20:00,19,25,Playoff_2,4,1
15552,2014-04-12,20:00,7,4068,Playoff_2,2,1
15553,2014-04-12,20:00,12,22,Playoff_2,2,4
15554,2014-04-12,20:00,31,30,Playoff_2,2,0
15555,2014-04-13,18:00,322,16,Playoff_1,2,2
15556,2014-04-15,20:30,35,5381,Playoff_1,0,0
15557,2014-04-16,20:30,3,322,Playoff_1,2,0
15558,2014-04-17,20:30,16,282,Playoff_1,2,2
15559,2014-04-19,20:00,4068,7,Playoff_2,2,4
15560,2014-04-19,20:00,25,19,Playoff_2,2,1
15561,2014-04-19,20:00,30,31,Playoff_2,0,2
15562,2014-04-19,20:00,22,12,Playoff_2,2,0
15563,2014-04-20,20:00,282,5381,Playoff_1,3,2
15564,2014-04-21,14:30,3,16,Playoff_1,0,0
15565,2014-04-21,18:00,322,35,Playoff_1,1,0
15566,2014-04-25,20:30,5381,322,Playoff_1,2,2
15567,2014-04-26,18:00,282,3,Playoff_1,1,3
15568,2014-04-26,20:00,30,4068,Playoff_2,4,2
15569,2014-04-26,20:00,31,7,Playoff_2,1,1
15570,2014-04-26,20:00,22,25,Playoff_2,3,0
15571,2014-04-26,20:00,12,19,Playoff_2,0,4
15572,2014-04-27,18:00,35,16,Playoff_1,2,1
15573,2014-05-02,20:30,16,5381,Playoff_1,4,1
15574,2014-05-03,18:00,322,282,Playoff_1,1,2
15575,2014-05-03,20:00,4068,31,Playoff_2,0,1
15576,2014-05-03,20:00,19,22,Playoff_2,2,1
15577,2014-05-03,20:00,25,12,Playoff_2,2,0
15578,2014-05-03,20:00,7,30,Playoff_2,4,0
15579,2014-05-04,18:00,3,35,Playoff_1,0,1
15580,2014-05-09,20:30,19,31,Playoff_2,2,2
15581,2014-05-10,20:00,5381,282,Playoff_1,3,1
15582,2014-05-11,14:30,16,3,Playoff_1,0,1
15583,2014-05-11,18:00,35,322,Playoff_1,4,0
15584,2014-05-15,20:30,322,3,Playoff_1,3,2
15585,2014-05-15,20:30,5381,35,Playoff_1,1,2
15586,2014-05-15,20:30,282,16,Playoff_1,1,3
15587,2014-05-17,20:00,31,19,Playoff_2,9,8
15588,2014-05-18,14:30,16,322,Playoff_1,1,0
15589,2014-05-18,14:30,3,5381,Playoff_1,2,0
15590,2014-05-18,14:30,35,282,Playoff_1,3,1
15591,2014-07-27,14:30,25,322,Regulier,3,1
15592,2014-07-27,18:00,4068,3,Regulier,0,2
15593,2014-07-27,18:00,35,216,Regulier,3,1
15594,2014-07-27,20:00,30,31,Regulier,2,0
15595,2014-07-27,20:00,2024,282,Regulier,1,0
15596,2014-07-27,20:00,12,7,Regulier,0,0
15597,2014-07-27,20:00,5381,19,Regulier,2,0
15598,2014-07-27,20:30,16,22,Regulier,3,0
15599,2014-08-03,14:30,282,5381,Regulier,2,1
15600,2014-08-03,18:00,19,16,Regulier,2,3
15601,2014-08-03,18:00,3,30,Regulier,1,0
15602,2014-08-03,20:00,7,25,Regulier,3,1
15603,2014-08-03,20:00,322,12,Regulier,1,1
15604,2014-08-03,20:00,216,4068,Regulier,1,0
15605,2014-08-03,20:00,22,2024,Regulier,2,3
15606,2014-08-03,20:30,31,35,Regulier,0,2
15607,2014-08-10,14:30,16,7,Regulier,0,1
15608,2014-08-10,18:00,35,22,Regulier,1,0
15609,2014-08-10,18:00,25,19,Regulier,1,2
15610,2014-08-10,20:00,30,216,Regulier,2,2
15611,2014-08-10,20:00,12,31,Regulier,0,1
15612,2014-08-10,20:00,5381,3,Regulier,1,1
15613,2014-08-10,20:00,4068,2024,Regulier,1,1
15614,2014-08-10,20:30,322,282,Regulier,0,0
15615,2014-08-17,18:00,7,5381,Regulier,3,1
15616,2014-08-17,18:00,19,322,Regulier,1,1
15617,2014-08-17,18:00,216,16,Regulier,5,2
15618,2014-08-17,20:00,22,4068,Regulier,2,2
15619,2014-08-17,20:00,2024,35,Regulier,2,2
15620,2014-08-17,20:00,282,30,Regulier,2,0
15621,2014-08-17,20:00,31,25,Regulier,2,0
15622,2014-08-17,20:30,3,12,Regulier,1,1
15623,2014-08-24,14:30,35,4068,Regulier,1,0
15624,2014-08-24,18:00,25,3,Regulier,3,1
15625,2014-08-24,18:00,16,2024,Regulier,2,2
15626,2014-08-24,20:00,12,282,Regulier,1,0
15627,2014-08-24,20:00,30,22,Regulier,0,2
15628,2014-08-24,20:00,5381,216,Regulier,1,1
15629,2014-08-24,20:00,19,31,Regulier,0,2
15630,2014-08-24,20:30,322,7,Regulier,3,2
15631,2014-08-31,14:30,3,35,Regulier,2,2
15632,2014-08-31,18:00,282,16,Regulier,1,1
15633,2014-08-31,18:00,31,322,Regulier,1,1
15634,2014-08-31,20:00,22,25,Regulier,2,0
15635,2014-08-31,20:00,2024,5381,Regulier,2,2
15636,2014-08-31,20:00,216,12,Regulier,4,0
15637,2014-08-31,20:00,4068,30,Regulier,2,0
15638,2014-08-31,20:30,7,19,Regulier,0,1
15639,2014-09-14,14:30,322,3,Regulier,1,1
15640,2014-09-14,18:00,30,35,Regulier,2,2
15641,2014-09-14,18:00,7,216,Regulier,1,0
15642,2014-09-14,20:00,25,2024,Regulier,5,2
15643,2014-09-14,20:00,5381,4068,Regulier,1,4
15644,2014-09-14,20:00,12,22,Regulier,1,0
15645,2014-09-14,20:00,19,282,Regulier,2,3
15646,2014-09-14,20:30,16,31,Regulier,3,5
15647,2014-09-21,14:30,4068,16,Regulier,0,2
15648,2014-09-21,18:00,3,19,Regulier,5,0
15649,2014-09-21,18:00,216,322,Regulier,1,2
15650,2014-09-21,20:00,35,12,Regulier,3,2
15651,2014-09-21,20:00,31,7,Regulier,1,3
15652,2014-09-21,20:00,2024,30,Regulier,6,1
15653,2014-09-21,20:00,282,25,Regulier,3,2
15654,2014-09-21,20:30,22,5381,Regulier,2,1
15655,2014-09-28,14:30,7,282,Regulier,1,1
15656,2014-09-28,18:00,5381,35,Regulier,0,2
15657,2014-09-28,18:00,16,30,Regulier,2,2
15658,2014-09-28,20:00,31,3,Regulier,2,2
15659,2014-09-28,20:00,19,216,Regulier,3,0
15660,2014-09-28,20:00,12,2024,Regulier,1,2
15661,2014-09-28,20:00,25,4068,Regulier,2,0
15662,2014-09-28,20:30,322,22,Regulier,1,1
15663,2014-10-03,20:30,2024,7,Regulier,0,0
15664,2014-10-04,18:30,22,19,Regulier,0,2
15665,2014-10-04,20:00,216,25,Regulier,1,1
15666,2014-10-04,20:00,30,5381,Regulier,3,1
15667,2014-10-04,20:00,4068,12,Regulier,1,0
15668,2014-10-05,14:30,3,16,Regulier,3,0
15669,2014-10-05,18:00,35,322,Regulier,0,0
15670,2014-10-05,20:00,282,31,Regulier,3,1
15671,2014-10-18,18:00,25,35,Regulier,1,1
15672,2014-10-18,20:00,31,216,Regulier,0,0
15673,2014-10-18,20:00,19,4068,Regulier,2,1
15674,2014-10-18,20:00,12,30,Regulier,1,2
15675,2014-10-18,20:30,7,22,Regulier,2,2
15676,2014-10-19,14:30,16,5381,Regulier,1,2
15677,2014-10-19,18:00,282,3,Regulier,1,3
15678,2014-10-19,20:00,322,2024,Regulier,3,1
15679,2014-10-24,20:30,30,25,Regulier,0,1
15680,2014-10-25,18:00,4068,322,Regulier,0,1
15681,2014-10-25,20:00,22,31,Regulier,2,0
15682,2014-10-25,20:00,5381,12,Regulier,1,2
15683,2014-10-25,20:00,2024,19,Regulier,2,1
15684,2014-10-26,14:30,3,7,Regulier,2,2
15685,2014-10-26,18:00,35,16,Regulier,0,2
15686,2014-10-26,20:00,216,282,Regulier,2,2
15687,2014-10-28,20:30,322,30,Regulier,3,0
15688,2014-10-28,20:30,25,5381,Regulier,1,1
15689,2014-10-29,20:30,7,4068,Regulier,4,1
15690,2014-10-29,20:30,31,2024,Regulier,4,0
15691,2014-10-29,20:30,19,35,Regulier,2,3
15692,2014-10-29,20:30,12,16,Regulier,0,1
15693,2014-10-29,20:30,282,22,Regulier,5,2
15694,2014-10-30,20:30,216,3,Regulier,1,4
15695,2014-10-31,20:30,5381,322,Regulier,2,0
15696,2014-11-01,14:30,35,282,Regulier,1,1
15697,2014-11-01,18:00,16,25,Regulier,2,0
15698,2014-11-01,20:00,12,19,Regulier,0,4
15699,2014-11-01,20:00,4068,31,Regulier,1,0
15700,2014-11-02,14:30,30,7,Regulier,0,1
15701,2014-11-02,18:00,22,3,Regulier,0,0
15702,2014-11-02,20:00,2024,216,Regulier,1,3
15703,2014-11-07,20:30,31,5381,Regulier,1,3
15704,2014-11-08,18:00,216,22,Regulier,0,2
15705,2014-11-08,20:00,19,30,Regulier,1,0
15706,2014-11-08,20:00,25,12,Regulier,1,1
15707,2014-11-09,14:30,7,35,Regulier,0,2
15708,2014-11-09,18:00,3,2024,Regulier,5,0
15709,2014-11-09,20:00,282,4068,Regulier,3,0
15710,2014-11-09,20:00,322,16,Regulier,0,2
15711,2014-11-22,18:00,22,35,Regulier,3,1
15712,2014-11-22,20:00,7,12,Regulier,4,0
15713,2014-11-22,20:00,216,30,Regulier,2,1
15714,2014-11-22,20:00,282,2024,Regulier,0,0
15715,2014-11-22,20:30,3,4068,Regulier,4,2
15716,2014-11-23,14:30,31,16,Regulier,3,2
15717,2014-11-23,18:00,322,25,Regulier,3,0
15718,2014-11-23,20:00,19,5381,Regulier,3,1
15719,2014-11-28,20:30,5381,7,Regulier,2,1
15720,2014-11-29,18:00,2024,22,Regulier,2,3
15721,2014-11-29,20:00,25,31,Regulier,0,0
15722,2014-11-29,20:00,4068,216,Regulier,2,1
15723,2014-11-29,20:00,12,322,Regulier,0,1
15724,2014-11-30,14:30,35,3,Regulier,2,2
15725,2014-11-30,18:00,16,19,Regulier,0,2
15726,2014-11-30,20:00,30,282,Regulier,1,1
15727,2014-12-05,20:30,2024,4068,Regulier,1,2
15728,2014-12-06,18:00,216,35,Regulier,4,2
15729,2014-12-06,20:00,31,30,Regulier,2,1
15730,2014-12-06,20:00,19,25,Regulier,3,0
15731,2014-12-06,20:00,282,12,Regulier,0,0
15732,2014-12-07,14:30,3,5381,Regulier,2,1
15733,2014-12-07,18:00,22,16,Regulier,0,1
15734,2014-12-07,20:00,7,322,Regulier,0,0
15735,2014-12-12,20:30,25,7,Regulier,0,0
15736,2014-12-13,18:00,322,19,Regulier,3,0
15737,2014-12-13,20:00,4068,22,Regulier,1,3
15738,2014-12-13,20:00,12,216,Regulier,2,1
15739,2014-12-13,20:00,30,2024,Regulier,3,3
15740,2014-12-14,14:30,16,3,Regulier,1,3
15741,2014-12-14,18:00,35,31,Regulier,3,0
15742,2014-12-14,20:00,5381,282,Regulier,1,0
15743,2014-12-20,18:00,4068,35,Regulier,0,2
15744,2014-12-20,20:00,31,12,Regulier,2,0
15745,2014-12-20,20:00,2024,25,Regulier,1,1
15746,2014-12-20,20:00,22,30,Regulier,6,0
15747,2014-12-20,20:30,216,5381,Regulier,0,1
15748,2014-12-21,14:30,7,16,Regulier,1,2
15749,2014-12-21,18:00,3,322,Regulier,4,1
15750,2014-12-21,20:00,282,19,Regulier,1,2
15751,2014-12-26,14:30,25,216,Regulier,1,0
15752,2014-12-26,14:30,5381,22,Regulier,1,3
15753,2014-12-26,14:30,19,7,Regulier,2,3
15754,2014-12-26,18:00,30,3,Regulier,0,6
15755,2014-12-26,20:30,35,2024,Regulier,4,0
15756,2014-12-27,18:00,16,282,Regulier,2,0
15757,2014-12-27,20:00,12,4068,Regulier,1,0
15758,2014-12-28,20:30,322,31,Regulier,1,1
15759,2015-01-16,20:30,3,25,Regulier,1,1
15760,2015-01-17,18:00,216,7,Regulier,1,3
15761,2015-01-17,20:00,22,12,Regulier,0,2
15762,2015-01-17,20:00,31,19,Regulier,1,7
15763,2015-01-17,20:00,4068,5381,Regulier,1,3
15764,2015-01-18,14:30,35,30,Regulier,3,0
15765,2015-01-18,18:00,2024,16,Regulier,1,1
15766,2015-01-18,20:00,282,322,Regulier,1,1
15767,2015-01-23,20:30,322,216,Regulier,2,0
15768,2015-01-24,18:00,19,22,Regulier,0,0
15769,2015-01-24,20:00,5381,2024,Regulier,1,3
15770,2015-01-24,20:00,25,282,Regulier,0,1
15771,2015-01-24,20:00,30,4068,Regulier,1,1
15772,2015-01-25,14:30,16,35,Regulier,2,0
15773,2015-01-25,18:00,12,3,Regulier,0,3
15774,2015-01-25,20:30,7,31,Regulier,3,1
15775,2015-01-30,20:30,3,31,Regulier,2,0
15776,2015-01-31,18:00,22,322,Regulier,1,0
15777,2015-01-31,20:00,216,19,Regulier,0,3
15778,2015-01-31,20:00,4068,25,Regulier,2,2
15779,2015-01-31,20:00,2024,12,Regulier,1,0
15780,2015-02-01,14:30,282,7,Regulier,3,3
15781,2015-02-01,18:00,35,5381,Regulier,0,0
15782,2015-02-01,20:00,30,16,Regulier,2,3
15783,2015-02-06,20:30,16,216,Regulier,3,0
15784,2015-02-07,18:00,25,22,Regulier,0,0
15785,2015-02-07,20:00,31,282,Regulier,0,1
15786,2015-02-07,20:00,7,2024,Regulier,4,0
15787,2015-02-07,20:00,5381,30,Regulier,2,3
15788,2015-02-08,14:30,19,3,Regulier,2,0
15789,2015-02-08,18:00,12,35,Regulier,0,2
15790,2015-02-08,20:00,322,4068,Regulier,1,0
15791,2015-02-13,20:30,2024,322,Regulier,1,2
15792,2015-02-14,18:00,5381,16,Regulier,1,1
15793,2015-02-14,20:00,30,12,Regulier,2,1
15794,2015-02-14,20:00,4068,19,Regulier,1,0
15795,2015-02-14,20:00,216,31,Regulier,0,1
15796,2015-02-15,14:30,35,25,Regulier,1,1
15797,2015-02-15,18:00,3,282,Regulier,1,1
15798,2015-02-15,20:00,22,7,Regulier,0,0
15799,2015-02-20,20:30,16,4068,Regulier,3,2
15800,2015-02-21,18:00,282,216,Regulier,1,0
15801,2015-02-21,20:00,31,22,Regulier,1,3
15802,2015-02-21,20:00,19,2024,Regulier,6,0
15803,2015-02-21,20:00,12,5381,Regulier,2,2
15804,2015-02-22,14:30,7,3,Regulier,2,1
15805,2015-02-22,18:00,322,35,Regulier,0,1
15806,2015-02-22,20:00,25,30,Regulier,2,1
15807,2015-02-27,20:30,16,12,Regulier,1,0
15808,2015-02-28,18:00,22,282,Regulier,1,0
15809,2015-02-28,20:00,2024,31,Regulier,3,0
15810,2015-02-28,20:00,30,322,Regulier,0,2
15811,2015-02-28,20:00,5381,25,Regulier,2,3
15812,2015-03-01,14:30,3,216,Regulier,3,0
15813,2015-03-01,18:00,35,19,Regulier,2,0
15814,2015-03-01,20:00,4068,7,Regulier,0,1
15815,2015-03-07,20:00,7,30,Regulier,2,1
15816,2015-03-07,20:00,216,2024,Regulier,1,0
15817,2015-03-07,20:00,3,22,Regulier,1,0
15818,2015-03-07,20:00,322,5381,Regulier,3,2
15819,2015-03-07,20:00,25,16,Regulier,1,0
15820,2015-03-07,20:00,282,35,Regulier,1,2
15821,2015-03-07,20:00,31,4068,Regulier,4,3
15822,2015-03-07,20:00,19,12,Regulier,1,0
15823,2015-03-15,14:30,30,19,Regulier,0,0
15824,2015-03-15,14:30,22,216,Regulier,2,0
15825,2015-03-15,14:30,12,25,Regulier,2,3
15826,2015-03-15,14:30,5381,31,Regulier,1,4
15827,2015-03-15,14:30,4068,282,Regulier,0,0
15828,2015-03-15,14:30,35,7,Regulier,1,2
15829,2015-03-15,14:30,16,322,Regulier,1,0
15830,2015-03-15,14:30,2024,3,Regulier,1,3
15831,2015-04-03,20:30,322,5381,Playoff_2,1,0
15832,2015-04-04,18:00,31,282,Playoff_2,1,2
15833,2015-04-04,20:00,2024,216,Playoff_2,0,3
15834,2015-04-05,18:00,25,4068,Playoff_2,4,1
15835,2015-04-05,20:00,7,19,Playoff_1,2,0
15836,2015-04-06,14:30,3,16,Playoff_1,2,1
15837,2015-04-06,18:00,35,22,Playoff_1,1,0
15838,2015-04-11,18:00,19,3,Playoff_1,2,0
15839,2015-04-11,20:00,216,31,Playoff_2,2,0
15840,2015-04-11,20:00,282,2024,Playoff_2,1,1
15841,2015-04-11,20:00,4068,322,Playoff_2,0,2
15842,2015-04-11,20:30,22,7,Playoff_1,2,1
15843,2015-04-12,18:00,16,35,Playoff_1,3,1
15844,2015-04-12,20:00,5381,25,Playoff_2,0,1
15845,2015-04-17,20:30,16,7,Playoff_1,1,3
15846,2015-04-18,18:00,25,322,Playoff_2,4,0
15847,2015-04-18,20:00,31,2024,Playoff_2,2,0
15848,2015-04-18,20:00,216,282,Playoff_2,1,5
15849,2015-04-18,20:00,5381,4068,Playoff_2,2,2
15850,2015-04-19,18:00,3,35,Playoff_1,2,1
15851,2015-04-19,20:30,19,22,Playoff_1,1,1
15852,2015-04-24,20:30,322,25,Playoff_2,1,0
15853,2015-04-25,18:00,22,16,Playoff_1,1,0
15854,2015-04-25,20:00,2024,31,Playoff_2,1,2
15855,2015-04-25,20:00,4068,5381,Playoff_2,0,2
15856,2015-04-25,20:00,282,216,Playoff_2,2,1
15857,2015-04-25,20:30,35,19,Playoff_1,5,1
15858,2015-04-26,18:00,7,3,Playoff_1,2,2
15859,2015-04-28,20:30,19,16,Playoff_1,3,1
15860,2015-04-29,20:30,3,22,Playoff_1,3,1
15861,2015-04-30,20:30,7,35,Playoff_1,2,1
15862,2015-05-01,20:30,31,216,Playoff_2,0,1
15863,2015-05-01,20:30,2024,282,Playoff_2,4,3
15864,2015-05-02,18:00,16,3,Playoff_1,1,0
15865,2015-05-02,20:00,25,5381,Playoff_2,3,0
15866,2015-05-02,20:00,322,4068,Playoff_2,7,1
15867,2015-05-03,14:30,19,7,Playoff_1,0,1
15868,2015-05-03,18:00,22,35,Playoff_1,0,1
15869,2015-05-08,20:30,7,22,Playoff_1,1,1
15870,2015-05-09,18:00,5381,322,Playoff_2,2,3
15871,2015-05-09,18:00,4068,25,Playoff_2,1,2
15872,2015-05-09,20:00,282,31,Playoff_2,6,1
15873,2015-05-09,20:00,216,2024,Playoff_2,1,1
15874,2015-05-10,14:30,35,3,Playoff_1,3,1
15875,2015-05-10,18:00,16,19,Playoff_1,4,0
15876,2015-05-17,14:30,3,7,Playoff_1,2,3
15877,2015-05-17,18:00,35,16,Playoff_1,1,1
15878,2015-05-17,20:30,22,19,Playoff_1,5,2
15879,2015-05-21,20:30,7,16,Playoff_1,2,0
15880,2015-05-21,20:30,22,3,Playoff_1,2,3
15881,2015-05-21,20:30,19,35,Playoff_1,2,2
15882,2015-05-24,14:30,16,22,Playoff_1,2,0
15883,2015-05-24,14:30,35,7,Playoff_1,2,1
15884,2015-05-24,14:30,3,19,Playoff_1,1,0
15885,2015-07-26,14:30,2024,7,Regulier,1,1
15886,2015-07-26,18:00,19,16,Regulier,2,1
15887,2015-07-26,18:00,35,4068,Regulier,3,2
15888,2015-07-26,20:00,5381,282,Regulier,3,1
15889,2015-07-26,20:00,31,25,Regulier,3,1
15890,2015-07-26,20:00,322,18,Regulier,3,1
15891,2015-07-26,20:00,22,216,Regulier,2,1
15892,2015-07-26,20:30,373,3,Regulier,2,1
15893,2015-08-02,14:30,282,22,Regulier,2,2
15894,2015-08-02,18:00,3,25,Regulier,3,0
15895,2015-08-02,18:00,16,5381,Regulier,2,1
15896,2015-08-02,20:00,18,35,Regulier,0,2
15897,2015-08-02,20:00,4068,19,Regulier,2,1
15898,2015-08-02,20:00,31,2024,Regulier,2,1
15899,2015-08-02,20:00,216,373,Regulier,0,2
15900,2015-08-02,20:30,7,322,Regulier,1,0
15901,2015-08-09,14:30,35,7,Regulier,1,1
15902,2015-08-09,18:00,22,3,Regulier,0,0
15903,2015-08-09,18:00,19,282,Regulier,0,0
15904,2015-08-09,20:00,16,4068,Regulier,1,0
15905,2015-08-09,20:00,2024,18,Regulier,3,2
15906,2015-08-09,20:00,25,216,Regulier,3,1
15907,2015-08-09,20:00,373,31,Regulier,1,1
15908,2015-08-09,20:30,5381,322,Regulier,0,0
15909,2015-08-16,14:30,31,35,Regulier,3,1
15910,2015-08-16,18:00,7,373,Regulier,1,0
15911,2015-08-16,18:00,216,16,Regulier,1,1
15912,2015-08-16,20:00,18,22,Regulier,2,0
15913,2015-08-16,20:00,4068,5381,Regulier,2,1
15914,2015-08-16,20:00,282,25,Regulier,2,0
15915,2015-08-16,20:00,322,2024,Regulier,2,1
15916,2015-08-16,20:30,3,19,Regulier,2,1
15917,2015-08-23,14:30,35,282,Regulier,1,0
15918,2015-08-23,18:00,5381,3,Regulier,2,0
15919,2015-08-23,18:00,16,31,Regulier,1,2
15920,2015-08-23,20:00,25,18,Regulier,2,1
15921,2015-08-23,20:00,4068,216,Regulier,3,3
15922,2015-08-23,20:00,19,7,Regulier,0,0
15923,2015-08-23,20:30,373,322,Regulier,3,1
15924,2015-08-23,20:30,22,2024,Regulier,0,0
15925,2015-08-30,14:30,3,16,Regulier,7,1
15926,2015-08-30,18:00,18,373,Regulier,1,0
15927,2015-08-30,18:00,2024,35,Regulier,0,3
15928,2015-08-30,20:00,216,19,Regulier,0,1
15929,2015-08-30,20:00,31,5381,Regulier,0,2
15930,2015-08-30,20:00,282,4068,Regulier,1,2
15931,2015-08-30,20:30,322,22,Regulier,2,0
15932,2015-08-30,20:30,7,25,Regulier,2,2
15933,2015-09-13,14:30,16,282,Regulier,0,1
15934,2015-09-13,18:00,5381,7,Regulier,1,1
15935,2015-09-13,18:00,35,322,Regulier,0,0
15936,2015-09-13,20:00,4068,31,Regulier,1,5
15937,2015-09-13,20:00,19,18,Regulier,0,0
15938,2015-09-13,20:00,25,2024,Regulier,2,2
15939,2015-09-13,20:00,373,22,Regulier,1,1
15940,2015-09-13,20:30,216,3,Regulier,2,1
15941,2015-09-20,14:30,7,16,Regulier,4,1
15942,2015-09-20,18:00,31,19,Regulier,1,0
15943,2015-09-20,18:00,22,35,Regulier,1,1
15944,2015-09-20,20:00,3,4068,Regulier,5,1
15945,2015-09-20,20:00,18,5381,Regulier,2,3
15946,2015-09-20,20:00,2024,373,Regulier,0,3
15947,2015-09-20,20:30,322,25,Regulier,3,1
15948,2015-09-20,20:30,282,216,Regulier,1,2
15949,2015-09-27,14:30,282,3,Regulier,0,1
15950,2015-09-27,18:00,4068,7,Regulier,1,3
15951,2015-09-27,18:00,35,373,Regulier,1,0
15952,2015-09-27,20:00,19,322,Regulier,1,0
15953,2015-09-27,20:00,216,31,Regulier,2,2
15954,2015-09-27,20:00,25,22,Regulier,0,1
15955,2015-09-27,20:30,16,18,Regulier,2,2
15956,2015-09-27,20:30,5381,2024,Regulier,4,2
15957,2015-10-02,20:30,31,282,Regulier,2,0
15958,2015-10-03,18:00,22,5381,Regulier,3,0
15959,2015-10-03,20:00,18,216,Regulier,1,1
15960,2015-10-03,20:00,2024,19,Regulier,1,1
15961,2015-10-03,20:30,373,4068,Regulier,1,3
15962,2015-10-04,14:30,7,3,Regulier,4,1
15963,2015-10-04,18:00,322,16,Regulier,3,1
15964,2015-10-04,20:00,35,25,Regulier,1,1
15965,2015-10-16,20:30,216,7,Regulier,1,2
15966,2015-10-17,18:00,16,2024,Regulier,1,2
15967,2015-10-17,20:00,4068,322,Regulier,0,1
15968,2015-10-17,20:00,282,18,Regulier,1,2
15969,2015-10-17,20:30,25,373,Regulier,3,0
15970,2015-10-18,14:30,3,31,Regulier,1,0
15971,2015-10-18,18:00,5381,35,Regulier,0,4
15972,2015-10-18,20:00,19,22,Regulier,2,0
15973,2015-10-23,20:30,322,216,Regulier,0,4
15974,2015-10-24,18:00,25,5381,Regulier,3,4
15975,2015-10-24,20:00,2024,282,Regulier,1,2
15976,2015-10-24,20:00,18,4068,Regulier,0,2
15977,2015-10-24,20:30,7,31,Regulier,2,2
15978,2015-10-25,14:30,35,3,Regulier,3,1
15979,2015-10-25,18:00,22,16,Regulier,2,3
15980,2015-10-25,20:00,373,19,Regulier,2,1
15981,2015-10-27,20:30,216,2024,Regulier,2,2
15982,2015-10-27,20:30,31,322,Regulier,3,2
15983,2015-10-27,20:30,282,7,Regulier,1,2
15984,2015-10-28,20:30,3,18,Regulier,2,0
15985,2015-10-28,20:30,5381,373,Regulier,4,0
15986,2015-10-28,20:30,4068,22,Regulier,0,1
15987,2015-10-28,20:30,16,25,Regulier,2,1
15988,2015-10-29,20:30,19,35,Regulier,1,1
15989,2015-10-30,20:30,322,282,Regulier,0,2
15990,2015-10-31,18:00,18,7,Regulier,0,2
15991,2015-10-31,20:00,22,31,Regulier,1,1
15992,2015-10-31,20:00,25,4068,Regulier,2,0
15993,2015-10-31,20:30,2024,3,Regulier,0,2
15994,2015-11-01,14:30,373,16,Regulier,1,0
15995,2015-11-01,18:00,35,216,Regulier,2,0
15996,2015-11-01,20:00,5381,19,Regulier,2,2
15997,2015-11-06,20:30,216,5381,Regulier,2,2
15998,2015-11-07,18:00,31,18,Regulier,3,0
15999,2015-11-07,20:00,282,373,Regulier,1,1
16000,2015-11-07,20:00,4068,2024,Regulier,2,2
16001,2015-11-07,20:30,19,25,Regulier,1,0
16002,2015-11-08,14:30,16,35,Regulier,1,0
16003,2015-11-08,18:00,3,322,Regulier,1,0
16004,2015-11-08,20:00,7,22,Regulier,1,3
16005,2015-11-20,20:30,7,2024,Regulier,5,0
16006,2015-11-21,18:00,3,5381,Regulier,3,0
16007,2015-11-21,20:00,4068,373,Regulier,2,1
16008,2015-11-21,20:00,18,322,Regulier,1,3
16009,2015-11-22,14:30,16,19,Regulier,1,1
16010,2015-11-22,20:00,25,31,Regulier,2,1
16011,2015-11-22,20:30,282,35,Regulier,1,1
16012,2015-11-22,20:30,216,22,Regulier,0,1
16013,2015-11-27,20:30,5381,16,Regulier,2,3
16014,2015-11-28,18:00,322,7,Regulier,0,1
16015,2015-11-28,20:00,22,282,Regulier,1,2
16016,2015-11-28,20:00,19,4068,Regulier,3,1
16017,2015-11-28,20:30,373,216,Regulier,0,1
16018,2015-11-29,14:30,35,18,Regulier,3,2
16019,2015-11-29,14:30,25,3,Regulier,1,4
16020,2015-11-29,20:00,2024,31,Regulier,0,1
16021,2015-12-04,20:30,7,5381,Regulier,2,2
16022,2015-12-05,18:00,31,373,Regulier,1,2
16023,2015-12-05,20:00,216,25,Regulier,2,3
16024,2015-12-05,20:00,18,2024,Regulier,5,1
16025,2015-12-05,20:30,4068,16,Regulier,0,0
16026,2015-12-06,14:30,3,22,Regulier,2,1
16027,2015-12-06,18:00,322,35,Regulier,0,0
16028,2015-12-06,20:00,282,19,Regulier,3,1
16029,2015-12-11,20:30,2024,322,Regulier,0,0
16030,2015-12-12,18:00,22,18,Regulier,2,1
16031,2015-12-12,20:00,5381,4068,Regulier,2,1
16032,2015-12-12,20:00,25,282,Regulier,1,1
16033,2015-12-12,20:30,19,216,Regulier,1,3
16034,2015-12-13,14:30,16,3,Regulier,2,0
16035,2015-12-13,18:00,373,7,Regulier,0,2
16036,2015-12-13,20:00,35,31,Regulier,1,1
16037,2015-12-18,20:30,282,5381,Regulier,1,1
16038,2015-12-19,18:00,322,373,Regulier,3,0
16039,2015-12-19,20:00,2024,22,Regulier,2,1
16040,2015-12-19,20:00,216,4068,Regulier,0,1
16041,2015-12-19,20:30,18,25,Regulier,3,1
16042,2015-12-20,14:30,3,35,Regulier,1,4
16043,2015-12-20,18:00,31,16,Regulier,4,1
16044,2015-12-20,20:00,7,19,Regulier,3,0
16045,2015-12-26,14:30,19,3,Regulier,1,4
16046,2015-12-26,18:00,22,322,Regulier,1,0
16047,2015-12-26,20:00,4068,282,Regulier,2,3
16048,2015-12-26,20:00,25,7,Regulier,2,0
16049,2015-12-26,20:30,373,18,Regulier,2,2
16050,2015-12-27,14:30,16,216,Regulier,3,0
16051,2015-12-27,18:00,35,2024,Regulier,2,1
16052,2015-12-27,20:00,5381,31,Regulier,1,0
16053,2016-01-15,20:30,322,5381,Regulier,2,1
16054,2016-01-16,18:00,3,216,Regulier,3,0
16055,2016-01-16,20:00,18,19,Regulier,1,0
16056,2016-01-16,20:00,2024,25,Regulier,3,2
16057,2016-01-16,20:30,22,373,Regulier,0,0
16058,2016-01-17,14:30,7,35,Regulier,2,0
16059,2016-01-17,18:00,282,16,Regulier,0,2
16060,2016-01-17,20:00,31,4068,Regulier,3,3
16061,2016-01-22,20:30,19,31,Regulier,2,1
16062,2016-01-23,18:00,25,322,Regulier,1,1
16063,2016-01-23,20:00,373,2024,Regulier,1,2
16064,2016-01-23,20:00,5381,18,Regulier,2,2
16065,2016-01-23,20:30,216,282,Regulier,1,1
16066,2016-01-24,14:30,35,22,Regulier,2,1
16067,2016-01-24,18:00,16,7,Regulier,0,3
16068,2016-01-24,20:00,4068,3,Regulier,1,2
16069,2016-01-29,20:30,373,35,Regulier,1,2
16070,2016-01-30,18:00,18,16,Regulier,0,2
16071,2016-01-30,20:00,22,25,Regulier,3,2
16072,2016-01-30,20:00,2024,5381,Regulier,1,2
16073,2016-01-30,20:30,322,19,Regulier,1,0
16074,2016-01-31,14:30,31,216,Regulier,3,3
16075,2016-01-31,18:00,3,282,Regulier,2,1
16076,2016-01-31,20:00,7,4068,Regulier,2,1
16077,2016-02-05,20:30,25,35,Regulier,2,2
16078,2016-02-06,18:00,216,322,Regulier,0,1
16079,2016-02-06,20:00,19,2024,Regulier,1,1
16080,2016-02-06,20:00,4068,18,Regulier,2,2
16081,2016-02-06,20:30,5381,22,Regulier,2,3
16082,2016-02-07,14:30,3,7,Regulier,1,0
16083,2016-02-07,18:00,16,373,Regulier,1,2
16084,2016-02-07,20:00,282,31,Regulier,0,1
16085,2016-02-12,20:30,7,216,Regulier,2,0
16086,2016-02-13,18:00,22,19,Regulier,1,1
16087,2016-02-13,20:00,35,5381,Regulier,3,0
16088,2016-02-13,20:00,18,282,Regulier,3,3
16089,2016-02-13,20:30,322,4068,Regulier,6,1
16090,2016-02-14,14:30,31,3,Regulier,0,2
16091,2016-02-14,18:00,2024,16,Regulier,2,0
16092,2016-02-14,20:00,373,25,Regulier,0,3
16093,2016-02-19,20:30,3,2024,Regulier,6,0
16094,2016-02-20,18:00,16,22,Regulier,3,0
16095,2016-02-20,20:00,216,18,Regulier,3,1
16096,2016-02-20,20:00,19,373,Regulier,3,0
16097,2016-02-20,20:30,282,322,Regulier,0,0
16098,2016-02-21,14:30,31,7,Regulier,5,2
16099,2016-02-21,18:00,4068,35,Regulier,1,0
16100,2016-02-21,20:00,5381,25,Regulier,2,3
16101,2016-02-26,20:30,7,282,Regulier,3,1
16102,2016-02-27,18:00,18,31,Regulier,4,1
16103,2016-02-27,20:00,2024,216,Regulier,2,2
16104,2016-02-27,20:00,25,19,Regulier,0,2
16105,2016-02-27,20:30,373,5381,Regulier,1,2
16106,2016-02-28,14:30,322,3,Regulier,3,2
16107,2016-02-28,18:00,35,16,Regulier,3,3
16108,2016-02-28,20:00,22,4068,Regulier,2,3
16109,2016-03-04,20:30,7,18,Regulier,1,1
16110,2016-03-05,20:00,216,35,Regulier,2,1
16111,2016-03-05,20:00,16,322,Regulier,2,1
16112,2016-03-05,20:00,282,2024,Regulier,2,1
16113,2016-03-05,20:00,31,22,Regulier,2,1
16114,2016-03-05,20:00,4068,25,Regulier,0,0
16115,2016-03-05,20:00,19,5381,Regulier,1,0
16116,2016-03-05,20:00,3,373,Regulier,3,0
16117,2016-03-13,18:00,2024,4068,Regulier,1,0
16118,2016-03-13,18:00,25,16,Regulier,4,0
16119,2016-03-13,18:00,22,7,Regulier,1,1
16120,2016-03-13,18:00,35,19,Regulier,3,0
16121,2016-03-13,18:00,322,31,Regulier,4,1
16122,2016-03-13,18:00,5381,216,Regulier,3,0
16123,2016-03-13,18:00,18,3,Regulier,0,1
16124,2016-03-13,18:00,373,282,Regulier,1,1
16125,2016-04-01,20:30,7,5381,Playoff_1,1,1
16126,2016-04-02,18:00,31,3,Playoff_1,0,1
16127,2016-04-02,20:00,373,25,Playoff_2,0,1
16128,2016-04-02,20:00,19,216,Playoff_2,0,0
16129,2016-04-02,20:30,282,22,Playoff_2,1,0
16130,2016-04-03,18:00,35,322,Playoff_1,1,0
16131,2016-04-03,20:00,4068,16,Playoff_2,0,1
16132,2016-04-08,20:30,322,31,Playoff_1,4,0
16133,2016-04-09,18:00,3,7,Playoff_1,2,0
16134,2016-04-09,20:00,25,282,Playoff_2,2,1
16135,2016-04-09,20:00,216,4068,Playoff_2,0,0
16136,2016-04-09,20:30,22,373,Playoff_2,1,1
16137,2016-04-10,18:00,5381,35,Playoff_1,1,2
16138,2016-04-10,20:00,16,19,Playoff_2,1,1
16139,2016-04-15,20:30,7,31,Playoff_1,2,0
16140,2016-04-16,18:00,5381,322,Playoff_1,1,2
16141,2016-04-16,20:00,282,373,Playoff_2,1,0
16142,2016-04-16,20:00,4068,19,Playoff_2,2,3
16143,2016-04-16,20:30,25,22,Playoff_2,2,3
16144,2016-04-17,18:00,35,3,Playoff_1,1,0
16145,2016-04-17,20:00,216,16,Playoff_2,2,0
16146,2016-04-19,20:30,31,5381,Playoff_1,3,3
16147,2016-04-20,20:30,322,3,Playoff_1,4,2
16148,2016-04-21,20:30,7,35,Playoff_1,1,1
16149,2016-04-22,20:30,16,216,Playoff_2,4,1
16150,2016-04-23,18:00,3,5381,Playoff_1,5,0
16151,2016-04-23,20:00,373,282,Playoff_2,2,2
16152,2016-04-23,20:00,19,4068,Playoff_2,5,0
16153,2016-04-23,20:30,22,25,Playoff_2,4,0
16154,2016-04-24,18:00,31,35,Playoff_1,4,2
16155,2016-04-24,20:30,322,7,Playoff_1,1,2
16156,2016-04-29,20:30,5381,31,Playoff_1,1,2
16157,2016-04-30,18:00,25,373,Playoff_2,1,1
16158,2016-04-30,18:00,22,282,Playoff_2,2,2
16159,2016-04-30,20:30,19,16,Playoff_2,1,0
16160,2016-04-30,20:30,4068,216,Playoff_2,1,0
16161,2016-05-01,14:30,35,7,Playoff_1,2,0
16162,2016-05-01,18:00,3,322,Playoff_1,3,1
16163,2016-05-06,20:30,322,5381,Playoff_1,2,0
16164,2016-05-07,18:00,216,19,Playoff_2,2,3
16165,2016-05-07,18:00,16,4068,Playoff_2,2,0
16166,2016-05-07,20:30,373,22,Playoff_2,0,3
16167,2016-05-07,20:30,282,25,Playoff_2,5,1
16168,2016-05-08,14:30,35,31,Playoff_1,2,1
16169,2016-05-08,18:00,7,3,Playoff_1,1,4
16170,2016-05-14,20:00,31,322,Playoff_1,2,1
16171,2016-05-15,14:30,3,35,Playoff_1,4,0
16172,2016-05-15,18:00,5381,7,Playoff_1,4,2
16173,2016-05-19,20:30,31,7,Playoff_1,0,1
16174,2016-05-19,20:30,5381,3,Playoff_1,0,2
16175,2016-05-19,20:30,322,35,Playoff_1,5,2
16176,2016-05-22,14:30,3,31,Playoff_1,2,2
16177,2016-05-22,14:30,7,322,Playoff_1,0,0
16178,2016-05-22,14:30,35,5381,Playoff_1,2,0
16179,2016-07-31,14:30,2024,16,Regulier,2,2
16180,2016-07-31,18:00,322,31,Regulier,2,1
16181,2016-07-31,18:00,216,35,Regulier,1,2
16182,2016-07-31,20:00,19,7,Regulier,1,1
16183,2016-07-31,20:00,373,282,Regulier,1,0
16184,2016-07-31,20:00,5381,4276,Regulier,3,0
16185,2016-07-31,20:30,22,4068,Regulier,1,0
16186,2016-07-31,20:30,25,3,Regulier,0,2
16187,2016-08-07,14:30,282,2024,Regulier,3,0
16188,2016-08-07,18:00,35,19,Regulier,5,1
16189,2016-08-07,18:00,216,22,Regulier,0,1
16190,2016-08-07,20:00,4068,5381,Regulier,0,2
16191,2016-08-07,20:00,4276,25,Regulier,0,2
16192,2016-08-07,20:00,7,322,Regulier,1,0
16193,2016-08-07,20:30,31,3,Regulier,1,0
16194,2016-08-07,20:30,16,373,Regulier,2,0
16195,2016-08-14,14:30,5381,16,Regulier,1,0
16196,2016-08-14,18:00,22,7,Regulier,1,1
16197,2016-08-14,18:00,3,282,Regulier,1,0
16198,2016-08-14,20:00,25,19,Regulier,0,0
16199,2016-08-14,20:00,2024,4276,Regulier,1,2
16200,2016-08-14,20:00,31,216,Regulier,2,1
16201,2016-08-14,20:30,322,4068,Regulier,2,2
16202,2016-08-14,20:30,373,35,Regulier,0,0
16203,2016-08-21,14:30,4276,35,Regulier,2,2
16204,2016-08-21,18:00,282,322,Regulier,0,3
16205,2016-08-21,18:00,19,3,Regulier,2,1
16206,2016-08-21,20:00,4068,25,Regulier,2,2
16207,2016-08-21,20:00,216,373,Regulier,2,1
16208,2016-08-21,20:00,7,2024,Regulier,4,2
16209,2016-08-21,20:30,16,22,Regulier,0,0
16210,2016-08-21,20:30,5381,31,Regulier,1,1
16211,2016-08-28,14:30,3,16,Regulier,2,2
16212,2016-08-28,18:00,282,216,Regulier,2,1
16213,2016-08-28,18:00,35,7,Regulier,2,2
16214,2016-08-28,20:00,2024,25,Regulier,1,2
16215,2016-08-28,20:00,322,5381,Regulier,1,0
16216,2016-08-28,20:00,373,19,Regulier,1,2
16217,2016-08-28,20:30,31,4068,Regulier,2,1
16218,2016-08-28,20:30,22,4276,Regulier,3,2
16219,2016-09-11,14:30,7,282,Regulier,3,0
16220,2016-09-11,18:00,4276,31,Regulier,2,1
16221,2016-09-11,18:00,35,22,Regulier,3,2
16222,2016-09-11,20:00,16,322,Regulier,2,0
16223,2016-09-11,20:00,19,2024,Regulier,4,1
16224,2016-09-11,20:00,25,373,Regulier,2,0
16225,2016-09-11,20:30,4068,3,Regulier,1,0
16226,2016-09-11,20:30,216,5381,Regulier,1,5
16227,2016-09-18,14:30,322,35,Regulier,0,2
16228,2016-09-18,18:00,3,4276,Regulier,3,2
16229,2016-09-18,18:00,282,16,Regulier,0,1
16230,2016-09-18,20:00,373,4068,Regulier,4,1
16231,2016-09-18,20:00,2024,216,Regulier,1,3
16232,2016-09-18,20:00,31,7,Regulier,1,0
16233,2016-09-18,20:30,22,25,Regulier,0,0
16234,2016-09-18,20:30,5381,19,Regulier,2,1
16235,2016-09-25,14:30,16,4276,Regulier,3,0
16236,2016-09-25,18:00,4068,282,Regulier,1,1
16237,2016-09-25,18:00,19,322,Regulier,4,1
16238,2016-09-25,20:00,35,2024,Regulier,1,2
16239,2016-09-25,20:00,25,5381,Regulier,2,3
16240,2016-09-25,20:00,7,373,Regulier,2,1
16241,2016-09-25,20:30,22,31,Regulier,2,1
16242,2016-09-25,20:30,216,3,Regulier,0,3
16243,2016-10-02,14:30,3,7,Regulier,1,0
16244,2016-10-02,18:00,5381,22,Regulier,1,1
16245,2016-10-02,18:00,16,35,Regulier,0,1
16246,2016-10-02,20:00,4276,216,Regulier,1,4
16247,2016-10-02,20:00,322,25,Regulier,2,1
16248,2016-10-02,20:00,2024,4068,Regulier,1,0
16249,2016-10-02,20:30,282,19,Regulier,2,1
16250,2016-10-02,20:30,31,373,Regulier,2,2
16251,2016-10-14,20:30,22,3,Regulier,1,0
16252,2016-10-15,18:00,19,16,Regulier,3,3
16253,2016-10-15,20:00,373,2024,Regulier,2,2
16254,2016-10-15,20:00,4068,4276,Regulier,4,2
16255,2016-10-15,20:30,216,322,Regulier,2,2
16256,2016-10-16,14:30,7,5381,Regulier,3,0
16257,2016-10-16,18:00,35,282,Regulier,1,0
16258,2016-10-16,20:00,25,31,Regulier,2,3
16259,2016-10-21,20:30,31,19,Regulier,2,2
16260,2016-10-22,18:00,5381,282,Regulier,2,0
16261,2016-10-22,20:00,25,216,Regulier,2,0
16262,2016-10-22,20:30,2024,22,Regulier,0,0
16263,2016-10-23,14:30,3,35,Regulier,2,1
16264,2016-10-23,18:00,322,373,Regulier,1,0
16265,2016-10-23,20:00,16,4068,Regulier,5,0
16266,2016-10-23,20:00,4276,7,Regulier,3,2
16267,2016-10-25,20:30,282,31,Regulier,1,2
16268,2016-10-26,20:30,373,5381,Regulier,0,2
16269,2016-10-26,20:30,35,25,Regulier,2,0
16270,2016-10-26,20:30,3,2024,Regulier,4,0
16271,2016-10-26,20:30,19,4276,Regulier,1,1
16272,2016-10-26,20:30,22,322,Regulier,2,1
16273,2016-10-27,20:30,4068,216,Regulier,0,0
16274,2016-10-27,20:30,7,16,Regulier,1,0
16275,2016-10-29,18:00,5381,3,Regulier,0,0
16276,2016-10-29,20:00,4276,282,Regulier,2,2
16277,2016-10-29,20:00,322,2024,Regulier,2,1
16278,2016-10-29,20:30,373,22,Regulier,2,2
16279,2016-10-30,14:30,31,16,Regulier,3,1
16280,2016-10-30,18:00,25,7,Regulier,2,0
16281,2016-10-30,20:00,216,19,Regulier,0,1
16282,2016-10-30,20:00,4068,35,Regulier,2,1
16283,2016-11-04,20:30,19,22,Regulier,2,1
16284,2016-11-05,18:00,2024,5381,Regulier,1,2
16285,2016-11-05,20:00,4276,373,Regulier,4,2
16286,2016-11-05,20:30,282,25,Regulier,0,0
16287,2016-11-06,14:30,3,322,Regulier,1,1
16288,2016-11-06,18:00,35,31,Regulier,1,1
16289,2016-11-06,20:00,7,4068,Regulier,2,0
16290,2016-11-06,20:00,16,216,Regulier,2,1
16291,2016-11-18,20:30,373,3,Regulier,0,1
16292,2016-11-19,18:00,322,4276,Regulier,2,0
16293,2016-11-19,20:00,31,2024,Regulier,5,0
16294,2016-11-19,20:00,4068,19,Regulier,1,1
16295,2016-11-19,20:30,216,7,Regulier,0,2
16296,2016-11-20,14:30,5381,35,Regulier,3,2
16297,2016-11-20,18:00,25,16,Regulier,2,1
16298,2016-11-20,20:00,22,282,Regulier,2,1
16299,2016-11-25,20:30,3,25,Regulier,6,1
16300,2016-11-26,18:00,4068,22,Regulier,0,1
16301,2016-11-26,20:00,282,373,Regulier,1,0
16302,2016-11-26,20:30,4276,2024,Regulier,3,3
16303,2016-11-27,14:30,31,322,Regulier,6,0
16304,2016-11-27,14:30,7,19,Regulier,3,0
16305,2016-11-27,18:00,16,5381,Regulier,4,1
16306,2016-11-27,20:00,35,216,Regulier,7,0
16307,2016-12-02,20:30,25,4276,Regulier,1,0
16308,2016-12-03,18:00,3,31,Regulier,2,0
16309,2016-12-03,20:00,373,216,Regulier,1,0
16310,2016-12-03,20:00,5381,4068,Regulier,1,1
16311,2016-12-03,20:30,2024,7,Regulier,0,0
16312,2016-12-04,14:30,19,35,Regulier,1,3
16313,2016-12-04,18:00,22,16,Regulier,1,3
16314,2016-12-04,20:00,322,282,Regulier,1,2
16315,2016-12-09,20:30,282,5381,Regulier,1,1
16316,2016-12-10,18:00,4276,22,Regulier,2,2
16317,2016-12-10,20:00,19,373,Regulier,0,1
16318,2016-12-10,20:30,216,25,Regulier,1,4
16319,2016-12-11,14:30,35,3,Regulier,0,0
16320,2016-12-11,18:00,7,31,Regulier,1,1
16321,2016-12-11,20:00,16,2024,Regulier,3,1
16322,2016-12-11,20:30,4068,322,Regulier,0,0
16323,2016-12-17,18:00,31,5381,Regulier,1,1
16324,2016-12-17,20:00,22,216,Regulier,2,0
16325,2016-12-17,20:00,2024,282,Regulier,1,3
16326,2016-12-17,20:00,25,4068,Regulier,2,0
16327,2016-12-17,20:30,373,7,Regulier,3,1
16328,2016-12-18,14:30,322,16,Regulier,2,2
16329,2016-12-18,18:00,3,19,Regulier,5,1
16330,2016-12-18,20:00,35,4276,Regulier,4,0
16331,2016-12-20,20:30,216,2024,Regulier,0,0
16332,2016-12-20,20:30,25,22,Regulier,1,0
16333,2016-12-20,20:30,4068,373,Regulier,3,1
16334,2016-12-21,20:30,5381,322,Regulier,1,0
16335,2016-12-21,20:30,16,282,Regulier,1,1
16336,2016-12-21,20:30,4276,3,Regulier,1,4
16337,2016-12-21,20:30,19,31,Regulier,0,2
16338,2016-12-22,20:30,7,35,Regulier,2,3
16339,2016-12-26,14:30,5381,25,Regulier,0,0
16340,2016-12-26,14:30,2024,19,Regulier,4,1
16341,2016-12-26,14:30,282,4068,Regulier,0,0
16342,2016-12-26,14:30,31,4276,Regulier,1,3
16343,2016-12-26,18:00,22,35,Regulier,0,2
16344,2016-12-26,20:30,3,216,Regulier,2,1
16345,2016-12-27,18:00,322,7,Regulier,2,0
16346,2016-12-27,20:30,373,16,Regulier,2,2
16347,2017-01-20,20:30,7,22,Regulier,1,0
16348,2017-01-21,18:00,19,5381,Regulier,2,3
16349,2017-01-21,20:00,216,282,Regulier,2,1
16350,2017-01-21,20:00,4068,31,Regulier,0,1
16351,2017-01-21,20:30,4276,322,Regulier,0,1
16352,2017-01-22,14:30,16,3,Regulier,0,3
16353,2017-01-22,18:00,35,373,Regulier,3,1
16354,2017-01-22,20:00,25,2024,Regulier,1,2
16355,2017-01-24,20:30,322,19,Regulier,3,0
16356,2017-01-24,20:30,5381,216,Regulier,1,0
16357,2017-01-24,20:30,31,22,Regulier,1,2
16358,2017-01-25,20:30,3,4068,Regulier,2,1
16359,2017-01-25,20:30,282,7,Regulier,0,0
16360,2017-01-25,20:30,373,25,Regulier,2,1
16361,2017-01-25,20:30,2024,35,Regulier,2,4
16362,2017-01-25,20:30,4276,16,Regulier,2,2
16363,2017-01-27,20:30,22,5381,Regulier,2,1
16364,2017-01-28,18:00,19,282,Regulier,2,1
16365,2017-01-28,20:00,4068,2024,Regulier,0,0
16366,2017-01-28,20:00,373,31,Regulier,3,0
16367,2017-01-28,20:30,25,322,Regulier,1,0
16368,2017-01-29,14:30,7,3,Regulier,2,0
16369,2017-01-29,18:00,35,16,Regulier,0,0
16370,2017-01-29,20:00,216,4276,Regulier,3,0
16371,2017-02-03,20:30,282,35,Regulier,0,0
16372,2017-02-04,18:00,16,19,Regulier,0,3
16373,2017-02-04,20:00,322,216,Regulier,1,0
16374,2017-02-04,20:00,4276,4068,Regulier,0,2
16375,2017-02-04,20:30,31,25,Regulier,2,0
16376,2017-02-05,14:30,3,22,Regulier,1,0
16377,2017-02-05,18:00,5381,7,Regulier,1,1
16378,2017-02-05,20:00,2024,373,Regulier,1,0
16379,2017-02-10,20:30,373,322,Regulier,0,3
16380,2017-02-11,18:00,216,31,Regulier,1,2
16381,2017-02-11,20:00,19,25,Regulier,0,2
16382,2017-02-11,20:00,22,2024,Regulier,2,1
16383,2017-02-11,20:30,7,4276,Regulier,0,1
16384,2017-02-12,14:30,35,5381,Regulier,4,2
16385,2017-02-12,18:00,282,3,Regulier,1,0
16386,2017-02-12,20:00,4068,16,Regulier,0,1
16387,2017-02-17,20:30,2024,3,Regulier,1,2
16388,2017-02-18,18:00,25,282,Regulier,3,0
16389,2017-02-18,20:00,4276,19,Regulier,1,0
16390,2017-02-18,20:00,216,4068,Regulier,1,2
16391,2017-02-18,20:30,5381,373,Regulier,4,1
16392,2017-02-19,14:30,16,7,Regulier,1,1
16393,2017-02-19,18:00,31,35,Regulier,1,4
16394,2017-02-19,20:00,322,22,Regulier,1,1
16395,2017-02-24,20:30,3,5381,Regulier,5,0
16396,2017-02-25,18:00,22,373,Regulier,1,0
16397,2017-02-25,20:00,19,4068,Regulier,1,2
16398,2017-02-25,20:00,282,4276,Regulier,1,2
16399,2017-02-25,20:30,2024,31,Regulier,0,4
16400,2017-02-26,14:30,16,25,Regulier,2,2
16401,2017-02-26,18:00,35,322,Regulier,2,0
16402,2017-02-26,20:00,7,216,Regulier,3,1
16403,2017-03-04,20:00,5381,2024,Regulier,2,2
16404,2017-03-04,20:00,216,16,Regulier,1,0
16405,2017-03-04,20:00,25,35,Regulier,3,2
16406,2017-03-04,20:00,31,282,Regulier,0,0
16407,2017-03-04,20:00,4068,7,Regulier,2,3
16408,2017-03-04,20:00,322,3,Regulier,2,1
16409,2017-03-04,20:00,22,19,Regulier,1,1
16410,2017-03-04,20:00,373,4276,Regulier,2,1
16411,2017-03-12,14:30,16,31,Regulier,2,2
16412,2017-03-12,14:30,35,4068,Regulier,3,0
16413,2017-03-12,14:30,4276,5381,Regulier,1,3
16414,2017-03-12,14:30,7,25,Regulier,3,0
16415,2017-03-12,14:30,3,373,Regulier,2,2
16416,2017-03-12,14:30,282,22,Regulier,0,0
16417,2017-03-12,14:30,19,216,Regulier,0,2
16418,2017-03-12,14:30,2024,322,Regulier,0,4
16419,2017-03-31,20:30,5381,35,Playoff_1,1,2
16420,2017-04-01,18:00,22,31,Playoff_1,1,1
16421,2017-04-01,20:00,373,4068,Playoff_2,3,0
16422,2017-04-01,20:00,4276,134,Playoff_2,2,2
16423,2017-04-01,20:00,19,216,Playoff_2,2,1
16424,2017-04-01,20:00,10,25,Playoff_2,3,0
16425,2017-04-01,20:30,322,282,Playoff_2,4,0
16426,2017-04-02,18:00,7,3,Playoff_1,2,1
16427,2017-04-02,20:00,30,16,Playoff_2,1,0
16428,2017-04-07,20:30,31,5381,Playoff_1,1,1
16429,2017-04-08,18:00,3,22,Playoff_1,1,1
16430,2017-04-08,20:00,282,19,Playoff_2,0,0
16431,2017-04-08,20:00,134,322,Playoff_2,0,1
16432,2017-04-08,20:00,4068,10,Playoff_2,1,4
16433,2017-04-08,20:00,216,4276,Playoff_2,0,2
16434,2017-04-08,20:30,16,373,Playoff_2,2,2
16435,2017-04-09,18:00,35,7,Playoff_1,0,0
16436,2017-04-09,20:00,25,30,Playoff_2,1,0
16437,2017-04-14,20:30,10,16,Playoff_2,2,2
16438,2017-04-15,18:00,4068,25,Playoff_2,1,2
16439,2017-04-15,20:00,134,216,Playoff_2,3,5
16440,2017-04-15,20:00,4276,282,Playoff_2,3,3
16441,2017-04-15,20:30,373,30,Playoff_2,2,1
16442,2017-04-16,18:00,31,35,Playoff_1,0,1
16443,2017-04-16,20:00,19,322,Playoff_2,0,3
16444,2017-04-17,14:30,5381,3,Playoff_1,2,2
16445,2017-04-17,18:00,22,7,Playoff_1,0,1
16446,2017-04-21,20:30,7,31,Playoff_1,1,1
16447,2017-04-22,18:00,22,5381,Playoff_1,2,0
16448,2017-04-22,20:00,373,10,Playoff_2,0,1
16449,2017-04-22,20:00,19,4276,Playoff_2,3,3
16450,2017-04-22,20:00,30,4068,Playoff_2,2,3
16451,2017-04-22,20:00,282,134,Playoff_2,2,1
16452,2017-04-22,20:30,25,16,Playoff_2,1,0
16453,2017-04-23,18:00,35,3,Playoff_1,2,0
16454,2017-04-23,20:00,322,216,Playoff_2,6,0
16455,2017-04-25,20:30,134,19,Playoff_2,2,3
16456,2017-04-25,20:30,16,4068,Playoff_2,0,2
16457,2017-04-25,20:30,10,30,Playoff_2,1,3
16458,2017-04-25,20:30,5381,7,Playoff_1,0,2
16459,2017-04-26,20:30,216,282,Playoff_2,2,2
16460,2017-04-26,20:30,3,31,Playoff_1,3,1
16461,2017-04-26,20:30,4276,322,Playoff_2,1,1
16462,2017-04-26,20:30,25,373,Playoff_2,1,0
16463,2017-04-27,20:30,35,22,Playoff_1,0,1
16464,2017-04-28,20:30,16,10,Playoff_2,3,1
16465,2017-04-29,18:00,322,19,Playoff_2,3,0
16466,2017-04-29,20:00,4068,373,Playoff_2,0,1
16467,2017-04-29,20:00,282,4276,Playoff_2,4,1
16468,2017-04-29,20:30,30,25,Playoff_2,0,0
16469,2017-04-30,14:30,7,35,Playoff_1,0,0
16470,2017-04-30,18:00,31,22,Playoff_1,1,0
16471,2017-04-30,20:00,216,134,Playoff_2,1,0
16472,2017-05-01,18:00,3,5381,Playoff_1,2,1
16473,2017-05-05,20:30,22,3,Playoff_1,1,3
16474,2017-05-06,18:00,25,4068,Playoff_2,1,3
16475,2017-05-06,20:00,282,216,Playoff_2,2,2
16476,2017-05-06,20:00,30,10,Playoff_2,2,1
16477,2017-05-06,20:00,19,134,Playoff_2,0,3
16478,2017-05-06,20:30,373,16,Playoff_2,1,0
16479,2017-05-07,14:30,31,7,Playoff_1,4,3
16480,2017-05-07,18:00,35,5381,Playoff_1,2,0
16481,2017-05-07,20:00,322,4276,Playoff_2,2,1
16482,2017-05-12,20:30,16,25,Playoff_2,2,0
16483,2017-05-13,18:00,5381,31,Playoff_1,3,1
16484,2017-05-13,20:00,10,373,Playoff_2,1,4
16485,2017-05-13,20:00,134,282,Playoff_2,2,3
16486,2017-05-13,20:00,4276,19,Playoff_2,3,2
16487,2017-05-13,20:30,4068,30,Playoff_2,3,2
16488,2017-05-14,14:30,7,22,Playoff_1,1,1
16489,2017-05-14,18:00,3,35,Playoff_1,1,1
16490,2017-05-14,20:00,216,322,Playoff_2,0,2
16491,2017-05-16,20:30,30,373,Playoff_2,1,3
16492,2017-05-16,20:30,4068,16,Playoff_2,1,3
16493,2017-05-16,20:30,25,10,Playoff_2,1,0
16494,2017-05-17,20:30,322,134,Playoff_2,3,1
16495,2017-05-17,20:30,4276,216,Playoff_2,2,0
16496,2017-05-17,20:30,19,282,Playoff_2,4,4
16497,2017-05-18,20:30,7,5381,Playoff_1,5,2
16498,2017-05-18,20:30,22,35,Playoff_1,1,3
16499,2017-05-18,20:30,31,3,Playoff_1,2,1
16500,2017-05-19,20:30,10,4068,Playoff_2,1,3
16501,2017-05-19,20:30,16,30,Playoff_2,2,0
16502,2017-05-19,20:30,373,25,Playoff_2,7,0
16503,2017-05-20,20:00,282,322,Playoff_2,1,1
16504,2017-05-20,20:00,216,19,Playoff_2,0,1
16505,2017-05-20,20:00,134,4276,Playoff_2,3,2
16506,2017-05-21,14:30,3,7,Playoff_1,2,1
16507,2017-05-21,14:30,5381,22,Playoff_1,2,2
16508,2017-05-21,14:30,35,31,Playoff_1,3,2
16509,2017-07-30,14:30,25,16,Regulier,1,1
16510,2017-07-30,18:00,373,7,Regulier,3,2
16511,2017-07-30,18:00,282,3,Regulier,0,4
16512,2017-07-30,20:00,4276,5381,Regulier,0,5
16513,2017-07-30,20:00,322,4068,Regulier,3,3
16514,2017-07-30,20:00,31,216,Regulier,0,1
16515,2017-07-30,20:30,1,35,Regulier,0,0
16516,2017-07-30,20:30,22,19,Regulier,1,0
16517,2017-08-06,14:30,7,1,Regulier,0,1
16518,2017-08-06,18:00,216,22,Regulier,2,5
16519,2017-08-06,18:00,35,31,Regulier,1,0
16520,2017-08-06,20:00,3,4276,Regulier,3,1
16521,2017-08-06,20:00,4068,25,Regulier,2,2
16522,2017-08-06,20:00,19,282,Regulier,1,0
16523,2017-08-06,20:30,16,322,Regulier,2,1
16524,2017-08-06,20:30,5381,373,Regulier,2,0
16525,2017-08-13,14:30,1,322,Regulier,3,5
16526,2017-08-13,18:00,22,35,Regulier,2,0
16527,2017-08-13,18:00,25,7,Regulier,1,1
16528,2017-08-13,20:00,282,216,Regulier,0,2
16529,2017-08-13,20:00,4276,19,Regulier,1,2
16530,2017-08-13,20:00,373,16,Regulier,1,0
16531,2017-08-13,20:30,5381,3,Regulier,1,2
16532,2017-08-13,20:30,31,4068,Regulier,0,3
16533,2017-08-20,14:30,35,373,Regulier,2,3
16534,2017-08-20,18:00,322,22,Regulier,0,1
16535,2017-08-20,18:00,19,3,Regulier,1,2
16536,2017-08-20,20:00,4068,282,Regulier,2,3
16537,2017-08-20,20:00,4276,31,Regulier,2,1
16538,2017-08-20,20:00,216,7,Regulier,3,2
16539,2017-08-20,20:30,25,1,Regulier,1,2
16540,2017-08-20,20:30,16,5381,Regulier,0,4
16541,2017-08-27,14:30,3,16,Regulier,4,0
16542,2017-08-27,18:00,22,5381,Regulier,3,2
16543,2017-08-27,18:00,7,35,Regulier,0,0
16544,2017-08-27,20:00,282,4276,Regulier,3,0
16545,2017-08-27,20:00,373,4068,Regulier,1,0
16546,2017-08-27,20:00,31,1,Regulier,3,4
16547,2017-08-27,20:30,19,216,Regulier,1,1
16548,2017-08-27,20:30,322,25,Regulier,1,0
16549,2017-09-10,14:30,7,322,Regulier,1,1
16550,2017-09-10,18:00,16,22,Regulier,0,0
16551,2017-09-10,18:00,216,3,Regulier,2,1
16552,2017-09-10,20:00,1,373,Regulier,1,1
16553,2017-09-10,20:00,4068,4276,Regulier,5,1
16554,2017-09-10,20:00,25,31,Regulier,1,1
16555,2017-09-10,20:30,35,282,Regulier,3,2
16556,2017-09-10,20:30,5381,19,Regulier,2,2
16557,2017-09-17,14:30,5381,216,Regulier,2,1
16558,2017-09-17,18:00,19,35,Regulier,2,2
16559,2017-09-17,18:00,31,7,Regulier,0,2
16560,2017-09-17,20:00,282,1,Regulier,1,1
16561,2017-09-17,20:00,22,4068,Regulier,2,2
16562,2017-09-17,20:00,4276,16,Regulier,1,1
16563,2017-09-17,20:30,3,25,Regulier,2,0
16564,2017-09-17,20:30,373,322,Regulier,2,1
16565,2017-09-24,14:30,7,5381,Regulier,0,1
16566,2017-09-24,18:00,22,3,Regulier,1,2
16567,2017-09-24,18:00,322,31,Regulier,1,1
16568,2017-09-24,20:00,216,4276,Regulier,3,2
16569,2017-09-24,20:00,25,373,Regulier,2,0
16570,2017-09-24,20:00,16,282,Regulier,2,1
16571,2017-09-24,20:30,1,19,Regulier,3,0
16572,2017-09-24,20:30,4068,35,Regulier,1,2
16573,2017-10-01,14:30,3,7,Regulier,2,1
16574,2017-10-01,18:00,4276,322,Regulier,3,3
16575,2017-10-01,18:00,35,16,Regulier,1,0
16576,2017-10-01,20:00,4068,1,Regulier,3,0
16577,2017-10-01,20:00,216,25,Regulier,2,2
16578,2017-10-01,20:00,5381,282,Regulier,1,3
16579,2017-10-01,20:30,373,22,Regulier,0,1
16580,2017-10-01,20:30,19,31,Regulier,1,2
16581,2017-10-13,20:30,25,35,Regulier,3,4
16582,2017-10-14,18:00,22,4276,Regulier,2,2
16583,2017-10-14,20:00,282,373,Regulier,1,1
16584,2017-10-14,20:00,322,216,Regulier,1,1
16585,2017-10-14,20:30,7,4068,Regulier,2,0
16586,2017-10-15,14:30,16,19,Regulier,3,1
16587,2017-10-15,18:00,31,3,Regulier,2,3
16588,2017-10-15,20:00,1,5381,Regulier,3,0
16589,2017-10-20,20:30,216,16,Regulier,1,3
16590,2017-10-21,18:00,282,22,Regulier,1,1
16591,2017-10-21,20:00,4276,25,Regulier,4,1
16592,2017-10-21,20:00,373,31,Regulier,1,0
16593,2017-10-21,20:30,19,7,Regulier,1,1
16594,2017-10-22,14:30,3,1,Regulier,1,0
16595,2017-10-22,18:00,35,322,Regulier,0,1
16596,2017-10-22,20:00,5381,4068,Regulier,2,5
16597,2017-10-24,20:30,25,282,Regulier,0,2
16598,2017-10-24,20:30,31,22,Regulier,3,0
16599,2017-10-24,20:30,7,4276,Regulier,3,0
16600,2017-10-25,20:30,35,5381,Regulier,2,0
16601,2017-10-25,20:30,322,3,Regulier,2,0
16602,2017-10-25,20:30,4068,19,Regulier,2,1
16603,2017-10-26,20:30,1,16,Regulier,0,0
16604,2017-10-26,20:30,373,216,Regulier,1,0
16605,2017-10-27,20:30,22,7,Regulier,2,1
16606,2017-10-28,18:00,4276,35,Regulier,2,3
16607,2017-10-28,20:00,5381,25,Regulier,2,1
16608,2017-10-28,20:00,282,31,Regulier,0,3
16609,2017-10-28,20:30,19,322,Regulier,0,0
16610,2017-10-29,14:30,3,373,Regulier,4,1
16611,2017-10-29,18:00,16,4068,Regulier,3,1
16612,2017-10-29,20:00,216,1,Regulier,2,2
16613,2017-11-03,20:30,7,16,Regulier,1,0
16614,2017-11-04,18:00,322,282,Regulier,0,0
16615,2017-11-04,20:00,373,4276,Regulier,4,4
16616,2017-11-04,20:00,25,19,Regulier,2,0
16617,2017-11-04,20:30,4068,216,Regulier,2,0
16618,2017-11-05,14:30,1,22,Regulier,1,3
16619,2017-11-05,18:00,35,3,Regulier,0,0
16620,2017-11-05,20:00,31,5381,Regulier,4,2
16621,2017-11-17,20:30,22,25,Regulier,2,0
16622,2017-11-18,18:00,216,35,Regulier,1,2
16623,2017-11-18,20:00,19,373,Regulier,3,2
16624,2017-11-18,20:00,4276,1,Regulier,0,1
16625,2017-11-18,20:30,16,31,Regulier,0,0
16626,2017-11-19,14:30,5381,322,Regulier,0,1
16627,2017-11-19,18:00,3,4068,Regulier,3,0
16628,2017-11-19,20:00,282,7,Regulier,0,3
16629,2017-11-24,20:30,7,216,Regulier,3,1
16630,2017-11-25,18:00,1,25,Regulier,0,0
16631,2017-11-25,20:00,31,4276,Regulier,1,0
16632,2017-11-25,20:00,373,282,Regulier,0,0
16633,2017-11-25,20:30,4068,22,Regulier,0,2
16634,2017-11-26,14:30,322,16,Regulier,0,2
16635,2017-11-26,18:00,35,19,Regulier,4,0
16636,2017-11-26,20:00,3,5381,Regulier,3,2
16637,2017-12-01,20:30,22,31,Regulier,1,1
16638,2017-12-02,18:00,282,35,Regulier,1,2
16639,2017-12-02,20:00,19,4068,Regulier,4,1
16640,2017-12-02,20:00,216,373,Regulier,1,1
16641,2017-12-02,20:30,25,322,Regulier,3,2
16642,2017-12-03,14:30,16,1,Regulier,1,1
16643,2017-12-03,18:00,4276,3,Regulier,2,2
16644,2017-12-03,20:00,5381,7,Regulier,0,1
16645,2017-12-08,20:30,4068,16,Regulier,3,1
16646,2017-12-09,18:00,31,25,Regulier,0,1
16647,2017-12-09,20:00,322,4276,Regulier,1,1
16648,2017-12-09,20:00,1,216,Regulier,1,0
16649,2017-12-09,20:30,7,19,Regulier,2,1
16650,2017-12-10,14:30,3,282,Regulier,3,1
16651,2017-12-10,18:00,35,22,Regulier,1,3
16652,2017-12-10,20:00,373,5381,Regulier,1,1
16653,2017-12-15,20:30,216,31,Regulier,1,0
16654,2017-12-16,18:00,16,7,Regulier,0,0
16655,2017-12-16,20:00,19,25,Regulier,2,0
16656,2017-12-16,20:00,4276,373,Regulier,0,0
16657,2017-12-16,20:30,282,4068,Regulier,1,1
16658,2017-12-17,14:30,3,35,Regulier,5,0
16659,2017-12-17,18:00,22,322,Regulier,1,1
16660,2017-12-17,20:00,5381,1,Regulier,1,2
16661,2017-12-20,20:30,25,3,Regulier,0,3
16662,2017-12-21,20:30,7,22,Regulier,1,0
16663,2017-12-21,20:30,1,282,Regulier,1,2
16664,2017-12-22,20:30,35,4276,Regulier,1,0
16665,2017-12-22,20:30,4068,31,Regulier,1,3
16666,2017-12-23,18:00,216,5381,Regulier,2,1
16667,2017-12-23,20:00,322,19,Regulier,2,3
16668,2017-12-23,20:30,16,373,Regulier,1,1
16669,2017-12-26,14:30,3,216,Regulier,4,2
16670,2017-12-26,14:30,4276,4068,Regulier,1,0
16671,2017-12-26,14:30,282,25,Regulier,2,0
16672,2017-12-26,18:00,5381,22,Regulier,0,4
16673,2017-12-26,20:30,35,7,Regulier,1,0
16674,2017-12-27,20:30,19,16,Regulier,2,1
16675,2017-12-27,20:30,373,1,Regulier,0,3
16676,2017-12-31,20:30,31,322,Regulier,1,2
16677,2018-01-19,20:30,22,216,Regulier,2,0
16678,2018-01-20,18:00,16,4276,Regulier,3,2
16679,2018-01-20,20:00,4068,373,Regulier,3,1
16680,2018-01-20,20:00,31,19,Regulier,2,1
16681,2018-01-20,20:30,25,5381,Regulier,0,2
16682,2018-01-21,14:30,1,3,Regulier,2,2
16683,2018-01-21,18:00,322,35,Regulier,0,1
16684,2018-01-21,20:00,7,282,Regulier,3,0
16685,2018-01-23,20:30,373,25,Regulier,2,0
16686,2018-01-23,20:30,216,19,Regulier,0,3
16687,2018-01-23,20:30,5381,16,Regulier,2,1
16688,2018-01-24,20:30,1,7,Regulier,1,1
16689,2018-01-24,20:30,35,4068,Regulier,2,2
16690,2018-01-24,20:30,4276,22,Regulier,1,0
16691,2018-01-24,20:30,282,322,Regulier,1,2
16692,2018-01-25,20:30,3,31,Regulier,3,2
16693,2018-01-26,20:30,25,216,Regulier,0,2
16694,2018-01-27,18:00,22,1,Regulier,1,1
16695,2018-01-27,20:00,19,4276,Regulier,0,0
16696,2018-01-27,20:00,4068,5381,Regulier,2,2
16697,2018-01-27,20:30,322,373,Regulier,1,1
16698,2018-01-28,14:30,7,3,Regulier,2,0
16699,2018-01-28,18:00,16,35,Regulier,3,3
16700,2018-01-28,20:00,31,282,Regulier,2,3
16701,2018-02-02,20:30,1,4068,Regulier,1,2
16702,2018-02-03,18:00,282,16,Regulier,0,3
16703,2018-02-03,20:00,373,19,Regulier,0,2
16704,2018-02-03,20:00,4276,7,Regulier,1,1
16705,2018-02-03,20:30,216,322,Regulier,0,1
16706,2018-02-04,14:30,35,25,Regulier,2,2
16707,2018-02-04,18:00,3,22,Regulier,3,3
16708,2018-02-04,20:00,5381,31,Regulier,1,1
16709,2018-02-09,20:30,322,5381,Regulier,3,1
16710,2018-02-10,18:00,31,35,Regulier,2,0
16711,2018-02-10,20:00,25,4276,Regulier,1,0
16712,2018-02-10,20:00,19,1,Regulier,4,0
16713,2018-02-10,20:30,7,373,Regulier,3,0
16714,2018-02-11,14:30,4068,3,Regulier,1,1
16715,2018-02-11,18:00,16,216,Regulier,4,3
16716,2018-02-11,20:00,22,282,Regulier,1,1
16717,2018-02-16,20:30,373,35,Regulier,1,0
16718,2018-02-17,18:00,1,31,Regulier,0,0
16719,2018-02-17,20:00,282,19,Regulier,0,1
16720,2018-02-17,20:00,5381,4276,Regulier,3,2
16721,2018-02-17,20:30,3,322,Regulier,2,2
16722,2018-02-18,14:30,7,25,Regulier,2,2
16723,2018-02-18,18:00,22,16,Regulier,1,1
16724,2018-02-18,20:00,216,4068,Regulier,2,2
16725,2018-02-23,20:30,322,1,Regulier,4,0
16726,2018-02-24,18:00,25,22,Regulier,1,1
16727,2018-02-24,20:00,4276,282,Regulier,3,2
16728,2018-02-24,20:00,31,373,Regulier,2,0
16729,2018-02-24,20:30,4068,7,Regulier,1,2
16730,2018-02-25,14:30,35,216,Regulier,5,3
16731,2018-02-25,18:00,16,3,Regulier,1,1
16732,2018-02-25,20:00,19,5381,Regulier,0,1
16733,2018-03-03,20:00,4068,322,Regulier,0,1
16734,2018-03-03,20:00,7,31,Regulier,2,3
16735,2018-03-03,20:00,1,4276,Regulier,2,0
16736,2018-03-03,20:00,3,19,Regulier,2,1
16737,2018-03-03,20:00,5381,35,Regulier,2,3
16738,2018-03-03,20:00,22,373,Regulier,0,0
16739,2018-03-03,20:00,16,25,Regulier,3,2
16740,2018-03-03,20:00,216,282,Regulier,1,2
16741,2018-03-11,14:30,322,7,Regulier,1,2
16742,2018-03-11,14:30,25,4068,Regulier,2,0
16743,2018-03-11,14:30,4276,216,Regulier,4,0
16744,2018-03-11,14:30,35,1,Regulier,2,1
16745,2018-03-11,14:30,19,22,Regulier,2,0
16746,2018-03-11,14:30,282,5381,Regulier,0,2
16747,2018-03-11,14:30,373,3,Regulier,0,1
16748,2018-03-11,14:30,31,16,Regulier,2,3
16749,2018-03-30,20:30,16,22,Playoff_1,1,0
16750,2018-03-31,18:00,19,4068,Playoff_2,4,1
16751,2018-03-31,20:00,282,373,Playoff_2,1,0
16752,2018-03-31,20:00,30,216,Playoff_2,0,3
16753,2018-03-31,20:30,4276,13,Playoff_2,2,2
16754,2018-04-01,18:00,35,7,Playoff_1,0,2
16755,2018-04-01,20:00,5381,18,Playoff_2,2,2
16756,2018-04-02,14:30,1,31,Playoff_2,3,3
16757,2018-04-02,18:00,3,322,Playoff_1,1,0
16758,2018-04-06,20:30,22,35,Playoff_1,1,2
16759,2018-04-07,18:00,13,282,Playoff_2,2,2
16760,2018-04-07,20:00,31,4276,Playoff_2,1,1
16761,2018-04-07,20:00,373,1,Playoff_2,4,0
16762,2018-04-07,20:00,18,30,Playoff_2,1,2
16763,2018-04-07,20:30,322,16,Playoff_1,1,0
16764,2018-04-08,18:00,7,3,Playoff_1,1,0
16765,2018-04-08,20:00,4068,5381,Playoff_2,1,2
16766,2018-04-08,20:00,216,19,Playoff_2,2,1
16767,2018-04-13,20:30,22,322,Playoff_1,2,2
16768,2018-04-14,18:00,5381,216,Playoff_2,5,1
16769,2018-04-14,20:00,30,19,Playoff_2,0,2
16770,2018-04-14,20:00,282,4276,Playoff_2,3,0
16771,2018-04-14,20:00,4068,18,Playoff_2,0,2
16772,2018-04-14,20:30,16,7,Playoff_1,1,0
16773,2018-04-15,14:30,1,13,Playoff_2,2,0
16774,2018-04-15,18:00,35,3,Playoff_1,1,0
16775,2018-04-15,20:00,31,373,Playoff_2,2,2
16776,2018-04-17,20:30,7,322,Playoff_1,0,0
16777,2018-04-17,20:30,216,4068,Playoff_2,1,1
16778,2018-04-17,20:30,30,5381,Playoff_2,1,4
16779,2018-04-17,20:30,19,18,Playoff_2,2,1
16780,2018-04-18,20:30,16,35,Playoff_1,2,1
16781,2018-04-18,20:30,13,373,Playoff_2,1,3
16782,2018-04-18,20:30,282,31,Playoff_2,2,2
16783,2018-04-18,20:30,4276,1,Playoff_2,0,1
16784,2018-04-19,20:30,3,22,Playoff_1,6,0
16785,2018-04-20,20:30,5381,19,Playoff_2,3,0
16786,2018-04-21,18:00,18,216,Playoff_2,3,1
16787,2018-04-21,20:00,373,4276,Playoff_2,2,3
16788,2018-04-21,20:00,4068,30,Playoff_2,0,1
16789,2018-04-21,20:30,322,35,Playoff_1,2,1
16790,2018-04-22,18:00,3,16,Playoff_1,4,4
16791,2018-04-22,20:00,31,13,Playoff_2,2,2
16792,2018-04-22,20:30,22,7,Playoff_1,2,1
16793,2018-04-23,20:30,1,282,Playoff_2,1,2
16794,2018-04-27,20:30,322,3,Playoff_1,1,1
16795,2018-04-28,18:00,216,5381,Playoff_2,1,2
16796,2018-04-28,20:00,4276,282,Playoff_2,0,2
16797,2018-04-28,20:00,19,30,Playoff_2,2,1
16798,2018-04-28,20:00,18,4068,Playoff_2,0,0
16799,2018-04-28,20:30,373,31,Playoff_2,4,1
16800,2018-04-29,14:30,13,1,Playoff_2,0,0
16801,2018-04-29,18:00,35,22,Playoff_1,3,1
16802,2018-04-29,20:30,7,16,Playoff_1,1,3
16803,2018-05-04,20:30,7,22,Playoff_1,0,1
16804,2018-05-05,18:00,19,5381,Playoff_2,1,2
16805,2018-05-05,20:00,4068,216,Playoff_2,3,2
16806,2018-05-05,20:00,4276,373,Playoff_2,3,1
16807,2018-05-05,20:00,30,18,Playoff_2,2,2
16808,2018-05-05,20:30,282,1,Playoff_2,1,2
16809,2018-05-06,14:30,3,35,Playoff_1,1,2
16810,2018-05-06,18:00,16,322,Playoff_1,5,0
16811,2018-05-06,20:00,13,31,Playoff_2,0,2
16812,2018-05-08,20:30,5381,4068,Playoff_2,8,0
16813,2018-05-08,20:30,18,19,Playoff_2,0,2
16814,2018-05-08,20:30,216,30,Playoff_2,1,0
16815,2018-05-09,20:30,373,13,Playoff_2,3,2
16816,2018-05-09,20:30,31,282,Playoff_2,1,3
16817,2018-05-09,20:30,1,4276,Playoff_2,2,1
16818,2018-05-10,14:30,35,16,Playoff_1,1,3
16819,2018-05-10,18:00,22,3,Playoff_1,1,3
16820,2018-05-10,20:30,322,7,Playoff_1,1,1
16821,2018-05-11,20:30,30,4068,Playoff_2,0,5
16822,2018-05-11,20:30,18,5381,Playoff_2,1,2
16823,2018-05-11,20:30,19,216,Playoff_2,1,1
16824,2018-05-12,20:00,4276,31,Playoff_2,0,4
16825,2018-05-12,20:00,1,373,Playoff_2,1,2
16826,2018-05-12,20:00,282,13,Playoff_2,4,2
16827,2018-05-13,18:00,322,22,Playoff_1,4,1
16828,2018-05-13,18:00,7,35,Playoff_1,1,0
16829,2018-05-13,18:00,16,3,Playoff_1,1,1
16830,2018-05-18,20:30,4068,19,Playoff_2,1,3
16831,2018-05-18,20:30,5381,30,Playoff_2,5,0
16832,2018-05-18,20:30,216,18,Playoff_2,5,0
16833,2018-05-19,20:00,31,1,Playoff_2,3,1
16834,2018-05-19,20:00,13,4276,Playoff_2,3,1
16835,2018-05-19,20:00,373,282,Playoff_2,1,1
16836,2018-05-20,18:00,22,16,Playoff_1,0,0
16837,2018-05-20,18:00,35,322,Playoff_1,1,2
16838,2018-05-20,18:00,3,7,Playoff_1,0,1
16839,2018-07-29,14:30,3,4276,Regulier,5,2
16840,2018-07-29,18:00,19,35,Regulier,1,4
16841,2018-07-29,18:00,22,1,Regulier,0,1
16842,2018-07-29,20:00,5381,4068,Regulier,2,2
16843,2018-07-29,20:00,373,12,Regulier,0,0
16844,2018-07-29,20:00,282,322,Regulier,0,4
16845,2018-07-29,20:30,31,216,Regulier,2,1
16846,2018-07-29,20:30,16,7,Regulier,3,2
16847,2018-08-05,14:30,35,31,Regulier,5,2
16848,2018-08-05,18:00,322,373,Regulier,1,1
16849,2018-08-05,18:00,4276,22,Regulier,1,4
16850,2018-08-05,20:00,216,3,Regulier,0,1
16851,2018-08-05,20:00,12,282,Regulier,3,2
16852,2018-08-05,20:00,1,19,Regulier,0,0
16853,2018-08-05,20:30,7,5381,Regulier,1,1
16854,2018-08-05,20:30,4068,16,Regulier,0,0
16855,2018-08-12,14:30,31,322,Regulier,0,2
16856,2018-08-12,18:00,22,35,Regulier,1,2
16857,2018-08-12,18:00,16,12,Regulier,0,0
16858,2018-08-12,20:00,373,282,Regulier,1,1
16859,2018-08-12,20:00,5381,4276,Regulier,4,0
16860,2018-08-12,20:00,7,4068,Regulier,4,1
16861,2018-08-12,20:30,3,19,Regulier,3,0
16862,2018-08-12,20:30,216,1,Regulier,0,1
16863,2018-08-19,14:30,1,3,Regulier,1,1
16864,2018-08-19,18:00,322,22,Regulier,3,1
16865,2018-08-19,18:00,282,16,Regulier,0,3
16866,2018-08-19,20:00,4068,373,Regulier,2,2
16867,2018-08-19,20:00,12,5381,Regulier,3,1
16868,2018-08-19,20:00,4276,7,Regulier,2,3
16869,2018-08-19,20:30,19,31,Regulier,1,2
16870,2018-08-19,20:30,35,216,Regulier,2,0
16871,2018-08-26,14:30,3,35,Regulier,2,1
16872,2018-08-26,18:00,16,373,Regulier,3,2
16873,2018-08-26,18:00,7,282,Regulier,2,1
16874,2018-08-26,20:00,1,12,Regulier,1,0
16875,2018-08-26,20:00,216,4276,Regulier,0,1
16876,2018-08-26,20:00,322,4068,Regulier,3,2
16877,2018-08-26,20:30,31,5381,Regulier,3,1
16878,2018-08-26,20:30,22,19,Regulier,0,2
16879,2018-09-02,14:30,35,1,Regulier,1,1
16880,2018-09-02,18:00,4276,16,Regulier,2,1
16881,2018-09-02,18:00,12,7,Regulier,0,3
16882,2018-09-02,20:00,282,4068,Regulier,1,0
16883,2018-09-02,20:00,373,31,Regulier,1,0
16884,2018-09-02,20:00,19,322,Regulier,3,3
16885,2018-09-02,20:30,22,216,Regulier,3,1
16886,2018-09-02,20:30,5381,3,Regulier,2,5
16887,2018-09-16,14:30,216,19,Regulier,1,0
16888,2018-09-16,18:00,1,5381,Regulier,5,1
16889,2018-09-16,18:00,16,22,Regulier,0,0
16890,2018-09-16,20:00,7,373,Regulier,1,2
16891,2018-09-16,20:00,4068,4276,Regulier,0,0
16892,2018-09-16,20:00,31,12,Regulier,1,1
16893,2018-09-16,20:30,3,282,Regulier,2,1
16894,2018-09-16,20:30,322,35,Regulier,1,0
16895,2018-09-23,14:30,7,3,Regulier,0,4
16896,2018-09-23,18:00,4068,22,Regulier,1,1
16897,2018-09-23,18:00,35,16,Regulier,2,1
16898,2018-09-23,20:00,282,216,Regulier,0,0
16899,2018-09-23,20:00,4276,31,Regulier,1,2
16900,2018-09-23,20:00,12,322,Regulier,2,5
16901,2018-09-23,20:30,373,1,Regulier,2,0
16902,2018-09-23,20:30,5381,19,Regulier,0,2
16903,2018-09-30,14:30,35,373,Regulier,0,0
16904,2018-09-30,18:00,31,16,Regulier,1,3
16905,2018-09-30,18:00,322,5381,Regulier,4,0
16906,2018-09-30,20:00,22,282,Regulier,2,1
16907,2018-09-30,20:00,216,4068,Regulier,0,3
16908,2018-09-30,20:00,1,7,Regulier,2,2
16909,2018-09-30,20:30,19,4276,Regulier,1,3
16910,2018-09-30,20:30,3,12,Regulier,4,0
16911,2018-10-05,20:30,12,22,Regulier,2,1
16912,2018-10-06,18:00,4276,1,Regulier,1,2
16913,2018-10-06,20:00,282,19,Regulier,1,3
16914,2018-10-06,20:00,373,216,Regulier,3,1
16915,2018-10-06,20:30,4068,31,Regulier,1,1
16916,2018-10-07,14:30,5381,35,Regulier,1,2
16917,2018-10-07,18:00,16,3,Regulier,3,1
16918,2018-10-07,20:00,7,322,Regulier,1,5
16919,2018-10-19,20:30,3,4068,Regulier,1,1
16920,2018-10-20,18:00,216,16,Regulier,0,0
16921,2018-10-20,20:00,1,282,Regulier,2,1
16922,2018-10-20,20:00,19,373,Regulier,3,1
16923,2018-10-20,20:30,322,4276,Regulier,2,1
16924,2018-10-21,14:30,35,12,Regulier,4,2
16925,2018-10-21,18:00,31,7,Regulier,0,4
16926,2018-10-21,20:00,22,5381,Regulier,3,2
16927,2018-10-26,20:30,7,22,Regulier,2,1
16928,2018-10-27,18:00,5381,216,Regulier,2,2
16929,2018-10-27,20:00,282,31,Regulier,0,0
16930,2018-10-27,20:00,12,19,Regulier,1,1
16931,2018-10-27,20:30,373,3,Regulier,2,2
16932,2018-10-28,14:30,16,322,Regulier,1,1
16933,2018-10-28,18:00,4276,35,Regulier,2,1
16934,2018-10-28,20:00,4068,1,Regulier,0,1
16935,2018-10-30,20:30,216,7,Regulier,3,1
16936,2018-10-30,20:30,3,31,Regulier,4,0
16937,2018-10-30,20:30,22,373,Regulier,1,0
16938,2018-10-31,20:30,19,4068,Regulier,2,2
16939,2018-10-31,20:30,4276,12,Regulier,2,0
16940,2018-10-31,20:30,1,322,Regulier,2,4
16941,2018-11-01,14:30,35,282,Regulier,1,1
16942,2018-11-01,18:00,5381,16,Regulier,3,1
16943,2018-11-02,20:30,31,22,Regulier,2,1
16944,2018-11-03,18:00,322,3,Regulier,1,1
16945,2018-11-03,20:00,12,216,Regulier,2,1
16946,2018-11-03,20:30,7,19,Regulier,3,1
16947,2018-11-04,14:30,16,1,Regulier,0,2
16948,2018-11-04,18:00,4068,35,Regulier,1,2
16949,2018-11-04,20:00,373,5381,Regulier,2,1
16950,2018-11-04,20:00,282,4276,Regulier,2,0
16951,2018-11-09,20:30,1,31,Regulier,2,0
16952,2018-11-10,18:00,22,3,Regulier,2,1
16953,2018-11-10,20:00,5381,282,Regulier,2,0
16954,2018-11-10,20:00,4276,373,Regulier,1,4
16955,2018-11-10,20:30,12,4068,Regulier,2,0
16956,2018-11-11,14:30,35,7,Regulier,2,0
16957,2018-11-11,18:00,19,16,Regulier,0,2
16958,2018-11-11,20:00,216,322,Regulier,0,0
16959,2018-11-23,20:30,3,5381,Regulier,1,3
16960,2018-11-24,18:00,16,4276,Regulier,3,0
16961,2018-11-24,20:00,4068,216,Regulier,1,2
16962,2018-11-24,20:00,31,19,Regulier,1,2
16963,2018-11-24,20:30,322,12,Regulier,1,2
16964,2018-11-25,14:30,7,1,Regulier,0,0
16965,2018-11-25,18:00,373,35,Regulier,4,2
16966,2018-11-25,20:00,282,22,Regulier,2,4
16967,2018-11-30,20:30,282,7,Regulier,2,2
16968,2018-12-01,18:00,22,12,Regulier,3,1
16969,2018-12-01,20:00,5381,31,Regulier,1,1
16970,2018-12-01,20:00,19,216,Regulier,1,0
16971,2018-12-01,20:30,1,373,Regulier,1,3
16972,2018-12-02,14:30,3,16,Regulier,3,0
16973,2018-12-02,18:00,35,322,Regulier,0,1
16974,2018-12-02,20:00,4276,4068,Regulier,1,0
16975,2018-12-07,20:30,4068,3,Regulier,2,1
16976,2018-12-08,18:00,322,19,Regulier,1,1
16977,2018-12-08,20:00,216,5381,Regulier,0,0
16978,2018-12-08,20:00,31,282,Regulier,1,0
16979,2018-12-08,20:30,373,16,Regulier,1,1
16980,2018-12-09,14:30,12,1,Regulier,0,3
16981,2018-12-09,18:00,35,22,Regulier,1,1
16982,2018-12-09,20:00,7,4276,Regulier,2,0
16983,2018-12-14,20:30,22,7,Regulier,2,0
16984,2018-12-15,18:00,19,3,Regulier,0,0
16985,2018-12-15,20:00,282,373,Regulier,2,0
16986,2018-12-15,20:00,4276,216,Regulier,1,0
16987,2018-12-15,20:30,1,4068,Regulier,0,2
16988,2018-12-16,14:30,12,35,Regulier,2,1
16989,2018-12-16,18:00,322,31,Regulier,2,0
16990,2018-12-16,20:00,16,5381,Regulier,4,1
16991,2018-12-21,20:30,7,12,Regulier,4,1
16992,2018-12-22,18:00,216,35,Regulier,3,1
16993,2018-12-22,20:00,4068,282,Regulier,2,1
16994,2018-12-22,20:00,373,19,Regulier,0,0
16995,2018-12-22,20:30,16,31,Regulier,3,1
16996,2018-12-23,14:30,3,1,Regulier,5,1
16997,2018-12-23,18:00,4276,322,Regulier,0,2
16998,2018-12-23,20:00,5381,22,Regulier,3,1
16999,2018-12-26,14:30,31,373,Regulier,1,1
17000,2018-12-26,14:30,1,216,Regulier,2,1
17001,2018-12-26,14:30,19,5381,Regulier,4,2
17002,2018-12-26,14:30,12,4276,Regulier,0,1
17003,2018-12-26,18:00,22,16,Regulier,0,1
17004,2018-12-26,20:30,322,7,Regulier,3,1
17005,2018-12-27,18:00,282,3,Regulier,0,1
17006,2018-12-27,20:30,35,4068,Regulier,3,0
17007,2019-01-18,20:30,373,322,Regulier,2,3
17008,2019-01-19,18:00,16,19,Regulier,2,1
17009,2019-01-19,20:00,4276,282,Regulier,4,1
17010,2019-01-19,20:00,4068,12,Regulier,1,1
17011,2019-01-19,20:30,5381,1,Regulier,1,2
17012,2019-01-20,14:30,3,22,Regulier,0,1
17013,2019-01-20,18:00,7,35,Regulier,1,0
17014,2019-01-20,20:00,216,31,Regulier,2,1
17015,2019-01-25,20:30,1,16,Regulier,1,1
17016,2019-01-26,18:00,22,4068,Regulier,2,2
17017,2019-01-26,20:00,282,5381,Regulier,0,3
17018,2019-01-26,20:00,12,373,Regulier,1,2
17019,2019-01-26,20:30,322,216,Regulier,1,2
17020,2019-01-27,14:30,31,3,Regulier,1,2
17021,2019-01-27,18:00,35,4276,Regulier,2,1
17022,2019-01-27,20:00,19,7,Regulier,1,2
17023,2019-02-01,20:30,216,22,Regulier,3,0
17024,2019-02-02,18:00,31,1,Regulier,0,2
17025,2019-02-02,20:00,19,282,Regulier,2,1
17026,2019-02-02,20:00,5381,12,Regulier,3,2
17027,2019-02-02,20:30,4068,322,Regulier,1,2
17028,2019-02-03,14:30,3,7,Regulier,1,1
17029,2019-02-03,18:00,16,35,Regulier,2,1
17030,2019-02-03,20:00,373,4276,Regulier,4,1
17031,2019-02-08,20:30,322,16,Regulier,2,0
17032,2019-02-09,18:00,22,31,Regulier,1,1
17033,2019-02-09,20:00,373,4068,Regulier,2,1
17034,2019-02-09,20:00,4276,19,Regulier,0,1
17035,2019-02-09,20:30,282,1,Regulier,2,1
17036,2019-02-10,14:30,12,3,Regulier,2,2
17037,2019-02-10,18:00,35,5381,Regulier,0,0
17038,2019-02-10,20:00,7,216,Regulier,1,2
17039,2019-02-15,20:30,16,282,Regulier,3,1
17040,2019-02-16,18:00,19,22,Regulier,1,2
17041,2019-02-16,20:00,31,4276,Regulier,1,1
17042,2019-02-16,20:00,5381,373,Regulier,1,1
17043,2019-02-16,20:30,4068,7,Regulier,2,1
17044,2019-02-17,14:30,3,322,Regulier,3,1
17045,2019-02-17,18:00,1,35,Regulier,0,1
17046,2019-02-17,20:00,216,12,Regulier,3,0
17047,2019-02-22,20:30,7,16,Regulier,2,1
17048,2019-02-23,18:00,4276,5381,Regulier,2,3
17049,2019-02-23,20:00,4068,19,Regulier,2,6
17050,2019-02-23,20:00,12,31,Regulier,2,2
17051,2019-02-23,20:30,216,282,Regulier,1,0
17052,2019-02-24,14:30,35,3,Regulier,2,2
17053,2019-02-24,18:00,322,1,Regulier,0,0
17054,2019-02-24,20:00,373,22,Regulier,3,1
17055,2019-03-01,20:30,16,216,Regulier,1,1
17056,2019-03-02,18:00,22,322,Regulier,1,1
17057,2019-03-02,20:00,31,4068,Regulier,1,1
17058,2019-03-02,20:00,19,12,Regulier,2,1
17059,2019-03-02,20:30,3,373,Regulier,1,0
17060,2019-03-03,14:30,5381,7,Regulier,1,3
17061,2019-03-03,18:00,282,35,Regulier,1,2
17062,2019-03-03,20:00,1,4276,Regulier,2,1
17063,2019-03-10,18:00,4276,3,Regulier,0,4
17064,2019-03-10,18:00,4068,5381,Regulier,1,1
17065,2019-03-10,18:00,7,31,Regulier,2,1
17066,2019-03-10,18:00,216,373,Regulier,1,1
17067,2019-03-10,18:00,1,22,Regulier,1,2
17068,2019-03-10,18:00,35,19,Regulier,2,0
17069,2019-03-10,18:00,12,16,Regulier,1,2
17070,2019-03-10,18:00,322,282,Regulier,1,0
17071,2019-03-17,18:00,22,4276,Regulier,1,2
17072,2019-03-17,18:00,282,12,Regulier,3,1
17073,2019-03-17,18:00,3,216,Regulier,1,2
17074,2019-03-17,18:00,31,35,Regulier,0,2
17075,2019-03-17,18:00,373,7,Regulier,0,2
17076,2019-03-17,18:00,16,4068,Regulier,4,3
17077,2019-03-17,18:00,5381,322,Regulier,3,3
17078,2019-03-17,18:00,19,1,Regulier,2,0
17079,2019-03-29,20:30,16,1,Playoff_1,3,1
17080,2019-03-30,18:00,19,216,Playoff_2,3,1
17081,2019-03-30,20:00,10,12,Playoff_2,3,1
17082,2019-03-30,20:00,5381,4068,Playoff_2,0,0
17083,2019-03-30,20:00,31,4276,Playoff_2,1,2
17084,2019-03-30,20:30,322,35,Playoff_1,3,0
17085,2019-03-31,14:30,373,22,Playoff_2,3,1
17086,2019-03-31,18:00,3,7,Playoff_1,3,0
17087,2019-03-31,20:00,2024,13,Playoff_2,1,1
17088,2019-04-02,20:30,12,5381,Playoff_2,3,3
17089,2019-04-02,20:30,1,322,Playoff_1,1,0
17090,2019-04-02,20:30,4068,19,Playoff_2,2,3
17091,2019-04-02,20:30,216,10,Playoff_2,0,2
17092,2019-04-03,20:30,4276,2024,Playoff_2,0,3
17093,2019-04-03,20:30,7,16,Playoff_1,1,2
17094,2019-04-03,20:30,13,373,Playoff_2,1,2
17095,2019-04-03,20:30,22,31,Playoff_2,1,2
17096,2019-04-04,20:30,35,3,Playoff_1,2,3
17097,2019-04-05,20:30,19,5381,Playoff_2,4,2
17098,2019-04-06,18:00,31,13,Playoff_2,2,1
17099,2019-04-06,20:00,10,4068,Playoff_2,5,1
17100,2019-04-06,20:00,216,12,Playoff_2,2,3
17101,2019-04-06,20:00,2024,373,Playoff_2,2,2
17102,2019-04-06,20:30,322,7,Playoff_1,2,1
17103,2019-04-07,18:00,35,1,Playoff_1,1,2
17104,2019-04-07,20:00,4276,22,Playoff_2,0,1
17105,2019-04-08,20:30,3,16,Playoff_1,4,0
17106,2019-04-12,20:30,16,35,Playoff_1,5,0
17107,2019-04-13,18:00,13,4276,Playoff_2,2,0
17108,2019-04-13,18:00,5381,216,Playoff_2,2,2
17109,2019-04-13,20:00,12,4068,Playoff_2,3,2
17110,2019-04-13,20:00,373,31,Playoff_2,1,0
17111,2019-04-13,20:00,19,10,Playoff_2,0,1
17112,2019-04-13,20:30,7,1,Playoff_1,1,2
17113,2019-04-14,18:00,322,3,Playoff_1,3,1
17114,2019-04-14,20:00,22,2024,Playoff_2,2,0
17115,2019-04-19,20:30,16,322,Playoff_1,1,3
17116,2019-04-20,18:00,10,5381,Playoff_2,2,2
17117,2019-04-20,20:00,12,19,Playoff_2,1,2
17118,2019-04-20,20:00,2024,31,Playoff_2,0,0
17119,2019-04-20,20:30,4276,373,Playoff_2,1,1
17120,2019-04-21,18:00,35,7,Playoff_1,0,0
17121,2019-04-21,20:00,4068,216,Playoff_2,2,1
17122,2019-04-22,14:30,1,3,Playoff_1,0,0
17123,2019-04-22,18:00,22,13,Playoff_2,4,0
17124,2019-04-26,20:30,1,16,Playoff_1,2,1
17125,2019-04-27,18:00,31,22,Playoff_2,2,2
17126,2019-04-27,20:00,5381,12,Playoff_2,6,2
17127,2019-04-27,20:00,216,19,Playoff_2,2,3
17128,2019-04-27,20:00,2024,4276,Playoff_2,1,0
17129,2019-04-27,20:00,4068,10,Playoff_2,3,2
17130,2019-04-27,20:30,7,322,Playoff_1,0,1
17131,2019-04-28,18:00,3,35,Playoff_1,1,0
17132,2019-04-28,20:00,373,13,Playoff_2,2,2
17133,2019-05-03,20:30,322,1,Playoff_1,4,0
17134,2019-05-04,18:00,22,373,Playoff_2,2,0
17135,2019-05-04,20:00,4276,31,Playoff_2,3,2
17136,2019-05-04,20:00,12,10,Playoff_2,2,3
17137,2019-05-04,20:00,19,4068,Playoff_2,2,1
17138,2019-05-04,20:30,13,2024,Playoff_2,3,2
17139,2019-05-05,14:30,35,16,Playoff_1,2,1
17140,2019-05-05,18:00,7,3,Playoff_1,0,1
17141,2019-05-05,20:00,216,5381,Playoff_2,3,0
17142,2019-05-10,20:30,16,7,Playoff_1,2,3
17143,2019-05-11,18:00,13,22,Playoff_2,0,3
17144,2019-05-11,20:00,31,2024,Playoff_2,0,3
17145,2019-05-11,20:00,5381,19,Playoff_2,0,5
17146,2019-05-11,20:00,4068,12,Playoff_2,2,1
17147,2019-05-11,20:30,10,216,Playoff_2,3,3
17148,2019-05-12,14:30,1,35,Playoff_1,1,1
17149,2019-05-12,18:00,3,322,Playoff_1,3,2
17150,2019-05-12,20:00,373,4276,Playoff_2,2,2
17151,2019-05-14,20:30,12,216,Playoff_2,0,3
17152,2019-05-14,20:30,10,19,Playoff_2,2,0
17153,2019-05-14,20:30,4068,5381,Playoff_2,0,5
17154,2019-05-15,20:30,4276,13,Playoff_2,1,0
17155,2019-05-15,20:30,31,373,Playoff_2,1,1
17156,2019-05-15,20:30,2024,22,Playoff_2,0,2
17157,2019-05-16,20:30,16,3,Playoff_1,2,0
17158,2019-05-16,20:30,35,322,Playoff_1,1,1
17159,2019-05-16,20:30,1,7,Playoff_1,1,2
17160,2019-05-17,20:30,5381,10,Playoff_2,2,1
17161,2019-05-17,20:30,19,12,Playoff_2,4,0
17162,2019-05-17,20:30,216,4068,Playoff_2,2,4
17163,2019-05-18,20:00,373,2024,Playoff_2,2,1
17164,2019-05-18,20:00,13,31,Playoff_2,1,2
17165,2019-05-18,20:00,22,4276,Playoff_2,2,0
17166,2019-05-19,18:00,3,1,Playoff_1,3,2
17167,2019-05-19,18:00,322,16,Playoff_1,0,0
17168,2019-05-19,18:00,7,35,Playoff_1,2,1
17169,2019-07-28,14:30,35,31,Regulier,1,2
17170,2019-07-28,18:00,12,16,Regulier,0,2
17171,2019-07-28,18:00,22,7,Regulier,1,1
17172,2019-07-28,20:00,5381,25,Regulier,0,2
17173,2019-07-28,20:00,4276,1,Regulier,1,4
17174,2019-07-28,20:00,373,216,Regulier,0,1
17175,2019-07-28,20:30,4068,3,Regulier,1,3
17176,2019-07-28,20:30,322,19,Regulier,2,1
17177,2019-08-04,14:30,7,4276,Regulier,6,1
17178,2019-08-04,18:00,216,35,Regulier,0,0
17179,2019-08-04,18:00,16,5381,Regulier,4,0
17180,2019-08-04,20:00,1,4068,Regulier,4,1
17181,2019-08-04,20:00,19,22,Regulier,1,1
17182,2019-08-04,20:00,31,12,Regulier,3,1
17183,2019-08-04,20:30,25,322,Regulier,3,1
17184,2019-08-04,20:30,3,373,Regulier,6,0
17185,2019-08-11,14:30,373,16,Regulier,2,1
17186,2019-08-11,18:00,31,3,Regulier,0,2
17187,2019-08-11,18:00,22,1,Regulier,2,1
17188,2019-08-11,20:00,12,19,Regulier,1,3
17189,2019-08-11,20:00,4276,4068,Regulier,1,1
17190,2019-08-11,20:00,216,7,Regulier,2,1
17191,2019-08-11,20:30,322,5381,Regulier,0,2
17192,2019-08-11,20:30,35,25,Regulier,0,0
17193,2019-08-18,14:30,16,216,Regulier,4,1
17194,2019-08-18,18:00,1,373,Regulier,2,0
17195,2019-08-18,18:00,19,35,Regulier,4,2
17196,2019-08-18,20:00,7,31,Regulier,2,0
17197,2019-08-18,20:00,25,12,Regulier,3,1
17198,2019-08-18,20:30,5381,22,Regulier,3,1
17199,2019-08-18,20:30,4068,322,Regulier,0,4
17200,2019-08-18,20:30,3,4276,Regulier,0,0
17201,2019-08-25,18:00,16,19,Regulier,2,1
17202,2019-08-25,20:00,12,4068,Regulier,1,0
17203,2019-08-25,20:00,216,4276,Regulier,2,0
17204,2019-08-25,20:30,373,5381,Regulier,0,0
17205,2019-08-25,20:30,322,35,Regulier,1,0
17206,2019-08-25,20:30,31,25,Regulier,2,1
17207,2019-08-25,20:30,22,3,Regulier,0,0
17208,2019-08-25,20:30,1,7,Regulier,3,2
17209,2019-09-01,14:30,3,322,Regulier,1,1
17210,2019-09-01,18:00,35,16,Regulier,1,0
17211,2019-09-01,18:00,4276,373,Regulier,0,2
17212,2019-09-01,20:00,5381,1,Regulier,2,0
17213,2019-09-01,20:00,7,12,Regulier,3,2
17214,2019-09-01,20:00,19,31,Regulier,2,2
17215,2019-09-01,20:30,4068,22,Regulier,0,4
17216,2019-09-01,20:30,25,216,Regulier,2,2
17217,2019-09-15,14:30,35,1,Regulier,1,2
17218,2019-09-15,18:00,31,16,Regulier,1,4
17219,2019-09-15,18:00,7,25,Regulier,3,0
17220,2019-09-15,20:00,4276,5381,Regulier,1,1
17221,2019-09-15,20:00,373,4068,Regulier,1,1
17222,2019-09-15,20:30,12,3,Regulier,0,2
17223,2019-09-15,20:30,22,322,Regulier,2,1
17224,2019-09-15,20:30,216,19,Regulier,2,0
17225,2019-09-22,14:30,16,4276,Regulier,3,0
17226,2019-09-22,18:00,3,35,Regulier,2,1
17227,2019-09-22,18:00,22,373,Regulier,0,3
17228,2019-09-22,20:00,1,12,Regulier,3,1
17229,2019-09-22,20:00,4068,216,Regulier,1,1
17230,2019-09-22,20:00,5381,7,Regulier,2,2
17231,2019-09-22,20:30,322,31,Regulier,3,1
17232,2019-09-22,20:30,19,25,Regulier,2,3
17233,2019-09-29,14:30,35,4068,Regulier,0,0
17234,2019-09-29,18:00,25,3,Regulier,0,5
17235,2019-09-29,18:00,16,22,Regulier,1,1
17236,2019-09-29,20:00,31,1,Regulier,1,1
17237,2019-09-29,20:00,12,4276,Regulier,1,2
17238,2019-09-29,20:00,7,19,Regulier,2,0
17239,2019-09-29,20:00,216,5381,Regulier,2,2
17240,2019-09-29,20:30,373,322,Regulier,3,3
17241,2019-10-04,20:30,22,35,Regulier,1,2
17242,2019-10-05,18:00,4276,25,Regulier,0,2
17243,2019-10-05,20:00,5381,12,Regulier,6,0
17244,2019-10-05,20:00,4068,31,Regulier,3,1
17245,2019-10-05,20:30,19,373,Regulier,4,0
17246,2019-10-06,14:30,3,7,Regulier,4,0
17247,2019-10-06,18:00,1,16,Regulier,2,2
17248,2019-10-06,20:00,322,216,Regulier,2,1
17249,2019-10-18,20:30,216,3,Regulier,0,1
17250,2019-10-19,18:00,16,322,Regulier,1,0
17251,2019-10-19,20:00,19,5381,Regulier,2,0
17252,2019-10-19,20:00,31,4276,Regulier,2,3
17253,2019-10-19,20:30,7,4068,Regulier,2,0
17254,2019-10-20,14:30,25,1,Regulier,3,1
17255,2019-10-20,18:00,35,373,Regulier,4,1
17256,2019-10-20,20:00,12,22,Regulier,0,3
17257,2019-10-25,20:30,4276,35,Regulier,0,0
17258,2019-10-26,18:00,22,216,Regulier,1,0
17259,2019-10-26,20:00,1,19,Regulier,3,1
17260,2019-10-26,20:00,5381,31,Regulier,2,0
17261,2019-10-26,20:30,322,12,Regulier,1,0
17262,2019-10-27,14:30,3,16,Regulier,1,1
17263,2019-10-27,18:00,373,7,Regulier,0,0
17264,2019-10-27,20:00,4068,25,Regulier,1,3
17265,2019-10-29,20:30,19,4276,Regulier,1,2
17266,2019-10-29,20:30,31,22,Regulier,0,1
17267,2019-10-29,20:30,12,216,Regulier,2,2
17268,2019-10-30,20:30,5381,3,Regulier,0,2
17269,2019-10-30,20:30,16,4068,Regulier,2,0
17270,2019-10-30,20:30,322,1,Regulier,2,2
17271,2019-10-30,20:30,25,373,Regulier,1,2
17272,2019-10-31,20:30,35,7,Regulier,3,3
17273,2019-11-02,18:00,4276,322,Regulier,2,0
17274,2019-11-02,20:00,216,1,Regulier,3,1
17275,2019-11-02,20:00,4068,5381,Regulier,1,2
17276,2019-11-02,20:00,373,31,Regulier,1,0
17277,2019-11-02,20:30,3,19,Regulier,3,0
17278,2019-11-03,14:30,35,12,Regulier,2,1
17279,2019-11-03,18:00,7,16,Regulier,3,1
17280,2019-11-03,20:00,25,22,Regulier,2,2
17281,2019-11-08,20:30,5381,35,Regulier,1,2
17282,2019-11-09,18:00,22,4276,Regulier,1,0
17283,2019-11-09,20:00,19,4068,Regulier,1,3
17284,2019-11-09,20:00,12,373,Regulier,2,1
17285,2019-11-09,20:30,31,216,Regulier,2,2
17286,2019-11-10,14:30,1,3,Regulier,2,1
17287,2019-11-10,18:00,322,7,Regulier,0,2
17288,2019-11-10,20:00,16,25,Regulier,1,2
17289,2019-11-22,20:30,3,31,Regulier,2,0
17290,2019-11-23,18:00,4276,16,Regulier,1,2
17291,2019-11-23,20:00,4068,12,Regulier,1,1
17292,2019-11-23,20:00,25,5381,Regulier,0,2
17293,2019-11-23,20:30,216,322,Regulier,2,2
17294,2019-11-24,14:30,7,1,Regulier,1,1
17295,2019-11-24,18:00,35,19,Regulier,0,0
17296,2019-11-24,20:00,373,22,Regulier,1,3
17297,2019-11-29,20:30,1,25,Regulier,1,0
17298,2019-11-30,18:00,3,216,Regulier,1,0
17299,2019-11-30,20:00,22,4068,Regulier,2,0
17300,2019-11-30,20:00,5381,4276,Regulier,1,0
17301,2019-11-30,20:30,322,373,Regulier,1,2
17302,2019-12-01,14:30,31,35,Regulier,3,2
17303,2019-12-01,18:00,16,12,Regulier,2,1
17304,2019-12-01,20:00,19,7,Regulier,0,2
17305,2019-12-06,20:30,4068,1,Regulier,0,4
17306,2019-12-07,18:00,25,19,Regulier,1,1
17307,2019-12-07,20:00,7,5381,Regulier,2,0
17308,2019-12-07,20:00,12,322,Regulier,1,2
17309,2019-12-07,20:30,373,3,Regulier,1,2
17310,2019-12-08,14:30,216,16,Regulier,2,2
17311,2019-12-08,18:00,35,22,Regulier,0,0
17312,2019-12-08,20:00,4276,31,Regulier,1,0
17313,2019-12-13,20:30,19,216,Regulier,1,2
17314,2019-12-14,18:00,1,4276,Regulier,1,0
17315,2019-12-14,20:00,22,12,Regulier,3,0
17316,2019-12-14,20:00,5381,373,Regulier,5,1
17317,2019-12-14,20:30,322,4068,Regulier,4,1
17318,2019-12-15,14:30,16,35,Regulier,1,1
17319,2019-12-15,18:00,3,25,Regulier,3,0
17320,2019-12-15,20:00,31,7,Regulier,2,1
17321,2019-12-20,20:30,25,31,Regulier,1,0
17322,2019-12-21,18:00,216,22,Regulier,1,1
17323,2019-12-21,20:00,4276,19,Regulier,1,2
17324,2019-12-21,20:00,12,5381,Regulier,2,0
17325,2019-12-21,20:30,4068,16,Regulier,2,1
17326,2019-12-22,14:30,7,3,Regulier,1,1
17327,2019-12-22,18:00,35,322,Regulier,2,0
17328,2019-12-22,20:00,373,1,Regulier,1,1
17329,2019-12-26,14:30,19,12,Regulier,1,0
17330,2019-12-26,14:30,216,25,Regulier,1,2
17331,2019-12-26,14:30,322,4276,Regulier,2,1
17332,2019-12-26,14:30,4068,373,Regulier,1,0
17333,2019-12-26,18:00,3,5381,Regulier,4,0
17334,2019-12-26,20:30,16,7,Regulier,0,1
17335,2019-12-27,18:00,22,31,Regulier,5,0
17336,2019-12-27,20:30,1,35,Regulier,0,0
17337,2020-01-17,20:30,25,16,Regulier,2,3
17338,2020-01-18,18:00,4276,22,Regulier,1,1
17339,2020-01-18,20:00,31,4068,Regulier,0,1
17340,2020-01-18,20:00,373,19,Regulier,2,0
17341,2020-01-18,20:30,7,216,Regulier,3,1
17342,2020-01-19,14:30,12,1,Regulier,1,2
17343,2020-01-19,18:00,35,3,Regulier,1,2
17344,2020-01-19,20:00,5381,322,Regulier,0,3
17345,2020-01-24,20:30,16,31,Regulier,2,1
17346,2020-01-25,20:00,216,373,Regulier,1,3
17347,2020-01-25,20:00,4068,4276,Regulier,0,1
17348,2020-01-25,20:30,7,322,Regulier,4,1
17349,2020-01-26,14:30,12,35,Regulier,1,2
17350,2020-01-26,18:00,19,3,Regulier,2,2
17351,2020-01-26,20:00,1,5381,Regulier,2,1
17352,2020-01-26,20:30,22,25,Regulier,2,1
17353,2020-01-31,20:30,19,16,Regulier,3,1
17354,2020-02-01,18:00,322,22,Regulier,1,0
17355,2020-02-01,20:00,4276,12,Regulier,1,0
17356,2020-02-01,20:00,31,373,Regulier,1,0
17357,2020-02-01,20:30,25,7,Regulier,0,3
17358,2020-02-02,14:30,3,1,Regulier,1,0
17359,2020-02-02,18:00,35,216,Regulier,1,0
17360,2020-02-02,20:00,5381,4068,Regulier,5,0
17361,2020-02-07,20:30,7,35,Regulier,1,1
17362,2020-02-08,18:00,22,5381,Regulier,4,0
17363,2020-02-08,20:00,12,25,Regulier,3,2
17364,2020-02-08,20:00,373,4276,Regulier,5,2
17365,2020-02-08,20:30,216,31,Regulier,3,1
17366,2020-02-09,20:30,16,3,Regulier,0,0
17367,2020-02-09,20:30,4068,19,Regulier,1,2
17368,2020-02-09,20:30,1,322,Regulier,1,1
17369,2020-02-14,20:30,4276,7,Regulier,2,3
17370,2020-02-15,18:00,3,4068,Regulier,2,1
17371,2020-02-15,20:00,373,12,Regulier,0,1
17372,2020-02-15,20:00,31,19,Regulier,0,3
17373,2020-02-15,20:30,25,35,Regulier,2,0
17374,2020-02-16,14:30,1,22,Regulier,1,1
17375,2020-02-16,18:00,322,16,Regulier,1,3
17376,2020-02-16,20:00,5381,216,Regulier,1,2
17377,2020-02-21,20:30,19,322,Regulier,0,1
17378,2020-02-22,18:00,16,1,Regulier,1,0
17379,2020-02-22,20:00,216,12,Regulier,0,1
17380,2020-02-22,20:00,31,5381,Regulier,1,1
17381,2020-02-22,20:30,25,4068,Regulier,4,0
17382,2020-02-23,14:30,3,22,Regulier,1,0
17383,2020-02-23,18:00,35,4276,Regulier,6,1
17384,2020-02-23,20:00,7,373,Regulier,4,1
17385,2020-02-28,20:30,373,25,Regulier,0,3
17386,2020-02-29,18:00,4068,35,Regulier,0,3
17387,2020-02-29,20:00,4276,216,Regulier,2,1
17388,2020-02-29,20:00,5381,19,Regulier,2,2
17389,2020-02-29,20:30,1,31,Regulier,3,1
17390,2020-03-01,14:30,322,3,Regulier,1,2
17391,2020-03-01,18:00,22,16,Regulier,2,0
17392,2020-03-01,20:00,12,7,Regulier,1,0
17393,2020-03-07,20:00,16,373,Regulier,0,0
17394,2020-03-07,20:00,3,12,Regulier,2,1
17395,2020-03-07,20:00,19,1,Regulier,0,1
17396,2020-03-07,20:00,35,5381,Regulier,7,0
17397,2020-03-07,20:00,31,322,Regulier,2,4
17398,2020-03-07,20:00,7,22,Regulier,1,4
17399,2020-03-07,20:00,25,4276,Regulier,1,1
17400,2020-03-07,20:00,216,4068,Regulier,1,0
17401,2020-08-09,13:30,373,7,Regulier,2,1
17402,2020-08-09,16:00,5381,322,Regulier,1,2
17403,2020-08-09,16:30,3,22,Regulier,0,1
17404,2020-08-09,18:15,25,35,Regulier,2,2
17405,2020-08-09,19:00,1,216,Regulier,1,1
17406,2020-08-09,19:00,18,4276,Regulier,1,1
17407,2020-08-09,19:00,31,13,Regulier,1,2
17408,2020-08-09,19:00,16,12,Regulier,1,0
17409,2020-08-09,20:45,19,4068,Regulier,1,3
17410,2020-08-16,13:30,12,1,Regulier,2,1
17411,2020-08-16,16:00,13,5381,Regulier,3,1
17412,2020-08-16,16:00,4276,3,Regulier,0,4
17413,2020-08-16,16:30,322,18,Regulier,1,1
17414,2020-08-16,18:15,35,373,Regulier,3,1
17415,2020-08-16,19:00,7,19,Regulier,1,2
17416,2020-08-16,19:00,216,25,Regulier,0,1
17417,2020-08-16,19:00,4068,16,Regulier,1,2
17418,2020-08-16,19:00,22,31,Regulier,1,0
17419,2020-08-23,13:30,16,322,Regulier,0,0
17420,2020-08-23,16:00,3,13,Regulier,0,1
17421,2020-08-23,16:15,5381,4068,Regulier,4,1
17422,2020-08-23,18:15,35,216,Regulier,1,1
17423,2020-08-23,18:30,18,22,Regulier,1,3
17424,2020-08-23,18:30,25,12,Regulier,2,3
17425,2020-08-23,19:00,19,4276,Regulier,0,0
17426,2020-08-23,20:45,1,7,Regulier,1,0
17427,2020-08-23,20:45,373,31,Regulier,0,0
17428,2020-08-30,13:30,322,3,Regulier,1,2
17429,2020-08-30,16:00,13,16,Regulier,0,3
17430,2020-08-30,16:15,4276,373,Regulier,1,1
17431,2020-08-30,18:15,22,1,Regulier,2,0
17432,2020-08-30,18:30,4068,18,Regulier,1,3
17433,2020-08-30,18:30,12,19,Regulier,0,1
17434,2020-08-30,20:45,216,5381,Regulier,0,1
17435,2020-08-30,20:45,31,35,Regulier,2,2
17436,2020-08-30,20:45,7,25,Regulier,1,0
17437,2020-09-13,13:30,35,12,Regulier,2,0
17438,2020-09-13,16:00,373,1,Regulier,2,3
17439,2020-09-13,16:15,25,31,Regulier,0,1
17440,2020-09-13,18:15,5381,22,Regulier,0,2
17441,2020-09-13,18:30,18,16,Regulier,1,0
17442,2020-09-13,20:45,4276,7,Regulier,2,1
17443,2020-09-13,20:45,19,216,Regulier,3,0
17444,2020-09-13,20:45,3,4068,Regulier,4,1
17445,2020-09-13,20:45,13,322,Regulier,5,2
17446,2020-09-20,13:30,5381,3,Regulier,0,6
17447,2020-09-20,16:00,16,19,Regulier,2,1
17448,2020-09-20,16:15,31,18,Regulier,3,1
17449,2020-09-20,18:15,322,25,Regulier,3,1
17450,2020-09-20,18:30,216,7,Regulier,0,1
17451,2020-09-20,20:45,12,373,Regulier,3,0
17452,2020-09-20,20:45,22,13,Regulier,3,1
17453,2020-09-20,20:45,1,4276,Regulier,2,2
17454,2020-09-20,20:45,4068,35,Regulier,2,4
17455,2020-09-27,13:30,16,5381,Regulier,2,2
17456,2020-09-27,16:00,35,4276,Regulier,1,1
17457,2020-09-27,16:15,13,4068,Regulier,3,2
17458,2020-09-27,18:15,3,12,Regulier,2,1
17459,2020-09-27,18:30,25,373,Regulier,2,0
17460,2020-09-27,20:45,322,31,Regulier,2,2
17461,2020-09-27,20:45,7,18,Regulier,2,3
17462,2020-09-27,20:45,216,22,Regulier,1,1
17463,2020-09-27,20:45,19,1,Regulier,1,3
17464,2020-10-04,13:30,3,35,Regulier,3,0
17465,2020-10-04,16:00,7,13,Regulier,5,1
17466,2020-10-04,16:15,4068,322,Regulier,1,1
17467,2020-10-04,18:15,22,16,Regulier,1,2
17468,2020-10-04,18:30,4276,12,Regulier,1,2
17469,2020-10-04,18:30,18,5381,Regulier,2,1
17470,2020-10-04,20:45,373,19,Regulier,0,0
17471,2020-10-04,20:45,31,216,Regulier,3,0
17472,2020-10-04,20:45,1,25,Regulier,4,1
17473,2020-10-18,13:30,5381,1,Regulier,1,3
17474,2020-10-18,16:00,216,4276,Regulier,0,2
17475,2020-10-18,16:15,12,7,Regulier,5,2
17476,2020-10-18,17:00,4068,31,Regulier,2,0
17477,2020-10-18,18:15,322,22,Regulier,2,1
17478,2020-10-18,18:30,13,373,Regulier,6,3
17479,2020-10-18,18:30,25,19,Regulier,1,2
17480,2020-10-18,20:30,35,18,Regulier,2,2
17481,2020-10-18,20:45,16,3,Regulier,1,1
17482,2020-10-23,20:45,19,35,Regulier,1,3
17483,2020-10-24,20:45,18,3,Regulier,2,1
17484,2020-10-25,13:30,1,13,Regulier,3,2
17485,2020-10-25,16:00,31,5381,Regulier,3,0
17486,2020-10-25,17:00,12,216,Regulier,1,2
17487,2020-10-25,17:00,22,4068,Regulier,0,2
17488,2020-10-25,17:00,4276,25,Regulier,1,1
17489,2020-10-25,18:15,373,16,Regulier,2,0
17490,2020-10-25,20:45,7,322,Regulier,1,2
17491,2020-10-30,20:45,322,4276,Regulier,4,0
17492,2020-10-31,16:15,13,18,Regulier,4,2
17493,2020-10-31,18:30,22,12,Regulier,3,0
17494,2020-10-31,20:45,3,25,Regulier,2,2
17495,2020-11-01,13:30,35,1,Regulier,1,0
17496,2020-11-01,17:00,216,373,Regulier,3,2
17497,2020-11-01,18:15,16,31,Regulier,1,0
17498,2020-11-01,20:45,5381,19,Regulier,1,1
17499,2020-11-01,20:45,4068,7,Regulier,1,4
17500,2020-11-06,20:45,25,22,Regulier,3,3
17501,2020-11-07,16:15,19,13,Regulier,5,5
17502,2020-11-07,18:30,4276,4068,Regulier,1,1
17503,2020-11-07,20:45,373,322,Regulier,1,2
17504,2020-11-08,13:30,1,16,Regulier,1,1
17505,2020-11-08,16:00,31,3,Regulier,1,3
17506,2020-11-08,17:00,18,216,Regulier,2,0
17507,2020-11-08,18:15,7,35,Regulier,1,1
17508,2020-11-08,20:45,12,5381,Regulier,1,3
17509,2020-11-21,16:15,16,4276,Regulier,2,2
17510,2020-11-21,18:30,31,1,Regulier,1,1
17511,2020-11-21,18:30,4068,12,Regulier,0,2
17512,2020-11-21,20:45,3,19,Regulier,1,0
17513,2020-11-22,13:30,13,35,Regulier,2,1
17514,2020-11-22,16:00,5381,25,Regulier,1,2
17515,2020-11-22,18:15,22,7,Regulier,0,1
17516,2020-11-22,20:45,18,373,Regulier,2,2
17517,2020-11-22,20:45,322,216,Regulier,4,1
17518,2020-11-27,20:45,4276,22,Regulier,3,1
17519,2020-11-28,16:15,373,4068,Regulier,1,1
17520,2020-11-28,18:30,12,322,Regulier,1,5
17521,2020-11-28,20:45,216,3,Regulier,0,0
17522,2020-11-29,13:30,25,13,Regulier,2,3
17523,2020-11-29,16:00,7,5381,Regulier,0,3
17524,2020-11-29,18:15,35,16,Regulier,0,0
17525,2020-11-29,20:45,19,31,Regulier,3,1
17526,2020-11-29,20:45,1,18,Regulier,3,2
17527,2020-12-04,20:45,5381,35,Regulier,2,2
17528,2020-12-05,16:15,4068,216,Regulier,2,0
17529,2020-12-05,18:30,18,12,Regulier,2,1
17530,2020-12-05,20:45,3,373,Regulier,1,0
17531,2020-12-06,13:30,322,1,Regulier,4,2
17532,2020-12-06,16:00,13,4276,Regulier,0,1
17533,2020-12-06,18:15,16,25,Regulier,2,2
17534,2020-12-06,20:45,31,7,Regulier,2,1
17535,2020-12-06,20:45,22,19,Regulier,0,0
17536,2020-12-11,20:45,35,322,Regulier,1,0
17537,2020-12-12,16:15,216,13,Regulier,3,1
17538,2020-12-12,18:30,12,31,Regulier,0,1
17539,2020-12-12,18:30,19,18,Regulier,0,3
17540,2020-12-12,20:45,373,22,Regulier,1,2
17541,2020-12-13,13:30,1,3,Regulier,0,2
17542,2020-12-13,18:15,7,16,Regulier,2,1
17543,2020-12-13,20:45,25,4068,Regulier,2,3
17544,2020-12-13,20:45,4276,5381,Regulier,2,3
17545,2020-12-18,20:45,22,35,Regulier,1,0
17546,2020-12-19,18:30,5381,373,Regulier,0,2
17547,2020-12-19,20:45,322,19,Regulier,2,0
17548,2020-12-20,13:30,3,7,Regulier,0,1
17549,2020-12-20,16:00,18,25,Regulier,1,2
17550,2020-12-20,18:15,16,216,Regulier,0,1
17551,2020-12-20,18:30,13,12,Regulier,1,1
17552,2020-12-20,20:45,31,4276,Regulier,1,1
17553,2020-12-20,20:45,4068,1,Regulier,0,3
17554,2020-12-23,18:45,1,5381,Regulier,0,1
17555,2020-12-23,18:45,12,22,Regulier,3,4
17556,2020-12-23,18:45,216,18,Regulier,2,2
17557,2020-12-23,20:45,373,13,Regulier,1,0
17558,2020-12-23,20:45,25,3,Regulier,0,3
17559,2020-12-23,20:45,4276,322,Regulier,1,4
17560,2020-12-23,21:00,7,4068,Regulier,3,0
17561,2020-12-23,21:00,35,31,Regulier,2,1
17562,2020-12-23,21:00,19,16,Regulier,2,1
17563,2020-12-26,14:00,3,4276,Regulier,3,0
17564,2020-12-26,16:15,5381,12,Regulier,1,0
17565,2020-12-26,18:30,19,7,Regulier,1,0
17566,2020-12-26,18:30,18,31,Regulier,1,2
17567,2020-12-26,20:45,16,373,Regulier,1,2
17568,2020-12-27,13:30,1,22,Regulier,2,1
17569,2020-12-27,16:00,322,4068,Regulier,1,1
17570,2020-12-27,18:15,35,13,Regulier,2,0
17571,2020-12-27,20:45,25,216,Regulier,2,1
17572,2021-01-15,20:45,4276,35,Regulier,2,0
17573,2021-01-16,16:15,31,19,Regulier,2,1
17574,2021-01-16,18:30,216,322,Regulier,2,0
17575,2021-01-16,18:30,4068,5381,Regulier,1,5
17576,2021-01-16,20:45,22,25,Regulier,0,1
17577,2021-01-17,13:30,7,1,Regulier,0,1
17578,2021-01-17,16:00,12,16,Regulier,0,1
17579,2021-01-17,18:15,13,3,Regulier,0,3
17580,2021-01-17,20:45,373,18,Regulier,3,1
17581,2021-01-22,20:45,35,4068,Regulier,0,0
17582,2021-01-23,16:15,25,4276,Regulier,3,0
17583,2021-01-23,18:30,373,216,Regulier,0,2
17584,2021-01-23,18:30,19,12,Regulier,1,2
17585,2021-01-23,20:45,1,31,Regulier,1,2
17586,2021-01-24,13:30,3,322,Regulier,3,2
17587,2021-01-24,16:00,5381,13,Regulier,0,3
17588,2021-01-24,18:15,16,22,Regulier,3,2
17589,2021-01-24,20:45,18,7,Regulier,0,3
17590,2021-01-26,18:45,4276,1,Regulier,0,2
17591,2021-01-26,18:45,4068,25,Regulier,2,3
17592,2021-01-26,21:00,216,35,Regulier,1,1
17593,2021-01-27,18:45,13,19,Regulier,0,0
17594,2021-01-27,18:45,322,5381,Regulier,3,2
17595,2021-01-27,21:00,7,373,Regulier,1,1
17596,2021-01-27,21:00,22,18,Regulier,1,1
17597,2021-01-28,18:45,12,3,Regulier,1,2
17598,2021-01-28,21:00,31,16,Regulier,2,2
17599,2021-01-29,20:45,1,4068,Regulier,3,2
17600,2021-01-30,16:15,25,322,Regulier,0,0
17601,2021-01-30,18:30,4276,216,Regulier,1,1
17602,2021-01-30,18:30,18,13,Regulier,0,1
17603,2021-01-30,20:45,19,22,Regulier,1,3
17604,2021-01-31,13:30,3,16,Regulier,3,1
17605,2021-01-31,16:00,5381,31,Regulier,2,1
17606,2021-01-31,18:15,35,7,Regulier,0,0
17607,2021-01-31,20:45,373,12,Regulier,3,0
17608,2021-02-05,20:45,216,19,Regulier,0,3
17609,2021-02-06,16:15,31,373,Regulier,3,1
17610,2021-02-06,18:30,4068,3,Regulier,0,2
17611,2021-02-06,18:30,12,25,Regulier,0,1
17612,2021-02-06,20:45,16,18,Regulier,1,1
17613,2021-02-07,13:30,13,1,Regulier,1,2
17614,2021-02-07,16:00,22,5381,Regulier,1,1
17615,2021-02-07,18:15,322,35,Regulier,1,2
17616,2021-02-07,20:45,7,4276,Regulier,2,2
17617,2021-02-11,16:30,19,373,Regulier,0,2
17618,2021-02-11,18:45,4276,13,Regulier,3,1
17619,2021-02-11,18:45,216,4068,Regulier,1,1
17620,2021-02-11,18:45,5381,18,Regulier,2,3
17621,2021-02-11,18:45,25,16,Regulier,0,4
17622,2021-02-11,21:00,1,12,Regulier,1,0
17623,2021-02-11,21:00,3,31,Regulier,2,1
17624,2021-02-11,21:00,35,22,Regulier,3,0
17625,2021-02-11,21:00,322,7,Regulier,1,1
17626,2021-02-12,20:45,18,19,Regulier,3,1
17627,2021-02-13,18:30,373,5381,Regulier,1,2
17628,2021-02-14,13:30,16,1,Regulier,1,1
17629,2021-02-14,16:00,13,25,Regulier,1,2
17630,2021-02-14,17:00,4068,4276,Regulier,1,0
17631,2021-02-14,19:00,31,322,Regulier,3,1
17632,2021-02-14,20:45,12,35,Regulier,0,0
17633,2021-02-14,20:45,7,216,Regulier,4,0
17634,2021-02-14,20:45,22,3,Regulier,1,1
17635,2021-02-19,20:45,25,7,Regulier,1,1
17636,2021-02-20,16:15,4276,31,Regulier,1,1
17637,2021-02-20,18:30,216,12,Regulier,1,2
17638,2021-02-20,20:45,4068,22,Regulier,1,1
17639,2021-02-21,13:30,35,19,Regulier,0,2
17640,2021-02-21,16:00,5381,16,Regulier,3,2
17641,2021-02-21,18:15,322,13,Regulier,1,2
17642,2021-02-21,20:45,3,18,Regulier,3,0
17643,2021-02-21,20:45,1,373,Regulier,0,0
17644,2021-02-26,20:45,22,322,Regulier,1,2
17645,2021-02-27,16:15,12,4068,Regulier,2,0
17646,2021-02-27,18:30,31,25,Regulier,2,0
17647,2021-02-27,20:45,19,5381,Regulier,1,2
17648,2021-02-28,13:30,16,35,Regulier,1,3
17649,2021-02-28,16:00,13,216,Regulier,2,2
17650,2021-02-28,20:45,373,4276,Regulier,0,2
17651,2021-02-28,20:45,18,1,Regulier,2,0
17652,2021-02-28,20:45,7,3,Regulier,0,4
17653,2021-03-05,20:45,22,373,Regulier,0,0
17654,2021-03-06,16:15,4276,18,Regulier,3,3
17655,2021-03-06,18:30,4068,13,Regulier,1,2
17656,2021-03-06,20:45,1,19,Regulier,4,2
17657,2021-03-07,13:30,216,16,Regulier,1,0
17658,2021-03-07,16:00,3,5381,Regulier,3,0
17659,2021-03-07,18:15,35,25,Regulier,1,1
17660,2021-03-07,20:45,7,31,Regulier,1,0
17661,2021-03-07,20:45,322,12,Regulier,2,0
17662,2021-03-14,13:30,25,1,Regulier,3,0
17663,2021-03-14,16:00,13,7,Regulier,1,1
17664,2021-03-14,16:15,5381,216,Regulier,1,0
17665,2021-03-14,18:15,18,35,Regulier,1,0
17666,2021-03-14,18:30,12,4276,Regulier,1,2
17667,2021-03-14,18:30,19,322,Regulier,2,1
17668,2021-03-14,20:45,31,22,Regulier,3,2
17669,2021-03-14,20:45,373,3,Regulier,1,2
17670,2021-03-14,20:45,16,4068,Regulier,3,1
17671,2021-03-19,20:45,322,16,Regulier,2,2
17672,2021-03-20,18:30,216,31,Regulier,0,1
17673,2021-03-20,20:45,4276,19,Regulier,2,0
17674,2021-03-21,13:30,3,1,Regulier,0,2
17675,2021-03-21,16:00,25,18,Regulier,2,2
17676,2021-03-21,18:15,35,5381,Regulier,4,1
17677,2021-03-21,19:00,4068,373,Regulier,2,4
17678,2021-03-21,19:00,13,22,Regulier,2,1
17679,2021-03-21,20:45,7,12,Regulier,1,0
17680,2021-04-03,16:15,31,4068,Regulier,0,2
17681,2021-04-03,18:30,373,25,Regulier,2,1
17682,2021-04-03,20:45,19,3,Regulier,1,2
17683,2021-04-04,13:30,18,322,Regulier,2,3
17684,2021-04-04,13:30,12,13,Regulier,2,1
17685,2021-04-04,16:00,5381,4276,Regulier,2,1
17686,2021-04-04,18:15,1,35,Regulier,1,4
17687,2021-04-04,18:15,16,7,Regulier,2,1
17688,2021-04-04,20:45,22,216,Regulier,1,1
17689,2021-04-09,20:45,4276,16,Regulier,0,4
17690,2021-04-10,16:15,12,18,Regulier,3,0
17691,2021-04-10,18:30,25,5381,Regulier,4,2
17692,2021-04-10,20:45,7,22,Regulier,4,0
17693,2021-04-11,13:30,322,373,Regulier,4,0
17694,2021-04-11,16:00,4068,19,Regulier,3,4
17695,2021-04-11,18:15,35,3,Regulier,2,1
17696,2021-04-11,20:45,13,31,Regulier,1,2
17697,2021-04-11,20:45,216,1,Regulier,2,3
17698,2021-04-17,18:30,22,4276,Regulier,2,3
17699,2021-04-17,20:45,1,322,Regulier,3,2
17700,2021-04-18,18:00,18,4068,Regulier,1,2
17701,2021-04-18,18:00,3,216,Regulier,4,2
17702,2021-04-18,18:00,5381,7,Regulier,2,7
17703,2021-04-18,18:00,19,25,Regulier,1,4
17704,2021-04-18,18:00,16,13,Regulier,3,0
17705,2021-04-18,18:00,31,12,Regulier,1,1
17706,2021-04-18,18:00,373,35,Regulier,0,1
17707,2021-04-30,20:45,1,322,Playoff_1,2,3
17708,2021-05-01,20:45,31,16,Playoff_2,6,2
17709,2021-05-02,16:00,7,25,Playoff_2,2,2
17710,2021-05-02,18:30,3,35,Playoff_1,2,2
17711,2021-05-07,20:45,322,3,Playoff_1,3,0
17712,2021-05-08,18:30,16,7,Playoff_2,2,1
17713,2021-05-08,20:45,35,1,Playoff_1,2,2
17714,2021-05-09,16:00,25,31,Playoff_2,5,3
17715,2021-05-12,20:45,322,35,Playoff_1,1,1
17716,2021-05-13,13:30,7,31,Playoff_2,2,1
17717,2021-05-13,16:00,16,25,Playoff_2,1,2
17718,2021-05-13,18:30,1,3,Playoff_1,0,0
17719,2021-05-15,20:45,35,322,Playoff_1,1,2
17720,2021-05-16,13:30,31,7,Playoff_2,0,4
17721,2021-05-16,16:00,25,16,Playoff_2,3,1
17722,2021-05-16,18:30,3,1,Playoff_1,2,1
17723,2021-05-19,18:30,31,25,Playoff_2,2,2
17724,2021-05-19,21:00,7,16,Playoff_2,2,0
17725,2021-05-20,18:30,322,1,Playoff_1,4,0
17726,2021-05-20,21:00,35,3,Playoff_1,3,3
17727,2021-05-22,20:00,16,31,Playoff_2,1,3
17728,2021-05-22,20:00,25,7,Playoff_2,1,2
17729,2021-05-23,18:30,1,35,Playoff_1,1,0
17730,2021-05-23,18:30,3,322,Playoff_1,1,2
17731,2021-07-25,13:30,25,1,Regulier,3,2
17732,2021-07-25,16:00,3,4276,Regulier,2,2
17733,2021-07-25,16:15,18,5381,Regulier,1,1
17734,2021-07-25,18:30,19,17,Regulier,2,0
17735,2021-07-25,18:30,35,10,Regulier,1,3
17736,2021-07-25,20:00,13,12,Regulier,0,1
17737,2021-07-25,20:45,16,322,Regulier,1,1
17738,2021-07-25,20:45,31,22,Regulier,0,3
17739,2021-07-25,21:00,373,7,Regulier,2,1
17740,2021-08-01,13:30,10,3,Regulier,0,1
17741,2021-08-01,16:00,5381,16,Regulier,1,2
17742,2021-08-01,16:15,22,373,Regulier,0,0
17743,2021-08-01,18:30,12,18,Regulier,1,1
17744,2021-08-01,18:30,17,25,Regulier,1,0
17745,2021-08-01,18:30,7,13,Regulier,2,2
17746,2021-08-01,20:45,322,31,Regulier,3,4
17747,2021-08-01,20:45,4276,35,Regulier,1,1
17748,2021-08-01,21:00,1,19,Regulier,0,1
17749,2021-08-08,13:30,16,1,Regulier,2,5
17750,2021-08-08,16:00,18,22,Regulier,1,1
17751,2021-08-08,16:15,13,10,Regulier,0,3
17752,2021-08-08,18:30,25,4276,Regulier,1,3
17753,2021-08-08,18:30,373,5381,Regulier,1,3
17754,2021-08-08,18:30,35,17,Regulier,3,0
17755,2021-08-08,20:45,19,322,Regulier,1,2
17756,2021-08-08,20:45,3,12,Regulier,1,1
17757,2021-08-08,21:00,31,7,Regulier,1,0
17758,2021-08-15,13:30,13,16,Regulier,0,1
17759,2021-08-15,16:00,7,25,Regulier,2,0
17760,2021-08-15,16:15,10,19,Regulier,2,0
17761,2021-08-15,18:30,12,35,Regulier,1,2
17762,2021-08-15,18:30,17,31,Regulier,2,3
17763,2021-08-15,18:30,4276,373,Regulier,2,1
17764,2021-08-15,20:45,22,1,Regulier,1,1
17765,2021-08-15,20:45,322,18,Regulier,4,0
17766,2021-08-15,21:00,5381,3,Regulier,0,4
17767,2021-08-22,16:00,5381,22,Regulier,2,2
17768,2021-08-22,16:15,17,12,Regulier,2,1
17769,2021-08-22,18:30,18,4276,Regulier,1,4
17770,2021-08-22,18:30,3,13,Regulier,3,2
17771,2021-08-22,20:45,1,322,Regulier,4,2
17772,2021-08-22,20:45,373,19,Regulier,0,2
17773,2021-08-22,20:45,16,31,Regulier,1,0
17774,2021-08-22,20:45,35,7,Regulier,1,1
17775,2021-08-22,21:00,25,10,Regulier,3,1
17776,2021-08-29,13:30,7,3,Regulier,6,1
17777,2021-08-29,16:00,1,18,Regulier,2,2
17778,2021-08-29,16:15,22,13,Regulier,5,2
17779,2021-08-29,18:30,4276,17,Regulier,1,2
17780,2021-08-29,18:30,322,35,Regulier,1,0
17781,2021-08-29,18:30,12,373,Regulier,0,1
17782,2021-08-29,20:45,10,16,Regulier,4,0
17783,2021-08-29,20:45,19,25,Regulier,2,2
17784,2021-08-29,21:00,31,5381,Regulier,0,2
17785,2021-09-12,13:30,35,25,Regulier,7,2
17786,2021-09-12,16:00,7,22,Regulier,2,3
17787,2021-09-12,16:15,4276,1,Regulier,0,1
17788,2021-09-12,18:30,5381,12,Regulier,2,4
17789,2021-09-12,18:30,17,16,Regulier,0,1
17790,2021-09-12,20:00,13,373,Regulier,0,1
17791,2021-09-12,20:45,3,31,Regulier,3,0
17792,2021-09-12,21:00,322,10,Regulier,1,1
17793,2021-09-12,21:00,18,19,Regulier,2,1
17794,2021-09-19,13:30,373,322,Regulier,1,2
17795,2021-09-19,16:00,1,17,Regulier,2,1
17796,2021-09-19,16:15,31,13,Regulier,3,1
17797,2021-09-19,18:30,25,18,Regulier,2,0
17798,2021-09-19,18:30,10,5381,Regulier,2,1
17799,2021-09-19,18:30,16,35,Regulier,0,1
17800,2021-09-19,20:45,12,4276,Regulier,1,2
17801,2021-09-19,20:45,22,3,Regulier,0,1
17802,2021-09-19,21:00,19,7,Regulier,1,0
17803,2021-09-26,13:30,10,1,Regulier,1,2
17804,2021-09-26,16:00,7,12,Regulier,2,1
17805,2021-09-26,16:15,13,4276,Regulier,0,3
17806,2021-09-26,18:30,31,35,Regulier,2,2
17807,2021-09-26,18:30,5381,19,Regulier,2,2
17808,2021-09-26,20:45,3,18,Regulier,1,1
17809,2021-09-26,20:45,16,373,Regulier,1,2
17810,2021-09-26,21:00,322,17,Regulier,3,0
17811,2021-09-26,21:00,22,25,Regulier,0,2
17812,2021-10-01,20:45,25,16,Regulier,3,1
17813,2021-10-02,16:15,19,22,Regulier,2,2
17814,2021-10-02,18:30,12,10,Regulier,0,3
17815,2021-10-02,18:30,373,31,Regulier,1,1
17816,2021-10-02,20:45,18,13,Regulier,0,0
17817,2021-10-03,13:30,35,3,Regulier,1,1
17818,2021-10-03,16:00,17,5381,Regulier,5,1
17819,2021-10-03,18:30,1,7,Regulier,1,0
17820,2021-10-03,21:00,4276,322,Regulier,3,2
17821,2021-10-15,20:45,3,19,Regulier,2,0
17822,2021-10-16,16:15,10,17,Regulier,4,2
17823,2021-10-16,18:30,5381,1,Regulier,2,1
17824,2021-10-16,18:30,31,12,Regulier,2,1
17825,2021-10-16,20:45,16,18,Regulier,2,2
17826,2021-10-17,13:30,373,35,Regulier,2,2
17827,2021-10-17,16:00,13,25,Regulier,0,1
17828,2021-10-17,18:30,22,322,Regulier,2,0
17829,2021-10-17,21:00,7,4276,Regulier,2,0
17830,2021-10-22,20:45,17,22,Regulier,1,3
17831,2021-10-23,16:15,12,16,Regulier,1,1
17832,2021-10-23,18:30,25,5381,Regulier,2,2
17833,2021-10-23,18:30,19,31,Regulier,1,0
17834,2021-10-23,20:45,4276,10,Regulier,2,3
17835,2021-10-24,13:30,1,3,Regulier,1,1
17836,2021-10-24,16:00,35,13,Regulier,4,2
17837,2021-10-24,18:30,322,7,Regulier,0,3
17838,2021-10-24,21:00,18,373,Regulier,4,1
17839,2021-10-29,20:45,31,25,Regulier,2,4
17840,2021-10-30,16:15,22,4276,Regulier,3,0
17841,2021-10-30,18:30,16,19,Regulier,1,1
17842,2021-10-30,18:30,13,17,Regulier,3,0
17843,2021-10-30,20:45,373,3,Regulier,1,2
17844,2021-10-31,13:30,5381,322,Regulier,2,6
17845,2021-10-31,16:00,12,1,Regulier,0,1
17846,2021-10-31,18:30,35,18,Regulier,2,2
17847,2021-10-31,21:00,7,10,Regulier,0,2
17848,2021-11-05,20:45,18,31,Regulier,1,0
17849,2021-11-06,16:15,4276,5381,Regulier,1,1
17850,2021-11-06,18:30,25,373,Regulier,0,1
17851,2021-11-06,18:30,19,13,Regulier,1,1
17852,2021-11-06,20:45,10,22,Regulier,4,0
17853,2021-11-07,13:30,3,16,Regulier,2,2
17854,2021-11-07,16:00,17,7,Regulier,0,0
17855,2021-11-07,18:30,1,35,Regulier,2,0
17856,2021-11-07,21:00,322,12,Regulier,1,1
17857,2021-11-19,20:45,25,3,Regulier,2,1
17858,2021-11-20,16:15,12,22,Regulier,1,2
17859,2021-11-20,18:30,18,17,Regulier,1,3
17860,2021-11-20,18:30,5381,7,Regulier,1,2
17861,2021-11-20,20:45,16,4276,Regulier,1,0
17862,2021-11-21,13:30,35,19,Regulier,1,1
17863,2021-11-21,16:00,373,1,Regulier,2,1
17864,2021-11-21,18:30,31,10,Regulier,1,7
17865,2021-11-21,21:00,13,322,Regulier,2,0
17866,2021-11-26,20:45,10,18,Regulier,1,3
17867,2021-11-27,16:15,17,373,Regulier,2,0
17868,2021-11-27,18:30,4276,19,Regulier,2,2
17869,2021-11-27,18:30,12,25,Regulier,3,1
17870,2021-11-27,20:45,22,35,Regulier,1,3
17871,2021-11-28,13:30,322,3,Regulier,2,3
17872,2021-11-28,16:00,5381,13,Regulier,2,0
17873,2021-11-28,18:30,7,16,Regulier,3,1
17874,2021-11-28,21:00,1,31,Regulier,3,0
17875,2021-12-03,20:45,373,10,Regulier,1,2
17876,2021-12-04,16:15,18,7,Regulier,0,1
17877,2021-12-04,18:30,19,12,Regulier,0,2
17878,2021-12-04,18:30,31,4276,Regulier,2,1
17879,2021-12-04,20:45,3,17,Regulier,3,2
17880,2021-12-05,13:30,13,1,Regulier,0,1
17881,2021-12-05,16:00,35,5381,Regulier,3,2
17882,2021-12-05,18:30,16,22,Regulier,0,3
17883,2021-12-05,21:00,25,322,Regulier,1,1
17884,2021-12-10,20:45,22,31,Regulier,1,0
17885,2021-12-11,16:15,19,18,Regulier,2,1
17886,2021-12-11,18:30,373,12,Regulier,1,2
17887,2021-12-11,18:30,4276,13,Regulier,1,0
17888,2021-12-11,20:45,17,35,Regulier,0,5
17889,2021-12-12,13:30,1,16,Regulier,2,3
17890,2021-12-12,16:00,10,25,Regulier,2,0
17891,2021-12-12,18:30,7,322,Regulier,1,0
17892,2021-12-12,21:00,3,5381,Regulier,3,0
17893,2021-12-14,18:45,12,17,Regulier,2,0
17894,2021-12-14,21:00,35,373,Regulier,2,0
17895,2021-12-14,21:00,31,19,Regulier,0,2
17896,2021-12-15,18:45,5381,10,Regulier,0,2
17897,2021-12-15,18:45,25,7,Regulier,4,3
17898,2021-12-15,21:00,18,3,Regulier,1,4
17899,2021-12-16,18:45,16,13,Regulier,1,0
17900,2021-12-16,18:45,1,4276,Regulier,4,2
17901,2021-12-16,21:00,322,22,Regulier,4,2
17902,2021-12-17,20:45,17,19,Regulier,0,2
17903,2021-12-18,16:15,13,31,Regulier,0,2
17904,2021-12-18,18:30,10,12,Regulier,3,2
17905,2021-12-18,18:30,5381,25,Regulier,3,2
17906,2021-12-18,20:45,7,373,Regulier,2,1
17907,2021-12-19,13:30,3,35,Regulier,2,2
17908,2021-12-19,16:00,4276,22,Regulier,0,4
17909,2021-12-19,18:30,322,1,Regulier,1,1
17910,2021-12-19,21:00,18,16,Regulier,2,1
17911,2021-12-26,13:30,12,3,Regulier,2,0
17912,2021-12-26,16:00,16,5381,Regulier,0,1
17913,2021-12-26,18:30,10,7,Regulier,0,0
17914,2021-12-26,18:45,22,18,Regulier,0,3
17915,2021-12-26,18:45,25,17,Regulier,2,0
17916,2021-12-26,18:45,19,1,Regulier,0,2
17917,2021-12-26,21:00,373,4276,Regulier,2,0
17918,2021-12-26,21:00,13,35,Regulier,0,7
17919,2021-12-26,21:00,31,322,Regulier,0,4
17920,2022-01-14,20:45,7,19,Regulier,2,2
17921,2022-01-15,16:15,18,25,Regulier,5,0
17922,2022-01-15,20:45,3,373,Regulier,2,0
17923,2022-01-16,13:30,1,22,Regulier,3,0
17924,2022-01-16,16:00,4276,12,Regulier,0,2
17925,2022-01-16,18:30,35,16,Regulier,1,1
17926,2022-01-16,18:45,5381,31,Regulier,0,0
17927,2022-01-16,20:00,17,10,Regulier,0,4
17928,2022-01-16,21:00,322,13,Regulier,4,1
17929,2022-01-21,20:45,31,1,Regulier,1,2
17930,2022-01-22,16:15,19,4276,Regulier,1,1
17931,2022-01-22,18:30,13,18,Regulier,3,1
17932,2022-01-22,18:30,373,17,Regulier,3,1
17933,2022-01-22,20:45,22,7,Regulier,0,0
17934,2022-01-23,13:30,16,3,Regulier,2,2
17935,2022-01-23,16:00,10,322,Regulier,2,1
17936,2022-01-23,18:30,25,35,Regulier,0,1
17937,2022-01-23,21:00,12,5381,Regulier,3,1
17938,2022-01-25,18:45,1,373,Regulier,1,1
17939,2022-01-25,21:00,7,31,Regulier,1,1
17940,2022-01-25,21:00,22,19,Regulier,1,1
17941,2022-01-26,18:45,5381,18,Regulier,1,1
17942,2022-01-26,18:45,4276,16,Regulier,0,2
17943,2022-01-26,21:00,35,12,Regulier,0,2
17944,2022-01-26,21:00,17,13,Regulier,2,1
17945,2022-01-27,18:45,322,25,Regulier,4,1
17946,2022-01-27,20:45,3,10,Regulier,0,0
17947,2022-01-28,20:45,373,22,Regulier,0,1
17948,2022-01-29,16:15,13,5381,Regulier,3,3
17949,2022-01-29,18:30,17,4276,Regulier,0,0
17950,2022-01-29,20:45,12,31,Regulier,0,1
17951,2022-01-30,13:30,10,35,Regulier,1,0
17952,2022-01-30,16:00,7,1,Regulier,0,1
17953,2022-01-30,18:30,16,25,Regulier,1,2
17954,2022-01-30,21:00,19,3,Regulier,0,1
17955,2022-01-30,21:00,18,322,Regulier,2,1
17956,2022-02-04,20:45,22,17,Regulier,2,0
17957,2022-02-05,16:15,19,373,Regulier,1,3
17958,2022-02-05,18:30,16,12,Regulier,1,1
17959,2022-02-05,18:30,31,18,Regulier,1,3
17960,2022-02-05,20:45,1,10,Regulier,0,2
17961,2022-02-06,13:30,3,7,Regulier,1,2
17962,2022-02-06,16:00,25,13,Regulier,3,2
17963,2022-02-06,18:30,35,4276,Regulier,4,1
17964,2022-02-06,21:00,322,5381,Regulier,2,0
17965,2022-02-11,20:45,17,1,Regulier,0,1
17966,2022-02-12,16:15,4276,7,Regulier,0,1
17967,2022-02-12,18:30,25,31,Regulier,3,0
17968,2022-02-12,18:30,18,12,Regulier,3,2
17969,2022-02-12,20:45,5381,35,Regulier,1,2
17970,2022-02-13,13:30,322,16,Regulier,2,0
17971,2022-02-13,16:00,10,373,Regulier,0,1
17972,2022-02-13,18:30,3,22,Regulier,2,0
17973,2022-02-13,21:00,13,19,Regulier,2,1
17974,2022-02-19,16:15,12,13,Regulier,2,0
17975,2022-02-19,18:30,31,16,Regulier,1,0
17976,2022-02-19,18:30,19,5381,Regulier,5,0
17977,2022-02-19,20:45,22,10,Regulier,0,3
17978,2022-02-20,13:30,1,25,Regulier,1,2
17979,2022-02-20,16:00,4276,3,Regulier,1,3
17980,2022-02-20,18:30,35,322,Regulier,2,0
17981,2022-02-20,18:45,7,17,Regulier,4,0
17982,2022-02-20,21:00,373,18,Regulier,2,0
17983,2022-02-25,20:45,13,22,Regulier,2,3
17984,2022-02-26,16:15,10,4276,Regulier,0,0
17985,2022-02-26,18:30,31,373,Regulier,0,0
17986,2022-02-26,18:30,25,12,Regulier,2,2
17987,2022-02-26,20:45,18,35,Regulier,0,0
17988,2022-02-27,13:30,3,1,Regulier,4,1
17989,2022-02-27,16:00,322,19,Regulier,2,0
17990,2022-02-27,18:30,16,7,Regulier,0,1
17991,2022-02-27,21:00,5381,17,Regulier,1,0
17992,2022-03-04,20:45,373,25,Regulier,1,1
17993,2022-03-05,16:15,12,322,Regulier,2,2
17994,2022-03-05,18:30,19,10,Regulier,2,3
17995,2022-03-05,20:45,17,3,Regulier,0,5
17996,2022-03-06,13:30,1,13,Regulier,2,1
17997,2022-03-06,16:00,35,31,Regulier,3,0
17998,2022-03-06,18:30,22,16,Regulier,0,0
17999,2022-03-06,21:00,4276,18,Regulier,3,1
18000,2022-03-06,21:00,7,5381,Regulier,2,1
18001,2022-03-11,20:45,18,10,Regulier,1,4
18002,2022-03-12,16:15,25,22,Regulier,2,2
18003,2022-03-12,18:30,12,19,Regulier,2,0
18004,2022-03-12,18:30,5381,4276,Regulier,3,0
18005,2022-03-12,20:45,31,3,Regulier,1,3
18006,2022-03-13,13:30,35,1,Regulier,2,1
18007,2022-03-13,16:00,322,373,Regulier,0,1
18008,2022-03-13,18:30,13,7,Regulier,0,2
18009,2022-03-13,21:00,16,17,Regulier,0,1
18010,2022-03-18,20:45,10,31,Regulier,1,1
18011,2022-03-19,16:15,4276,25,Regulier,1,1
18012,2022-03-19,18:30,17,18,Regulier,1,1
18013,2022-03-19,18:30,22,12,Regulier,5,0
18014,2022-03-19,20:45,1,5381,Regulier,1,0
18015,2022-03-20,13:30,3,322,Regulier,3,1
18016,2022-03-20,16:00,19,16,Regulier,0,1
18017,2022-03-20,18:30,7,35,Regulier,1,0
18018,2022-03-20,21:00,373,13,Regulier,3,2
18019,2022-04-01,20:45,13,3,Regulier,1,3
18020,2022-04-02,16:15,5381,373,Regulier,0,2
18021,2022-04-02,18:30,31,17,Regulier,2,2
18022,2022-04-02,18:30,25,19,Regulier,3,2
18023,2022-04-02,20:45,18,1,Regulier,0,1
18024,2022-04-03,13:30,16,10,Regulier,1,3
18025,2022-04-03,16:00,12,7,Regulier,2,2
18026,2022-04-03,18:30,35,22,Regulier,4,0
18027,2022-04-03,21:00,322,4276,Regulier,5,0
18028,2022-04-09,18:30,4276,31,Regulier,0,2
18029,2022-04-09,20:45,1,12,Regulier,1,1
18030,2022-04-10,18:30,19,35,Regulier,2,3
18031,2022-04-10,18:30,17,322,Regulier,0,2
18032,2022-04-10,18:30,3,25,Regulier,2,0
18033,2022-04-10,18:30,7,18,Regulier,5,0
18034,2022-04-10,18:30,10,13,Regulier,5,0
18035,2022-04-10,18:30,22,5381,Regulier,3,0
18036,2022-04-10,18:30,373,16,Regulier,3,0
18037,2022-04-23,20:45,25,22,Playoff_2,1,0
18038,2022-04-24,13:30,3,1,Playoff_1,1,0
18039,2022-04-24,16:00,7,322,Playoff_2,0,1
18040,2022-04-24,18:30,10,35,Playoff_1,3,1
18041,2022-04-29,20:45,322,25,Playoff_2,4,2
18042,2022-04-30,18:30,22,7,Playoff_2,1,3
18043,2022-05-01,13:30,1,10,Playoff_1,0,0
18044,2022-05-01,18:30,35,3,Playoff_1,0,0
18045,2022-05-06,20:45,22,322,Playoff_2,2,2
18046,2022-05-07,20:45,7,25,Playoff_2,1,0
18047,2022-05-08,13:30,10,3,Playoff_1,0,2
18048,2022-05-08,18:30,1,35,Playoff_1,0,4
18049,2022-05-10,18:45,25,7,Playoff_2,1,2
18050,2022-05-10,21:00,322,22,Playoff_2,3,2
18051,2022-05-11,20:30,3,10,Playoff_1,1,0
18052,2022-05-12,20:30,35,1,Playoff_1,2,1
18053,2022-05-14,20:45,22,25,Playoff_2,3,2
18054,2022-05-15,13:30,1,3,Playoff_1,1,3
18055,2022-05-15,16:00,322,7,Playoff_2,0,2
18056,2022-05-15,18:30,35,10,Playoff_1,0,2
18057,2022-05-21,20:45,25,322,Playoff_2,0,0
18058,2022-05-21,20:45,7,22,Playoff_2,1,2
18059,2022-05-22,16:00,10,1,Playoff_1,0,1
18060,2022-05-22,18:30,3,35,Playoff_1,1,1
18061,2022-07-24,13:30,3,322,Regulier,3,2
18062,2022-07-24,16:00,22,4276,Regulier,3,1
18063,2022-07-24,16:00,25,1,Regulier,0,2
18064,2022-07-24,18:15,5381,17,Regulier,2,0
18065,2022-07-24,18:15,19,18,Regulier,0,2
18066,2022-07-24,18:30,35,31,Regulier,2,0
18067,2022-07-24,20:45,16,7,Regulier,2,2
18068,2022-07-24,20:45,373,10,Regulier,1,1
18069,2022-07-24,21:00,2024,12,Regulier,2,0
18070,2022-07-31,13:30,322,16,Regulier,3,1
18071,2022-07-31,16:00,4276,3,Regulier,2,1
18072,2022-07-31,16:00,12,35,Regulier,1,0
18073,2022-07-31,18:15,18,2024,Regulier,2,0
18074,2022-07-31,18:15,31,25,Regulier,2,1
18075,2022-07-31,18:30,17,19,Regulier,0,1
18076,2022-07-31,20:45,7,373,Regulier,1,1
18077,2022-07-31,20:45,10,22,Regulier,1,0
18078,2022-07-31,21:00,1,5381,Regulier,1,0
18079,2022-08-07,13:30,16,12,Regulier,2,0
18080,2022-08-07,16:00,7,2024,Regulier,2,1
18081,2022-08-07,16:00,322,4276,Regulier,4,2
18082,2022-08-07,18:15,19,373,Regulier,0,0
18083,2022-08-07,18:15,22,31,Regulier,1,3
18084,2022-08-07,18:30,35,17,Regulier,3,1
18085,2022-08-07,20:45,3,5381,Regulier,1,1
18086,2022-08-07,20:45,25,10,Regulier,3,0
18087,2022-08-07,21:00,1,18,Regulier,4,2
18088,2022-08-14,13:30,373,35,Regulier,0,3
18089,2022-08-14,16:00,4276,1,Regulier,0,1
18090,2022-08-14,16:00,2024,16,Regulier,4,2
18091,2022-08-14,18:15,12,25,Regulier,0,0
18092,2022-08-14,18:15,17,22,Regulier,0,1
18093,2022-08-14,18:30,18,3,Regulier,0,3
18094,2022-08-14,20:45,10,19,Regulier,2,1
18095,2022-08-14,20:45,31,7,Regulier,1,3
18096,2022-08-14,21:00,5381,322,Regulier,1,4
18097,2022-08-21,13:30,3,19,Regulier,2,1
18098,2022-08-21,16:00,31,373,Regulier,0,1
18099,2022-08-21,16:00,5381,22,Regulier,1,3
18100,2022-08-21,18:15,322,12,Regulier,2,1
18101,2022-08-21,18:30,16,18,Regulier,1,3
18102,2022-08-21,20:30,1,10,Regulier,4,2
18103,2022-08-21,20:30,35,7,Regulier,0,1
18104,2022-08-21,20:45,4276,17,Regulier,1,3
18105,2022-08-21,21:00,25,2024,Regulier,5,4
18106,2022-08-28,13:30,7,1,Regulier,1,2
18107,2022-08-28,16:00,17,322,Regulier,0,4
18108,2022-08-28,16:00,19,16,Regulier,0,1
18109,2022-08-28,18:15,12,5381,Regulier,1,1
18110,2022-08-28,18:15,18,31,Regulier,2,1
18111,2022-08-28,18:30,10,35,Regulier,2,1
18112,2022-08-28,20:45,22,3,Regulier,1,3
18113,2022-08-28,20:45,373,25,Regulier,3,1
18114,2022-08-28,21:00,2024,4276,Regulier,0,1
18115,2022-09-04,13:30,35,18,Regulier,2,2
18116,2022-09-04,16:00,1,2024,Regulier,3,0
18117,2022-09-04,16:00,322,373,Regulier,0,0
18118,2022-09-04,18:15,25,17,Regulier,2,3
18119,2022-09-04,18:15,4276,19,Regulier,0,1
18120,2022-09-04,18:30,22,7,Regulier,2,1
18121,2022-09-04,20:45,16,31,Regulier,1,0
18122,2022-09-04,20:45,3,12,Regulier,4,0
18123,2022-09-04,21:00,5381,10,Regulier,1,3
18124,2022-09-11,13:30,2024,35,Regulier,2,1
18125,2022-09-11,16:00,19,25,Regulier,1,4
18126,2022-09-11,16:00,12,1,Regulier,0,2
18127,2022-09-11,18:15,31,4276,Regulier,1,0
18128,2022-09-11,18:15,17,3,Regulier,0,2
18129,2022-09-11,18:30,10,322,Regulier,1,2
18130,2022-09-11,20:45,18,22,Regulier,3,2
18131,2022-09-11,20:45,373,16,Regulier,1,2
18132,2022-09-11,21:00,7,5381,Regulier,2,0
18133,2022-09-18,13:30,322,7,Regulier,1,0
18134,2022-09-18,16:00,25,18,Regulier,0,0
18135,2022-09-18,16:00,4276,10,Regulier,1,2
18136,2022-09-18,18:15,12,31,Regulier,2,2
18137,2022-09-18,18:15,5381,373,Regulier,0,3
18138,2022-09-18,18:30,16,3,Regulier,3,0
18139,2022-09-18,20:45,1,17,Regulier,2,1
18140,2022-09-18,20:45,22,2024,Regulier,2,3
18141,2022-09-18,21:00,35,19,Regulier,4,1
18142,2022-09-30,20:45,16,17,Regulier,0,2
18143,2022-10-01,16:00,18,10,Regulier,0,3
18144,2022-10-01,18:15,2024,5381,Regulier,2,0
18145,2022-10-01,18:15,31,322,Regulier,1,2
18146,2022-10-01,20:45,3,25,Regulier,3,0
18147,2022-10-02,13:30,35,22,Regulier,0,1
18148,2022-10-02,16:00,7,12,Regulier,3,4
18149,2022-10-02,18:30,19,1,Regulier,2,1
18150,2022-10-02,21:00,373,4276,Regulier,0,1
18151,2022-10-07,20:45,1,373,Regulier,2,0
18152,2022-10-08,16:00,322,19,Regulier,2,1
18153,2022-10-08,18:15,5381,18,Regulier,2,5
18154,2022-10-08,18:15,17,31,Regulier,1,1
18155,2022-10-08,20:45,3,2024,Regulier,0,2
18156,2022-10-09,13:30,25,35,Regulier,1,3
18157,2022-10-09,16:00,4276,7,Regulier,0,4
18158,2022-10-09,18:30,22,16,Regulier,0,1
18159,2022-10-09,21:00,10,12,Regulier,2,1
18160,2022-10-14,20:45,2024,17,Regulier,2,2
18161,2022-10-15,16:00,19,5381,Regulier,1,3
18162,2022-10-15,18:15,12,4276,Regulier,5,1
18163,2022-10-15,18:15,373,22,Regulier,2,1
18164,2022-10-15,20:45,18,322,Regulier,0,1
18165,2022-10-16,13:30,16,1,Regulier,3,0
18166,2022-10-16,16:00,7,25,Regulier,3,0
18167,2022-10-16,18:30,35,3,Regulier,0,1
18168,2022-10-16,21:00,31,10,Regulier,1,6
18169,2022-10-18,18:30,22,19,Regulier,2,2
18170,2022-10-18,18:30,4276,18,Regulier,4,2
18171,2022-10-18,20:45,322,2024,Regulier,6,1
18172,2022-10-18,20:45,17,12,Regulier,0,1
18173,2022-10-19,18:30,10,7,Regulier,2,0
18174,2022-10-19,20:45,3,373,Regulier,3,0
18175,2022-10-19,20:45,25,16,Regulier,2,0
18176,2022-10-20,18:30,1,31,Regulier,3,0
18177,2022-10-20,20:45,5381,35,Regulier,3,2
18178,2022-10-21,20:45,12,22,Regulier,4,1
18179,2022-10-22,16:00,19,2024,Regulier,0,2
18180,2022-10-22,18:15,25,4276,Regulier,2,1
18181,2022-10-22,18:15,373,18,Regulier,0,0
18182,2022-10-22,20:45,10,3,Regulier,2,2
18183,2022-10-23,13:30,1,322,Regulier,1,3
18184,2022-10-23,16:00,7,17,Regulier,2,1
18185,2022-10-23,18:30,16,35,Regulier,5,0
18186,2022-10-23,21:00,31,5381,Regulier,2,1
18187,2022-10-28,20:45,322,25,Regulier,3,1
18188,2022-10-29,16:00,5381,16,Regulier,0,3
18189,2022-10-29,18:15,19,12,Regulier,1,1
18190,2022-10-29,18:15,2024,373,Regulier,2,3
18191,2022-10-29,20:45,3,31,Regulier,4,2
18192,2022-10-30,13:30,35,4276,Regulier,4,2
18193,2022-10-30,16:00,17,10,Regulier,1,2
18194,2022-10-30,18:30,18,7,Regulier,1,1
18195,2022-10-30,21:00,22,1,Regulier,1,0
18196,2022-11-04,20:45,322,22,Regulier,4,1
18197,2022-11-05,16:00,25,5381,Regulier,2,2
18198,2022-11-05,18:15,12,18,Regulier,2,1
18199,2022-11-05,18:15,17,373,Regulier,1,2
18200,2022-11-05,20:45,4276,16,Regulier,2,0
18201,2022-11-06,13:30,7,3,Regulier,2,0
18202,2022-11-06,16:00,10,2024,Regulier,1,1
18203,2022-11-06,18:30,1,35,Regulier,0,0
18204,2022-11-06,21:00,31,19,Regulier,3,1
18205,2022-11-11,20:45,18,17,Regulier,5,0
18206,2022-11-12,16:00,2024,31,Regulier,6,0
18207,2022-11-12,18:15,5381,4276,Regulier,5,5
18208,2022-11-12,18:15,373,12,Regulier,0,1
18209,2022-11-12,20:45,22,25,Regulier,0,5
18210,2022-11-13,13:30,3,1,Regulier,2,2
18211,2022-11-13,16:00,16,10,Regulier,2,3
18212,2022-11-13,18:30,35,322,Regulier,0,2
18213,2022-11-13,21:00,19,7,Regulier,0,4
18214,2022-12-23,18:30,17,4276,Regulier,0,1
18215,2022-12-23,20:30,7,16,Regulier,0,0
18216,2022-12-23,20:30,25,12,Regulier,1,1
18217,2022-12-25,13:30,3,18,Regulier,1,1
18218,2022-12-25,16:00,10,31,Regulier,3,0
18219,2022-12-25,18:15,19,322,Regulier,1,0
18220,2022-12-25,20:00,373,5381,Regulier,2,0
18221,2022-12-25,20:00,2024,1,Regulier,3,3
18222,2022-12-25,20:45,22,35,Regulier,0,1
18223,2023-01-06,20:45,16,373,Regulier,1,1
18224,2023-01-07,16:00,4276,22,Regulier,1,2
18225,2023-01-07,18:15,31,17,Regulier,1,2
18226,2023-01-07,18:15,12,2024,Regulier,0,1
18227,2023-01-07,20:45,1,7,Regulier,2,0
18228,2023-01-08,13:30,322,3,Regulier,3,1
18229,2023-01-08,16:00,5381,25,Regulier,2,0
18230,2023-01-08,18:30,35,10,Regulier,1,3
18231,2023-01-08,21:00,18,19,Regulier,2,3
18232,2023-01-13,20:45,2024,18,Regulier,1,2
18233,2023-01-14,16:00,17,16,Regulier,1,1
18234,2023-01-14,18:15,25,31,Regulier,2,1
18235,2023-01-14,18:15,4276,373,Regulier,0,2
18236,2023-01-14,20:45,322,5381,Regulier,1,0
18237,2023-01-15,13:30,3,35,Regulier,1,1
18238,2023-01-15,16:00,7,19,Regulier,2,1
18239,2023-01-15,18:30,10,1,Regulier,2,0
18240,2023-01-15,21:00,22,12,Regulier,2,1
18241,2023-01-17,18:30,18,4276,Regulier,1,1
18242,2023-01-17,20:45,2024,322,Regulier,2,3
18243,2023-01-17,20:45,16,25,Regulier,2,0
18244,2023-01-18,18:30,31,1,Regulier,0,3
18245,2023-01-18,18:30,12,10,Regulier,1,1
18246,2023-01-18,20:45,35,5381,Regulier,2,3
18247,2023-01-18,20:45,19,17,Regulier,3,2
18248,2023-01-19,18:30,7,22,Regulier,0,0
18249,2023-01-19,20:45,373,3,Regulier,1,1
18250,2023-01-21,16:00,5381,2024,Regulier,1,1
18251,2023-01-21,18:15,25,19,Regulier,3,2
18252,2023-01-21,18:15,31,12,Regulier,1,2
18253,2023-01-21,20:45,10,18,Regulier,1,0
18254,2023-01-22,13:30,1,16,Regulier,4,1
18255,2023-01-22,16:00,17,35,Regulier,0,1
18256,2023-01-22,18:30,3,22,Regulier,2,2
18257,2023-01-22,18:45,4276,322,Regulier,1,1
18258,2023-01-22,21:00,373,7,Regulier,0,3
18259,2023-01-27,20:45,16,4276,Regulier,3,1
18260,2023-01-28,16:00,2024,25,Regulier,2,0
18261,2023-01-28,18:15,18,373,Regulier,1,1
18262,2023-01-28,18:15,19,31,Regulier,2,2
18263,2023-01-28,20:45,22,10,Regulier,0,1
18264,2023-01-29,13:30,35,1,Regulier,0,0
18265,2023-01-29,16:00,12,7,Regulier,3,2
18266,2023-01-29,18:30,5381,3,Regulier,1,2
18267,2023-01-29,21:00,322,17,Regulier,4,0
18268,2023-02-03,20:45,31,35,Regulier,0,2
18269,2023-02-04,16:00,12,16,Regulier,1,1
18270,2023-02-04,18:15,17,18,Regulier,2,1
18271,2023-02-04,18:15,4276,2024,Regulier,1,1
18272,2023-02-04,20:45,373,19,Regulier,1,0
18273,2023-02-05,13:30,1,3,Regulier,0,0
18274,2023-02-05,16:00,25,22,Regulier,2,2
18275,2023-02-05,18:30,7,322,Regulier,2,3
18276,2023-02-05,19:15,10,5381,Regulier,4,0
18277,2023-02-10,20:00,18,12,Regulier,0,0
18278,2023-02-10,20:45,3,10,Regulier,1,1
18279,2023-02-10,20:45,4276,25,Regulier,2,1
18280,2023-02-11,16:00,2024,7,Regulier,3,3
18281,2023-02-11,18:15,22,17,Regulier,3,0
18282,2023-02-12,13:30,322,1,Regulier,0,1
18283,2023-02-12,16:00,35,373,Regulier,3,1
18284,2023-02-12,18:30,16,19,Regulier,0,2
18285,2023-02-12,19:15,5381,31,Regulier,1,1
18286,2023-02-17,20:45,25,322,Regulier,2,2
18287,2023-02-18,16:00,1,4276,Regulier,2,0
18288,2023-02-18,18:15,31,22,Regulier,0,0
18289,2023-02-18,18:15,17,5381,Regulier,1,1
18290,2023-02-18,20:45,10,16,Regulier,2,4
18291,2023-02-19,13:30,12,3,Regulier,2,2
18292,2023-02-19,16:00,7,18,Regulier,2,0
18293,2023-02-19,18:30,19,35,Regulier,2,2
18294,2023-02-19,19:15,373,2024,Regulier,0,1
18295,2023-02-24,20:45,5381,19,Regulier,3,3
18296,2023-02-25,16:00,17,25,Regulier,0,2
18297,2023-02-25,18:15,322,31,Regulier,3,0
18298,2023-02-25,18:15,4276,12,Regulier,2,2
18299,2023-02-25,20:45,2024,10,Regulier,4,2
18300,2023-02-26,13:30,3,7,Regulier,2,0
18301,2023-02-26,16:00,18,1,Regulier,1,1
18302,2023-02-26,18:30,35,16,Regulier,2,2
18303,2023-02-26,19:15,22,373,Regulier,1,0
18304,2023-03-03,20:45,31,3,Regulier,3,0
18305,2023-03-04,16:00,19,22,Regulier,0,1
18306,2023-03-04,18:15,18,5381,Regulier,4,2
18307,2023-03-04,18:15,12,17,Regulier,3,1
18308,2023-03-04,20:45,16,2024,Regulier,2,0
18309,2023-03-05,13:30,373,322,Regulier,2,2
18310,2023-03-05,16:00,1,25,Regulier,5,0
18311,2023-03-05,18:30,7,35,Regulier,1,0
18312,2023-03-05,19:15,10,4276,Regulier,2,1
18313,2023-03-10,20:45,22,18,Regulier,0,1
18314,2023-03-11,16:00,25,373,Regulier,1,0
18315,2023-03-11,18:15,2024,19,Regulier,3,1
18316,2023-03-11,18:15,4276,31,Regulier,4,4
18317,2023-03-11,20:45,17,1,Regulier,0,2
18318,2023-03-12,13:30,3,16,Regulier,2,0
18319,2023-03-12,16:00,5381,7,Regulier,2,6
18320,2023-03-12,18:30,322,10,Regulier,1,2
18321,2023-03-12,19:15,35,12,Regulier,2,0
18322,2023-03-17,20:45,12,322,Regulier,1,1
18323,2023-03-18,16:00,19,3,Regulier,1,0
18324,2023-03-18,18:15,31,2024,Regulier,1,2
18325,2023-03-18,18:15,373,17,Regulier,2,1
18326,2023-03-18,20:45,16,5381,Regulier,2,2
18327,2023-03-19,13:30,1,22,Regulier,0,1
18328,2023-03-19,16:00,18,35,Regulier,0,2
18329,2023-03-19,18:30,10,25,Regulier,2,1
18330,2023-03-19,19:15,7,4276,Regulier,3,0
18331,2023-03-31,20:45,5381,1,Regulier,0,2
18332,2023-04-01,16:00,12,19,Regulier,2,0
18333,2023-04-01,18:15,17,7,Regulier,0,5
18334,2023-04-01,18:15,2024,22,Regulier,2,3
18335,2023-04-01,20:45,31,16,Regulier,1,3
18336,2023-04-02,13:30,322,18,Regulier,2,1
18337,2023-04-02,16:00,4276,35,Regulier,0,1
18338,2023-04-02,18:30,25,3,Regulier,0,3
18339,2023-04-02,19:15,10,373,Regulier,2,1
18340,2023-04-07,20:45,3,17,Regulier,2,0
18341,2023-04-08,16:00,18,25,Regulier,4,1
18342,2023-04-08,16:00,19,4276,Regulier,0,0
18343,2023-04-08,18:15,22,5381,Regulier,3,2
18344,2023-04-08,20:45,7,10,Regulier,1,1
18345,2023-04-09,13:30,35,2024,Regulier,0,0
18346,2023-04-09,16:00,1,12,Regulier,2,1
18347,2023-04-09,18:30,16,322,Regulier,2,0
18348,2023-04-09,19:15,373,31,Regulier,5,0
18349,2023-04-14,20:45,16,22,Regulier,3,1
18350,2023-04-15,16:00,4276,5381,Regulier,1,5
18351,2023-04-15,18:15,12,373,Regulier,3,1
18352,2023-04-15,18:15,31,18,Regulier,0,4
18353,2023-04-15,20:45,2024,3,Regulier,0,0
18354,2023-04-16,13:30,322,35,Regulier,5,2
18355,2023-04-16,16:00,25,7,Regulier,1,1
18356,2023-04-16,18:30,1,19,Regulier,1,0
18357,2023-04-16,19:15,10,17,Regulier,2,1
18358,2023-04-22,18:30,17,2024,Regulier,1,1
18359,2023-04-23,13:30,373,1,Regulier,0,1
18360,2023-04-23,18:30,35,25,Regulier,2,3
18361,2023-04-23,18:30,22,322,Regulier,2,2
18362,2023-04-23,18:30,19,10,Regulier,2,4
18363,2023-04-23,18:30,3,4276,Regulier,7,0
18364,2023-04-23,18:30,5381,12,Regulier,2,3
18365,2023-04-23,18:30,7,31,Regulier,1,2
18366,2023-04-23,18:30,18,16,Regulier,3,2
18367,2023-04-28,20:45,7,2024,Playoff_2,3,1
18368,2023-04-29,18:15,12,16,Playoff_2,0,0
18369,2023-04-30,18:30,322,3,Playoff_1,3,1
18370,2023-05-03,20:30,10,1,Playoff_1,0,2
18371,2023-05-06,18:15,3,10,Playoff_1,1,2
18372,2023-05-06,20:45,16,7,Playoff_2,1,2
18373,2023-05-07,13:30,2024,12,Playoff_2,3,5
18374,2023-05-07,18:30,1,322,Playoff_1,2,1
18375,2023-05-13,18:15,12,7,Playoff_2,0,4
18376,2023-05-13,20:45,16,2024,Playoff_2,2,2
18377,2023-05-14,13:30,1,3,Playoff_1,3,2
18378,2023-05-14,18:30,10,322,Playoff_1,3,0
18379,2023-05-20,18:15,2024,16,Playoff_2,3,0
18380,2023-05-20,20:45,7,12,Playoff_2,2,2
18381,2023-05-21,13:30,3,1,Playoff_1,2,0
18382,2023-05-21,18:30,322,10,Playoff_1,1,1
18383,2023-05-27,18:15,2024,7,Playoff_2,1,3
18384,2023-05-27,20:45,16,12,Playoff_2,0,4
18385,2023-05-28,13:30,1,10,Playoff_1,1,1
18386,2023-05-28,18:30,3,322,Playoff_1,1,3
18387,2023-06-03,20:30,12,2024,Playoff_2,2,0
18388,2023-06-03,20:30,7,16,Playoff_2,3,1
18389,2023-06-04,18:30,322,1,Playoff_1,2,2
18390,2023-06-04,18:30,10,3,Playoff_1,1,3
18391,2023-07-30,13:30,1,12,Regulier,1,0
18392,2023-07-30,16:00,7,19,Regulier,3,2
18393,2023-07-30,16:00,4276,2024,Regulier,2,2
18394,2023-07-30,18:15,22,18,Regulier,1,1
18395,2023-07-30,18:30,3,25,Regulier,1,1
18396,2023-07-30,19:15,373,16,Regulier,1,0
18397,2023-07-30,20:45,10,35,Regulier,2,0
18398,2023-07-30,20:45,5479,322,Regulier,0,4
18399,2023-08-06,13:30,35,1,Regulier,1,0
18400,2023-08-06,16:00,25,7,Regulier,0,1
18401,2023-08-06,16:00,322,4276,Regulier,0,1
18402,2023-08-06,18:15,12,22,Regulier,2,0
18403,2023-08-06,18:30,2024,3,Regulier,0,1
18404,2023-08-06,19:15,19,373,Regulier,0,1
18405,2023-08-06,20:45,18,5479,Regulier,1,2
18406,2023-08-06,20:45,16,10,Regulier,0,1
18407,2023-08-13,13:30,373,35,Regulier,0,1
18408,2023-08-13,16:00,4276,3,Regulier,0,5
18409,2023-08-13,16:00,5479,25,Regulier,1,0
18410,2023-08-13,16:00,12,322,Regulier,0,1
18411,2023-08-13,18:15,10,18,Regulier,5,1
18412,2023-08-13,18:30,22,16,Regulier,1,1
18413,2023-08-13,19:15,2024,7,Regulier,1,3
18414,2023-08-13,20:45,1,19,Regulier,6,0
18415,2023-08-20,13:30,35,2024,Regulier,2,1
18416,2023-08-20,16:00,16,12,Regulier,0,1
18417,2023-08-20,16:00,7,373,Regulier,2,2
18418,2023-08-20,16:00,322,22,Regulier,0,0
18419,2023-08-20,18:30,3,5479,Regulier,7,1
18420,2023-08-20,19:15,19,4276,Regulier,1,3
18421,2023-08-20,20:45,18,1,Regulier,1,1
18422,2023-08-20,20:45,25,10,Regulier,4,0
18423,2023-08-27,16:00,2024,25,Regulier,2,3
18424,2023-08-27,16:00,373,12,Regulier,0,2
18425,2023-08-27,18:15,4276,18,Regulier,3,1
18426,2023-08-27,18:30,35,22,Regulier,2,1
18427,2023-08-27,18:30,5479,10,Regulier,2,3
18428,2023-08-27,20:45,3,322,Regulier,1,1
18429,2023-08-27,20:45,19,16,Regulier,1,1
18430,2023-08-27,20:45,1,7,Regulier,0,0
18431,2023-09-03,13:30,7,3,Regulier,2,1
18432,2023-09-03,16:00,12,2024,Regulier,2,1
18433,2023-09-03,16:00,10,1,Regulier,2,2
18434,2023-09-03,18:15,25,4276,Regulier,1,0
18435,2023-09-03,18:30,322,35,Regulier,1,1
18436,2023-09-03,19:15,22,373,Regulier,1,1
18437,2023-09-03,20:45,18,19,Regulier,3,0
18438,2023-09-03,20:45,16,5479,Regulier,1,1
18439,2023-09-17,13:30,4276,16,Regulier,1,3
18440,2023-09-17,16:00,5479,12,Regulier,2,1
18441,2023-09-17,16:00,19,35,Regulier,2,2
18442,2023-09-17,18:15,10,322,Regulier,0,2
18443,2023-09-17,18:30,18,7,Regulier,1,1
18444,2023-09-17,19:15,373,25,Regulier,2,0
18445,2023-09-17,20:45,2024,1,Regulier,0,3
18446,2023-09-17,20:45,3,22,Regulier,4,2
18447,2023-09-24,13:30,322,373,Regulier,3,3
18448,2023-09-24,16:00,12,10,Regulier,0,2
18449,2023-09-24,16:00,22,19,Regulier,1,0
18450,2023-09-24,18:15,25,18,Regulier,1,2
18451,2023-09-24,18:30,35,3,Regulier,1,1
18452,2023-09-24,19:15,7,4276,Regulier,2,1
18453,2023-09-24,20:45,16,2024,Regulier,0,0
18454,2023-09-24,20:45,1,5479,Regulier,0,0
18455,2023-10-01,13:30,10,22,Regulier,3,1
18456,2023-10-01,16:00,4276,35,Regulier,1,3
18457,2023-10-01,16:00,322,2024,Regulier,3,3
18458,2023-10-01,18:15,18,16,Regulier,1,2
18459,2023-10-01,18:30,3,373,Regulier,1,1
18460,2023-10-01,19:15,5479,7,Regulier,1,1
18461,2023-10-01,20:45,19,12,Regulier,2,1
18462,2023-10-01,20:45,25,1,Regulier,0,0
18463,2023-10-06,20:45,22,5479,Regulier,2,1
18464,2023-10-07,16:00,12,18,Regulier,3,2
18465,2023-10-07,18:15,2024,19,Regulier,1,0
18466,2023-10-07,20:45,35,25,Regulier,3,1
18467,2023-10-08,13:30,16,3,Regulier,2,1
18468,2023-10-08,16:00,1,4276,Regulier,4,1
18469,2023-10-08,18:30,7,322,Regulier,1,1
18470,2023-10-08,19:15,373,10,Regulier,0,4
18471,2023-10-20,20:45,10,4276,Regulier,4,1
18472,2023-10-21,16:00,19,3,Regulier,1,0
18473,2023-10-21,18:15,5479,2024,Regulier,1,1
18474,2023-10-21,20:45,22,1,Regulier,3,2
18475,2023-10-22,13:30,322,25,Regulier,4,0
18476,2023-10-22,16:00,12,7,Regulier,2,0
18477,2023-10-22,18:30,16,35,Regulier,3,2
18478,2023-10-22,19:15,18,373,Regulier,4,0
18479,2023-10-27,20:45,373,5479,Regulier,2,1
18480,2023-10-28,16:00,25,12,Regulier,0,2
18481,2023-10-28,18:15,4276,22,Regulier,2,0
18482,2023-10-28,20:45,35,18,Regulier,5,1
18483,2023-10-29,13:30,3,1,Regulier,2,1
18484,2023-10-29,16:00,2024,10,Regulier,1,3
18485,2023-10-29,18:30,7,16,Regulier,3,1
18486,2023-10-29,19:15,19,322,Regulier,0,3
18487,2023-11-03,20:45,373,4276,Regulier,1,1
18488,2023-11-04,16:00,5479,19,Regulier,1,1
18489,2023-11-04,18:15,18,2024,Regulier,0,2
18490,2023-11-04,20:45,1,322,Regulier,3,2
18491,2023-11-05,13:30,12,35,Regulier,0,3
18492,2023-11-05,16:00,16,25,Regulier,1,1
18493,2023-11-05,18:30,10,3,Regulier,2,1
18494,2023-11-05,19:15,22,7,Regulier,1,3
18495,2023-11-10,20:45,2024,373,Regulier,3,3
18496,2023-11-11,16:00,1,16,Regulier,6,0
18497,2023-11-11,18:15,4276,5479,Regulier,1,3
18498,2023-11-11,20:45,25,22,Regulier,1,0
18499,2023-11-12,13:30,3,12,Regulier,0,0
18500,2023-11-12,16:00,322,18,Regulier,3,1
18501,2023-11-12,18:30,7,35,Regulier,1,1
18502,2023-11-12,19:15,10,19,Regulier,3,0
18503,2023-11-24,20:45,373,1,Regulier,1,1
18504,2023-11-25,16:00,12,4276,Regulier,2,0
18505,2023-11-25,18:15,22,2024,Regulier,3,2
18506,2023-11-25,20:45,16,322,Regulier,1,0
18507,2023-11-26,13:30,7,10,Regulier,1,1
18508,2023-11-26,16:00,18,3,Regulier,0,1
18509,2023-11-26,18:30,35,5479,Regulier,2,1
18510,2023-11-26,19:15,19,25,Regulier,0,3
18511,2023-12-01,20:45,2024,35,Regulier,1,3
18512,2023-12-02,16:00,5479,22,Regulier,0,0
18513,2023-12-02,18:15,4276,19,Regulier,1,1
18514,2023-12-02,20:45,1,18,Regulier,1,0
18515,2023-12-03,13:30,322,7,Regulier,2,2
18516,2023-12-03,16:00,25,373,Regulier,0,2
18517,2023-12-03,18:30,3,16,Regulier,2,0
18518,2023-12-03,19:15,10,12,Regulier,2,1
18519,2023-12-08,20:45,19,2024,Regulier,1,2
18520,2023-12-09,16:00,12,1,Regulier,1,3
18521,2023-12-09,18:15,373,18,Regulier,1,1
18522,2023-12-09,20:45,7,5479,Regulier,4,0
18523,2023-12-10,13:30,25,3,Regulier,0,0
18524,2023-12-10,16:00,4276,322,Regulier,1,3
18525,2023-12-10,18:30,35,16,Regulier,2,2
18526,2023-12-10,19:15,22,10,Regulier,1,3
18527,2023-12-15,20:45,2024,4276,Regulier,2,0
18528,2023-12-16,16:00,18,12,Regulier,1,2
18529,2023-12-16,18:15,5479,373,Regulier,3,0
18530,2023-12-16,20:45,16,22,Regulier,0,0
18531,2023-12-17,13:30,3,7,Regulier,2,0
18532,2023-12-17,16:00,10,25,Regulier,1,0
18533,2023-12-17,18:30,1,35,Regulier,1,1
18534,2023-12-17,19:15,322,19,Regulier,4,0
18535,2023-12-20,18:30,12,19,Regulier,3,0
18536,2023-12-20,20:45,25,16,Regulier,3,0
18537,2023-12-21,20:45,7,18,Regulier,4,0
18538,2023-12-22,20:45,5479,3,Regulier,1,6
18539,2023-12-23,16:00,4276,10,Regulier,1,2
18540,2023-12-23,18:15,1,2024,Regulier,2,2
18541,2023-12-23,18:15,373,22,Regulier,1,0
18542,2023-12-23,20:45,35,322,Regulier,2,1
18543,2023-12-26,13:30,322,1,Regulier,3,0
18544,2023-12-26,16:00,19,7,Regulier,0,2
18545,2023-12-26,16:00,18,4276,Regulier,3,0
18546,2023-12-26,18:30,2024,5479,Regulier,3,0
18547,2023-12-26,20:45,3,10,Regulier,1,1
18548,2023-12-27,18:30,16,373,Regulier,1,1
18549,2023-12-27,20:45,22,25,Regulier,3,1
18550,2023-12-27,20:45,35,12,Regulier,2,0
18551,2024-01-19,20:45,7,25,Regulier,1,2
18552,2024-01-20,16:00,322,12,Regulier,1,1
18553,2024-01-20,18:15,16,19,Regulier,0,1
18554,2024-01-20,20:45,3,2024,Regulier,3,0
18555,2024-01-21,13:30,1,22,Regulier,4,1
18556,2024-01-21,16:00,10,373,Regulier,2,1
18557,2024-01-21,18:30,18,35,Regulier,1,1
18558,2024-01-21,19:15,5479,4276,Regulier,0,1
18559,2024-01-26,20:45,12,16,Regulier,1,1
18560,2024-01-27,16:00,19,18,Regulier,0,0
18561,2024-01-27,20:45,22,3,Regulier,1,4
18562,2024-01-27,20:45,7,2024,Regulier,2,2
18563,2024-01-28,13:30,373,322,Regulier,1,1
18564,2024-01-28,16:00,4276,1,Regulier,1,0
18565,2024-01-28,18:30,35,10,Regulier,2,2
18566,2024-01-28,19:15,25,5479,Regulier,3,1
18567,2024-01-30,20:30,2024,12,Regulier,4,2
18568,2024-01-30,20:30,3,19,Regulier,3,3
18569,2024-01-31,18:45,22,4276,Regulier,1,0
18570,2024-01-31,18:45,18,322,Regulier,2,1
18571,2024-01-31,21:00,10,5479,Regulier,3,2
18572,2024-01-31,21:00,16,1,Regulier,0,1
18573,2024-02-01,20:30,373,7,Regulier,4,1
18574,2024-02-01,20:30,25,35,Regulier,2,2
18575,2024-02-03,16:00,5479,16,Regulier,2,2
18576,2024-02-03,18:15,19,22,Regulier,1,0
18577,2024-02-03,18:15,2024,18,Regulier,0,3
18578,2024-02-03,20:45,322,10,Regulier,0,1
18579,2024-02-04,13:30,1,3,Regulier,2,1
18580,2024-02-04,16:00,4276,25,Regulier,0,1
18581,2024-02-04,18:30,35,7,Regulier,1,0
18582,2024-02-04,19:15,12,373,Regulier,4,1
18583,2024-02-09,20:45,373,19,Regulier,1,0
18584,2024-02-10,16:00,16,18,Regulier,1,0
18585,2024-02-10,18:15,10,2024,Regulier,2,2
18586,2024-02-10,20:45,3,4276,Regulier,4,0
18587,2024-02-11,13:30,5479,1,Regulier,0,4
18588,2024-02-11,16:00,25,322,Regulier,1,1
18589,2024-02-11,18:30,22,35,Regulier,1,3
18590,2024-02-11,19:15,7,12,Regulier,1,2
18591,2024-02-16,20:45,2024,16,Regulier,2,1
18592,2024-02-17,16:00,322,5479,Regulier,3,1
18593,2024-02-17,18:15,18,22,Regulier,0,0
18594,2024-02-17,20:45,1,25,Regulier,0,1
18595,2024-02-18,13:30,12,3,Regulier,1,1
18596,2024-02-18,16:00,19,10,Regulier,1,3
18597,2024-02-18,18:30,35,373,Regulier,4,1
18598,2024-02-18,19:15,4276,7,Regulier,0,2
18599,2024-02-23,20:45,22,322,Regulier,0,1
18600,2024-02-24,16:00,5479,18,Regulier,1,1
18601,2024-02-24,18:15,373,2024,Regulier,1,0
18602,2024-02-24,20:45,25,19,Regulier,3,0
18603,2024-02-25,13:30,3,35,Regulier,1,2
18604,2024-02-25,16:00,7,1,Regulier,2,2
18605,2024-02-25,18:30,10,16,Regulier,2,1
18606,2024-02-25,19:15,4276,12,Regulier,0,2
18607,2024-03-01,20:45,2024,22,Regulier,0,1
18608,2024-03-02,16:00,12,25,Regulier,2,3
18609,2024-03-02,18:15,18,10,Regulier,0,2
18610,2024-03-02,20:45,16,7,Regulier,4,2
18611,2024-03-03,13:30,322,3,Regulier,0,3
18612,2024-03-03,16:00,1,373,Regulier,3,0
18613,2024-03-03,18:30,35,4276,Regulier,1,0
18614,2024-03-03,19:15,19,5479,Regulier,3,2
18615,2024-03-08,20:45,25,2024,Regulier,3,1
18616,2024-03-09,16:00,19,1,Regulier,0,1
18617,2024-03-09,18:15,22,12,Regulier,0,0
18618,2024-03-09,20:45,5479,35,Regulier,0,3
18619,2024-03-10,13:30,322,16,Regulier,1,0
18620,2024-03-10,16:00,3,18,Regulier,3,1
18621,2024-03-10,18:30,10,7,Regulier,1,1
18622,2024-03-10,19:15,4276,373,Regulier,1,0
18623,2024-03-16,18:15,16,4276,Regulier,4,0
18624,2024-03-16,20:45,35,19,Regulier,0,1
18625,2024-03-17,13:30,373,3,Regulier,2,1
18626,2024-03-17,16:00,1,10,Regulier,1,1
18627,2024-03-17,18:30,18,25,Regulier,1,0
18628,2024-03-17,18:30,12,5479,Regulier,4,0
18629,2024-03-17,18:30,7,22,Regulier,5,0
18630,2024-03-17,18:30,2024,322,Regulier,1,1
